1785278515.2345555,1785278515.2428904,False,True,False,False
1785278515.2846136,1785278515.258846,False,True,False,False
1785278515.2846136,1785278515.258846,False,True,False,False
1785278515.2846136,1785278515.258846,False,True,False,False
1785278515.2846136,1785278515.258846,False,True,False,False
1785278515.2846136,1785278515.258846,False,True,False,False
1785278515.2846136,1785278515.258846,False,True,False,False
1785278515.3134487,1785278515.321127,False,True,False,False
1785278515.3446057,1785278515.3221805,False,True,False,False
1785278515.3446057,1785278515.3221805,False,True,False,False
1785278515.3740406,1785278515.348066,False,True,False,False
1785278515.3740406,1785278515.348066,False,True,False,False
1785278515.3740406,1785278515.348066,False,True,False,False
1785278515.4045887,1785278515.381074,False,True,False,False
1785278515.4045887,1785278515.381074,False,True,False,False
1785278515.4045887,1785278515.381074,False,True,False,False
1785278515.4045887,1785278515.381074,False,True,False,False
1785278515.4045887,1785278515.381074,False,True,False,False
1785278515.4045887,1785278515.381074,False,True,False,False
1785278515.4045887,1785278515.381074,False,True,False,False
1785278515.4343596,1785278515.4495313,False,True,False,False
1785278515.4644551,1785278515.4519675,False,True,False,False
1785278515.4644551,1785278515.4519675,False,True,False,False
1785278515.4644551,1785278515.4519675,False,True,False,False
1785278515.4644551,1785278515.4519675,False,True,False,False
1785278515.4644551,1785278515.4519675,False,True,False,False
1785278515.4644551,1785278515.4519675,False,True,False,False
1785278515.4644551,1785278515.4519675,False,True,False,False
1785278515.4644551,1785278515.4519675,False,True,False,False
1785278515.4644551,1785278515.4519675,False,True,False,False
1785278515.4943833,1785278515.5509603,False,True,False,False
1785278515.5642343,1785278515.5522885,True,True,False,False
1785278515.5937178,1785278515.5694048,True,True,False,False
1785278515.5937178,1785278515.5694048,True,True,False,False
1785278515.5937178,1785278515.5694048,True,True,False,False
1785278515.5937178,1785278515.5694048,True,True,False,False
1785278515.5937178,1785278515.5694048,True,True,False,False
1785278515.5937178,1785278515.5694048,True,True,False,False
1785278515.5937178,1785278515.5694048,True,True,False,False
1785278515.5937178,1785278515.5694048,True,True,False,False
1785278515.6241598,1785278515.6509743,True,True,False,False
1785278515.6546085,1785278515.6512191,True,True,False,False
1785278515.6546085,1785278515.6512191,True,True,False,False
1785278515.6546085,1785278515.6512191,True,True,False,False
1785278515.6546085,1785278515.6512191,True,True,False,False
1785278515.6546085,1785278515.6512191,True,True,False,False
1785278515.6546085,1785278515.6512191,True,True,False,False
1785278515.6546085,1785278515.6512191,True,True,False,False
1785278515.6546085,1785278515.6512191,True,True,False,False
1785278515.6546085,1785278515.6512191,True,True,False,False
1785278515.6546085,1785278515.6512191,True,True,False,False
1785278515.7044122,1785278515.7574685,True,True,False,False
1785278515.7939842,1785278515.7680364,True,True,False,False
1785278515.7939842,1785278515.7680364,True,True,False,False
1785278515.7939842,1785278515.7680364,True,True,False,False
1785278515.7939842,1785278515.7680364,True,True,False,False
1785278515.7939842,1785278515.7680364,True,True,False,False
1785278515.7939842,1785278515.7680364,True,True,False,False
1785278515.8438308,1785278515.830955,True,True,False,False
1785278515.8438308,1785278515.830955,False,False,False,False
1785278515.8735924,1785278515.8506117,False,False,False,False
1785278515.8735924,1785278515.8506117,False,False,False,False
1785278515.8735924,1785278515.8506117,False,False,False,False
1785278515.8735924,1785278515.8506117,False,False,False,False
1785278515.8735924,1785278515.8506117,False,False,False,False
1785278515.8735924,1785278515.8506117,False,False,False,False
1785278515.8735924,1785278515.8506117,False,False,False,False
1785278515.8735924,1785278515.8506117,False,False,False,False
1785278515.8735924,1785278515.8506117,False,False,False,False
1785278515.8735924,1785278515.8506117,False,False,False,False
1785278515.8735924,1785278515.8506117,False,False,False,False
1785278515.9035914,1785278515.9609668,False,False,False,False
1785278515.9850216,1785278515.9627738,False,False,False,False
1785278515.9850216,1785278515.9627738,False,False,False,False
1785278516.0139842,1785278515.9889715,False,False,False,False
1785278516.0139842,1785278515.9889715,False,False,False,False
1785278516.0139842,1785278515.9889715,False,False,False,False
1785278516.044033,1785278516.0191538,False,False,False,False
1785278516.044033,1785278516.0191538,False,False,False,False
1785278516.044033,1785278516.0191538,False,False,False,False
1785278516.044033,1785278516.0191538,False,False,False,False
1785278516.074486,1785278516.060949,False,False,False,False
1785278516.074486,1785278516.060949,False,False,False,False
1785278516.1046898,1785278516.0809498,False,False,False,False
1785278516.1046898,1785278516.0809498,False,False,False,False
1785278516.1046898,1785278516.0809498,False,False,False,False
1785278516.1046898,1785278516.0809498,False,False,False,False
1785278516.1046898,1785278516.0809498,False,False,False,False
1785278516.1046898,1785278516.0809498,False,False,False,False
1785278516.1046898,1785278516.0809498,False,False,False,False
1785278516.1046898,1785278516.0809498,False,False,False,False
1785278516.1046898,1785278516.0809498,False,False,False,False
1785278516.1745617,1785278516.1623292,False,False,False,False
1785278516.2046769,1785278516.1784074,False,False,False,False
1785278516.2046769,1785278516.1784074,False,False,False,False
1785278516.2046769,1785278516.1784074,False,False,False,False
1785278516.2046769,1785278516.1784074,False,False,False,False
1785278516.2046769,1785278516.1784074,False,False,False,False
1785278516.2046769,1785278516.1784074,False,False,False,False
1785278516.2046769,1785278516.1784074,False,False,False,False
1785278516.2046769,1785278516.1784074,False,False,False,False
1785278516.2046769,1785278516.1784074,False,False,False,False
1785278516.234674,1785278516.2694752,False,False,False,False
1785278516.2838163,1785278516.2717996,False,False,False,False
1785278516.2838163,1785278516.2717996,False,False,False,False
1785278516.2838163,1785278516.2717996,False,False,False,False
1785278516.2838163,1785278516.2717996,False,False,False,False
1785278516.2838163,1785278516.2717996,False,False,False,False
1785278516.2838163,1785278516.2717996,False,False,False,False
1785278516.315524,1785278516.3409846,False,False,False,False
1785278516.374148,1785278516.3483834,False,False,False,False
1785278516.374148,1785278516.3483834,False,False,False,False
1785278516.374148,1785278516.3483834,False,False,False,False
1785278516.374148,1785278516.3483834,False,False,False,False
1785278516.374148,1785278516.3483834,False,False,False,False
1785278516.374148,1785278516.3483834,False,False,False,False
1785278516.374148,1785278516.3483834,False,False,False,False
1785278516.374148,1785278516.3483834,False,False,False,False
1785278516.374148,1785278516.3483834,False,False,False,False
1785278516.374148,1785278516.3483834,False,False,False,False
1785278516.374148,1785278516.3483834,False,False,False,False
1785278516.374148,1785278516.3483834,False,False,False,False
1785278516.4246395,1785278516.4709926,False,False,False,False
1785278516.4836614,1785278516.4729345,False,False,False,False
1785278516.5140624,1785278516.4909544,False,False,False,False
1785278516.5140624,1785278516.4909544,False,False,False,False
1785278516.5140624,1785278516.4909544,False,False,False,False
1785278516.5140624,1785278516.4909544,False,False,False,False
1785278516.5140624,1785278516.4909544,False,False,False,False
1785278516.5140624,1785278516.4909544,False,False,False,False
1785278516.5140624,1785278516.4909544,False,False,False,False
1785278516.5140624,1785278516.4909544,False,False,False,False
1785278516.5140624,1785278516.4909544,False,False,False,False
1785278516.604346,1785278516.5808723,True,False,False,False
1785278516.604346,1785278516.5808723,True,False,False,False
1785278516.604346,1785278516.5808723,True,False,False,False
1785278516.604346,1785278516.5808723,True,False,False,False
1785278516.604346,1785278516.5808723,True,False,False,False
1785278516.604346,1785278516.5808723,True,False,False,False
1785278516.604346,1785278516.5808723,True,False,False,False
1785278516.604346,1785278516.5808723,True,False,False,False
1785278516.604346,1785278516.5808723,True,False,False,False
1785278516.604346,1785278516.5808723,True,False,False,False
1785278516.6344075,1785278516.6791005,False,False,False,False
1785278516.704575,1785278516.6823862,True,False,False,False
1785278516.704575,1785278516.6823862,True,False,False,False
1785278516.704575,1785278516.6823862,True,False,False,False
1785278516.704575,1785278516.6823862,True,False,False,False
1785278516.704575,1785278516.6823862,True,False,False,False
1785278516.704575,1785278516.6823862,True,False,False,False
1785278516.704575,1785278516.6823862,True,False,False,False
1785278516.704575,1785278516.6823862,True,False,False,False
1785278516.704575,1785278516.6823862,True,False,False,False
1785278516.7344081,1785278516.7809658,True,False,False,False
1785278516.793918,1785278516.7824266,True,False,False,False
1785278516.8245957,1785278516.79972,True,False,False,False
1785278516.8245957,1785278516.79972,True,False,False,False
1785278516.8245957,1785278516.79972,True,False,False,False
1785278516.8245957,1785278516.79972,True,False,False,False
1785278516.8245957,1785278516.79972,True,False,False,False
1785278516.8245957,1785278516.79972,True,False,False,False
1785278516.8546755,1785278516.851681,False,False,False,False
1785278516.8938735,1785278516.8700664,False,False,False,False
1785278516.8938735,1785278516.8700664,False,False,False,False
1785278516.8938735,1785278516.8700664,False,False,False,False
1785278516.8938735,1785278516.8700664,False,False,False,False
1785278516.8938735,1785278516.8700664,False,False,False,False
1785278516.8938735,1785278516.8700664,False,False,False,False
1785278516.8938735,1785278516.8700664,False,False,False,False
1785278516.8938735,1785278516.8700664,False,False,False,False
1785278516.8938735,1785278516.8700664,False,False,False,False
1785278516.8938735,1785278516.8700664,False,False,False,False
1785278516.8938735,1785278516.8700664,False,False,False,False
1785278516.8938735,1785278516.8700664,False,False,False,False
1785278516.924396,1785278516.989076,False,False,False,False
1785278517.0142837,1785278516.9929056,False,False,False,False
1785278517.0142837,1785278516.9929056,False,False,False,False
1785278517.0142837,1785278516.9929056,False,False,False,False
1785278517.0142837,1785278516.9929056,False,False,False,False
1785278517.0643818,1785278517.0406258,False,False,False,False
1785278517.0643818,1785278517.0406258,False,False,False,False
1785278517.0643818,1785278517.0406258,False,False,False,False
1785278517.094916,1785278517.0691829,False,False,False,False
1785278517.094916,1785278517.0691829,False,False,False,False
1785278517.094916,1785278517.0691829,False,False,False,False
1785278517.1241176,1785278517.098917,False,False,False,False
1785278517.1241176,1785278517.098917,False,False,False,False
1785278517.1241176,1785278517.098917,False,False,False,False
1785278517.1241176,1785278517.098917,False,False,False,False
1785278517.1241176,1785278517.098917,False,False,False,False
1785278517.173755,1785278517.1497436,False,True,False,False
1785278517.173755,1785278517.1497436,False,True,False,False
1785278517.173755,1785278517.1497436,False,True,False,False
1785278517.20458,1785278517.1785953,False,True,False,False
1785278517.20458,1785278517.1785953,False,True,False,False
1785278517.20458,1785278517.1785953,False,True,False,False
1785278517.2338688,1785278517.2102103,False,True,False,False
1785278517.2338688,1785278517.2102103,False,True,False,False
1785278517.2338688,1785278517.2102103,False,True,False,False
1785278517.263981,1785278517.239223,False,True,False,False
1785278517.263981,1785278517.239223,False,True,False,False
1785278517.263981,1785278517.239223,False,True,False,False
1785278517.293473,1785278517.2711213,False,True,False,False
1785278517.293473,1785278517.2711213,False,True,False,False
1785278517.293473,1785278517.2711213,False,True,False,False
1785278517.3243587,1785278517.301019,False,True,False,False
1785278517.3243587,1785278517.301019,False,True,False,False
1785278517.3243587,1785278517.301019,False,True,False,False
1785278517.3543947,1785278517.330274,False,True,False,False
1785278517.3543947,1785278517.330274,False,True,False,False
1785278517.3543947,1785278517.330274,False,True,False,False
1785278517.3543947,1785278517.330274,False,True,False,False
1785278517.3935559,1785278517.3703585,False,True,False,False
1785278517.3935559,1785278517.3703585,False,True,False,False
1785278517.3935559,1785278517.3703585,False,True,False,False
1785278517.4246907,1785278517.3988047,False,True,False,False
1785278517.4246907,1785278517.3988047,False,True,False,False
1785278517.4246907,1785278517.3988047,False,True,False,False
1785278517.4536662,1785278517.429363,False,True,False,False
1785278517.4536662,1785278517.429363,False,True,False,False
1785278517.4536662,1785278517.429363,False,True,False,False
1785278517.4536662,1785278517.429363,False,True,False,False
1785278517.4536662,1785278517.429363,False,True,False,False
1785278517.5037208,1785278517.4809668,False,True,False,False
1785278517.5037208,1785278517.4809668,False,True,False,False
1785278517.5037208,1785278517.4809668,False,True,False,False
1785278517.5341582,1785278517.5087426,False,False,False,False
1785278517.5341582,1785278517.5087426,False,False,False,False
1785278517.5341582,1785278517.5087426,False,False,False,False
1785278517.5635786,1785278517.540487,False,False,False,False
1785278517.5635786,1785278517.540487,False,False,False,False
1785278517.5635786,1785278517.540487,False,False,False,False
1785278517.5936375,1785278517.5692883,False,False,False,False
1785278517.5936375,1785278517.5692883,False,False,False,False
1785278517.5936375,1785278517.5692883,False,False,False,False
1785278517.6246233,1785278517.6005406,False,False,False,False
1785278517.6246233,1785278517.6005406,False,False,False,False
1785278517.6246233,1785278517.6005406,False,False,False,False
1785278517.6246233,1785278517.6005406,False,False,False,False
1785278517.6246233,1785278517.6005406,False,False,False,False
1785278517.6741562,1785278517.6493986,False,False,False,False
1785278517.6741562,1785278517.6493986,False,False,False,False
1785278517.6741562,1785278517.6493986,False,False,False,False
1785278517.7036119,1785278517.679129,True,False,False,False
1785278517.7036119,1785278517.679129,True,False,False,False
1785278517.7036119,1785278517.679129,True,False,False,False
1785278517.7345886,1785278517.709911,True,False,False,False
1785278517.7345886,1785278517.709911,True,False,False,False
1785278517.7345886,1785278517.709911,True,False,False,False
1785278517.7648203,1785278517.739668,True,False,False,False
1785278517.7648203,1785278517.739668,True,False,False,False
1785278517.7648203,1785278517.739668,True,False,False,False
1785278517.7648203,1785278517.739668,True,False,False,False
1785278517.7648203,1785278517.739668,True,False,False,False
1785278517.8136144,1785278517.7906067,True,True,False,False
1785278517.8136144,1785278517.7906067,True,True,False,False
1785278517.8136144,1785278517.7906067,True,True,False,False
1785278517.8445358,1785278517.8192754,True,False,False,False
1785278517.8445358,1785278517.8192754,True,False,False,False
1785278517.8445358,1785278517.8192754,True,False,False,False
1785278517.8738675,1785278517.8490002,True,False,False,False
1785278517.8738675,1785278517.8490002,True,False,False,False
1785278517.8738675,1785278517.8490002,True,False,False,False
1785278517.8738675,1785278517.8490002,True,False,False,False
1785278517.9147596,1785278517.889589,True,False,False,False
1785278517.9147596,1785278517.889589,True,False,False,False
1785278517.9147596,1785278517.889589,True,False,False,False
1785278517.9147596,1785278517.889589,True,False,False,False
1785278517.9540105,1785278517.9299357,True,False,False,False
1785278517.9540105,1785278517.9299357,True,False,False,False
1785278517.9540105,1785278517.9299357,True,False,False,False
1785278517.9835947,1785278517.9580634,True,False,False,False
1785278517.9835947,1785278517.9580634,True,False,False,False
1785278517.9835947,1785278517.9580634,True,False,False,False
1785278517.9835947,1785278517.9580634,True,False,False,False
1785278517.9835947,1785278517.9580634,True,False,False,False
1785278518.0338922,1785278518.010179,True,False,False,False
1785278518.0338922,1785278518.010179,True,False,False,False
1785278518.0338922,1785278518.010179,True,False,False,False
1785278518.0651927,1785278518.0406363,True,False,False,False
1785278518.0651927,1785278518.0406363,True,False,False,False
1785278518.0651927,1785278518.0406363,True,False,False,False
1785278518.0942447,1785278518.0703518,True,False,False,False
1785278518.0942447,1785278518.0703518,True,False,False,False
1785278518.0942447,1785278518.0703518,True,False,False,False
1785278518.1238382,1785278518.0986662,False,False,False,False
1785278518.1238382,1785278518.0986662,False,False,False,False
1785278518.1238382,1785278518.0986662,False,False,False,False
1785278518.1535842,1785278518.1309829,False,False,False,False
1785278518.1535842,1785278518.1309829,False,False,False,False
1785278518.1535842,1785278518.1309829,False,False,False,False
1785278518.1535842,1785278518.1309829,False,False,False,False
1785278518.1535842,1785278518.1309829,False,False,False,False
1785278518.203984,1785278518.180957,False,False,False,False
1785278518.203984,1785278518.180957,False,False,False,False
1785278518.203984,1785278518.180957,False,False,False,False
1785278518.234421,1785278518.2088156,False,True,False,False
1785278518.234421,1785278518.2088156,False,True,False,False
1785278518.234421,1785278518.2088156,False,True,False,False
1785278518.2636724,1785278518.2397943,False,True,False,False
1785278518.2636724,1785278518.2397943,False,True,False,False
1785278518.2636724,1785278518.2397943,False,True,False,False
1785278518.2947056,1785278518.2686498,False,True,False,False
1785278518.2947056,1785278518.2686498,False,True,False,False
1785278518.2947056,1785278518.2686498,False,True,False,False
1785278518.3244395,1785278518.3005698,False,True,False,False
1785278518.3244395,1785278518.3005698,False,True,False,False
1785278518.3244395,1785278518.3005698,False,True,False,False
1785278518.3544242,1785278518.3300784,False,True,False,False
1785278518.3544242,1785278518.3300784,False,True,False,False
1785278518.3544242,1785278518.3300784,False,True,False,False
1785278518.384337,1785278518.3609517,False,True,False,False
1785278518.384337,1785278518.3609517,False,True,False,False
1785278518.384337,1785278518.3609517,False,True,False,False
1785278518.384337,1785278518.3609517,False,True,False,False
1785278518.4245737,1785278518.3994336,False,True,False,False
1785278518.4245737,1785278518.3994336,False,True,False,False
1785278518.4245737,1785278518.3994336,False,True,False,False
1785278518.4540308,1785278518.4295316,False,True,False,False
1785278518.4540308,1785278518.4295316,False,True,False,False
1785278518.4540308,1785278518.4295316,False,True,False,False
1785278518.4844546,1785278518.45829,False,True,False,False
1785278518.4844546,1785278518.45829,False,True,False,False
1785278518.4844546,1785278518.45829,False,True,False,False
1785278518.514038,1785278518.490054,False,True,False,False
1785278518.514038,1785278518.490054,False,True,False,False
1785278518.514038,1785278518.490054,False,True,False,False
1785278518.5443814,1785278518.5188375,False,True,False,False
1785278518.5443814,1785278518.5188375,False,True,False,False
1785278518.5443814,1785278518.5188375,False,True,False,False
1785278518.5742064,1785278518.5505612,False,True,False,False
1785278518.5742064,1785278518.5505612,False,True,False,False
1785278518.5742064,1785278518.5505612,False,True,False,False
1785278518.6043134,1785278518.5792391,False,True,False,False
1785278518.6043134,1785278518.5792391,False,True,False,False
1785278518.6043134,1785278518.5792391,False,True,False,False
1785278518.6043134,1785278518.5792391,False,True,False,False
1785278518.6438448,1785278518.6207314,False,True,False,False
1785278518.6438448,1785278518.6207314,False,True,False,False
1785278518.6438448,1785278518.6207314,False,True,False,False
1785278518.6735995,1785278518.650973,False,True,False,False
1785278518.6735995,1785278518.650973,False,False,False,False
1785278518.6735995,1785278518.650973,False,False,False,False
1785278518.7040029,1785278518.6809592,False,False,False,False
1785278518.7040029,1785278518.6809592,False,False,False,False
1785278518.7040029,1785278518.6809592,False,False,False,False
1785278518.7334278,1785278518.7081914,False,False,False,False
1785278518.7334278,1785278518.7081914,False,False,False,False
1785278518.7334278,1785278518.7081914,False,False,False,False
1785278518.764383,1785278518.7400668,False,False,False,False
1785278518.764383,1785278518.7400668,False,False,False,False
1785278518.764383,1785278518.7400668,False,False,False,False
1785278518.793876,1785278518.7688105,True,False,False,False
1785278518.793876,1785278518.7688105,True,False,False,False
1785278518.793876,1785278518.7688105,True,False,False,False
1785278518.823749,1785278518.8009615,True,False,False,False
1785278518.823749,1785278518.8009615,True,False,False,False
1785278518.823749,1785278518.8009615,True,False,False,False
1785278518.854486,1785278518.829299,True,False,False,False
1785278518.854486,1785278518.829299,True,False,False,False
1785278518.854486,1785278518.829299,True,False,False,False
1785278518.854486,1785278518.829299,True,False,False,False
1785278518.854486,1785278518.829299,True,False,False,False
1785278518.904463,1785278518.8806756,True,True,False,False
1785278518.904463,1785278518.8806756,True,True,False,False
1785278518.904463,1785278518.8806756,True,True,False,False
1785278518.9354293,1785278518.909299,True,False,False,False
1785278518.9354293,1785278518.909299,True,False,False,False
1785278518.9354293,1785278518.909299,True,False,False,False
1785278518.9635482,1785278518.939211,True,False,False,False
1785278518.9635482,1785278518.939211,True,False,False,False
1785278518.9635482,1785278518.939211,True,False,False,False
1785278518.9938662,1785278518.97018,True,False,False,False
1785278518.9938662,1785278518.97018,True,False,False,False
1785278518.9938662,1785278518.97018,True,False,False,False
1785278518.9938662,1785278518.97018,True,False,False,False
1785278518.9938662,1785278518.97018,True,False,False,False
1785278519.0437279,1785278519.0194435,True,False,False,False
1785278519.0437279,1785278519.0194435,True,False,False,False
1785278519.0437279,1785278519.0194435,True,False,False,False
1785278519.073779,1785278519.0509603,True,False,False,False
1785278519.073779,1785278519.0509603,True,False,False,False
1785278519.073779,1785278519.0509603,True,False,False,False
1785278519.1038725,1785278519.0795753,True,False,False,False
1785278519.1038725,1785278519.0795753,True,False,False,False
1785278519.1038725,1785278519.0795753,True,False,False,False
1785278519.1038725,1785278519.0795753,True,False,False,False
1785278519.1038725,1785278519.0795753,True,False,False,False
1785278519.1535988,1785278519.130632,True,False,False,False
1785278519.1535988,1785278519.130632,True,False,False,False
1785278519.1535988,1785278519.130632,True,False,False,False
1785278519.1844318,1785278519.159441,True,False,False,False
1785278519.1844318,1785278519.159441,True,False,False,False
1785278519.1844318,1785278519.159441,True,False,False,False
1785278519.2139812,1785278519.1897035,True,False,False,False
1785278519.2139812,1785278519.1897035,True,False,False,False
1785278519.2139812,1785278519.1897035,True,False,False,False
1785278519.2437148,1785278519.2202294,False,False,False,False
1785278519.2437148,1785278519.2202294,False,False,False,False
1785278519.2437148,1785278519.2202294,False,False,False,False
1785278519.275846,1785278519.2502944,False,False,False,False
1785278519.275846,1785278519.2502944,False,False,False,False
1785278519.275846,1785278519.2502944,False,False,False,False
1785278519.3047068,1785278519.2786233,False,False,False,False
1785278519.3047068,1785278519.2786233,False,False,False,False
1785278519.3047068,1785278519.2786233,False,False,False,False
1785278519.3047068,1785278519.2786233,False,False,False,False
1785278519.343916,1785278519.3201723,False,False,False,False
1785278519.343916,1785278519.3201723,False,False,False,False
1785278519.343916,1785278519.3201723,False,False,False,False
1785278519.3738985,1785278519.350917,False,True,False,False
1785278519.3738985,1785278519.350917,False,True,False,False
1785278519.3738985,1785278519.350917,False,True,False,False
1785278519.4039414,1785278519.380973,False,True,False,False
1785278519.4039414,1785278519.380973,False,True,False,False
1785278519.4039414,1785278519.380973,False,True,False,False
1785278519.4340415,1785278519.4109707,False,True,False,False
1785278519.4340415,1785278519.4109707,False,True,False,False
1785278519.4340415,1785278519.4109707,False,True,False,False
1785278519.4644487,1785278519.4393554,False,True,False,False
1785278519.4644487,1785278519.4393554,False,True,False,False
1785278519.4644487,1785278519.4393554,False,True,False,False
1785278519.4950397,1785278519.4701355,False,True,False,False
1785278519.4950397,1785278519.4701355,False,True,False,False
1785278519.4950397,1785278519.4701355,False,True,False,False
1785278519.5238822,1785278519.5009732,False,True,False,False
1785278519.5238822,1785278519.5009732,False,True,False,False
1785278519.5238822,1785278519.5009732,False,True,False,False
1785278519.554415,1785278519.5286906,False,True,False,False
1785278519.554415,1785278519.5286906,False,True,False,False
1785278519.554415,1785278519.5286906,False,True,False,False
1785278519.5841062,1785278519.560681,False,True,False,False
1785278519.5841062,1785278519.560681,False,True,False,False
1785278519.5841062,1785278519.560681,False,True,False,False
1785278519.6144524,1785278519.589076,False,True,False,False
1785278519.6144524,1785278519.589076,False,True,False,False
1785278519.6144524,1785278519.589076,False,True,False,False
1785278519.6442392,1785278519.619097,False,True,False,False
1785278519.6442392,1785278519.619097,False,True,False,False
1785278519.6442392,1785278519.619097,False,True,False,False
1785278519.6738908,1785278519.6498003,False,True,False,False
1785278519.6738908,1785278519.6498003,False,True,False,False
1785278519.6738908,1785278519.6498003,False,True,False,False
1785278519.705839,1785278519.680965,False,True,False,False
1785278519.705839,1785278519.680965,False,True,False,False
1785278519.705839,1785278519.680965,False,True,False,False
1785278519.705839,1785278519.680965,False,True,False,False
1785278519.744097,1785278519.7202873,False,True,False,False
1785278519.744097,1785278519.7202873,False,True,False,False
1785278519.744097,1785278519.7202873,False,True,False,False
1785278519.7744622,1785278519.7509575,False,True,False,False
1785278519.7744622,1785278519.7509575,False,True,False,False
1785278519.7744622,1785278519.7509575,False,True,False,False
1785278519.80474,1785278519.7809346,False,True,False,False
1785278519.80474,1785278519.7809346,False,True,False,False
1785278519.80474,1785278519.7809346,False,True,False,False
1785278519.8342772,1785278519.8108537,False,False,False,False
1785278519.8342772,1785278519.8108537,False,False,False,False
1785278519.8342772,1785278519.8108537,False,False,False,False
1785278519.864328,1785278519.840194,False,False,False,False
1785278519.864328,1785278519.840194,False,False,False,False
1785278519.864328,1785278519.840194,False,False,False,False
1785278519.8944845,1785278519.8709528,False,False,False,False
1785278519.8944845,1785278519.8709528,False,False,False,False
1785278519.8944845,1785278519.8709528,False,False,False,False
1785278519.9254963,1785278519.899782,True,False,False,False
1785278519.9254963,1785278519.899782,True,False,False,False
1785278519.9254963,1785278519.899782,True,False,False,False
1785278519.9545076,1785278519.9304755,True,False,False,False
1785278519.9545076,1785278519.9304755,True,False,False,False
1785278519.9545076,1785278519.9304755,True,False,False,False
1785278519.9844391,1785278519.9584224,True,False,False,False
1785278519.9844391,1785278519.9584224,True,False,False,False
1785278519.9844391,1785278519.9584224,True,False,False,False
1785278520.015536,1785278519.9900777,True,False,False,False
1785278520.015536,1785278519.9900777,True,False,False,False
1785278520.015536,1785278519.9900777,True,False,False,False
1785278520.015536,1785278519.9900777,True,False,False,False
1785278520.054596,1785278520.0308168,True,False,False,False
1785278520.054596,1785278520.0308168,True,False,False,False
1785278520.054596,1785278520.0308168,True,False,False,False
1785278520.0837235,1785278520.0605843,True,False,False,False
1785278520.0837235,1785278520.0605843,True,False,False,False
1785278520.0837235,1785278520.0605843,True,False,False,False
1785278520.1148388,1785278520.0892568,True,False,False,False
1785278520.1148388,1785278520.0892568,True,False,False,False
1785278520.1148388,1785278520.0892568,True,False,False,False
1785278520.1467078,1785278520.1209502,True,False,False,False
1785278520.1467078,1785278520.1209502,True,False,False,False
1785278520.1467078,1785278520.1209502,True,False,False,False
1785278520.1745982,1785278520.14982,True,False,False,False
1785278520.1745982,1785278520.14982,True,False,False,False
1785278520.1745982,1785278520.14982,True,False,False,False
1785278520.2044866,1785278520.1803155,True,False,False,False
1785278520.2044866,1785278520.1803155,True,False,False,False
1785278520.2044866,1785278520.1803155,True,False,False,False
1785278520.2344427,1785278520.2085848,True,False,False,False
1785278520.2344427,1785278520.2085848,True,False,False,False
1785278520.2344427,1785278520.2085848,True,False,False,False
1785278520.2645197,1785278520.2402933,True,False,False,False
1785278520.2645197,1785278520.2402933,True,False,False,False
1785278520.2645197,1785278520.2402933,True,False,False,False
1785278520.2645197,1785278520.2402933,True,False,False,False
1785278520.3045845,1785278520.2807353,True,False,False,False
1785278520.3045845,1785278520.2807353,True,False,False,False
1785278520.3045845,1785278520.2807353,True,False,False,False
1785278520.3338878,1785278520.3109522,True,False,False,False
1785278520.3338878,1785278520.3109522,True,False,False,False
1785278520.3338878,1785278520.3109522,True,False,False,False
1785278520.3655982,1785278520.339492,True,False,False,False
1785278520.3655982,1785278520.339492,True,False,False,False
1785278520.3655982,1785278520.339492,True,False,False,False
1785278520.3655982,1785278520.339492,True,False,False,False
1785278520.3655982,1785278520.339492,True,False,False,False
1785278520.4136527,1785278520.3906474,False,False,False,False
1785278520.4136527,1785278520.3906474,False,False,False,False
1785278520.4136527,1785278520.3906474,False,False,False,False
1785278520.4441092,1785278520.4196234,False,False,False,False
1785278520.4441092,1785278520.4196234,False,False,False,False
1785278520.4441092,1785278520.4196234,False,False,False,False
1785278520.474495,1785278520.4509695,False,False,False,False
1785278520.474495,1785278520.4509695,False,True,False,False
1785278520.474495,1785278520.4509695,False,True,False,False
1785278520.474495,1785278520.4509695,False,True,False,False
1785278520.474495,1785278520.4509695,False,True,False,False
1785278520.474495,1785278520.4509695,False,True,False,False
1785278520.474495,1785278520.4509695,False,True,False,False
1785278520.474495,1785278520.4509695,False,True,False,False
1785278520.474495,1785278520.4509695,False,True,False,False
1785278520.474495,1785278520.4509695,False,True,False,False
1785278520.5244966,1785278520.5504816,False,True,False,False
1785278520.5856595,1785278520.5609505,False,True,False,False
1785278520.5856595,1785278520.5609505,False,True,False,False
1785278520.5856595,1785278520.5609505,False,True,False,False
1785278520.5856595,1785278520.5609505,False,True,False,False
1785278520.5856595,1785278520.5609505,False,True,False,False
1785278520.6342273,1785278520.6096773,False,True,False,False
1785278520.6342273,1785278520.6096773,False,True,False,False
1785278520.6342273,1785278520.6096773,False,True,False,False
1785278520.6634681,1785278520.6403258,False,True,False,False
1785278520.6634681,1785278520.6403258,False,True,False,False
1785278520.6634681,1785278520.6403258,False,True,False,False
1785278520.693477,1785278520.6701705,False,True,False,False
1785278520.693477,1785278520.6701705,False,True,False,False
1785278520.693477,1785278520.6701705,False,True,False,False
1785278520.7238157,1785278520.6988983,False,True,False,False
1785278520.7238157,1785278520.6988983,False,True,False,False
1785278520.7238157,1785278520.6988983,False,True,False,False
1785278520.7238157,1785278520.6988983,False,True,False,False
1785278520.7238157,1785278520.6988983,False,True,False,False
1785278520.7739275,1785278520.7501218,False,True,False,False
1785278520.7739275,1785278520.7501218,False,True,False,False
1785278520.7739275,1785278520.7501218,False,True,False,False
1785278520.8048174,1785278520.7809656,False,True,False,False
1785278520.8048174,1785278520.7809656,False,True,False,False
1785278520.8048174,1785278520.7809656,False,True,False,False
1785278520.8344476,1785278520.8109708,False,True,False,False
1785278520.8344476,1785278520.8109708,False,True,False,False
1785278520.8344476,1785278520.8109708,False,True,False,False
1785278520.8344476,1785278520.8109708,False,True,False,False
1785278520.8344476,1785278520.8109708,False,True,False,False
1785278520.8834865,1785278520.859083,False,True,False,False
1785278520.8834865,1785278520.859083,False,True,False,False
1785278520.8834865,1785278520.859083,False,True,False,False
1785278520.9157798,1785278520.8909724,False,True,False,False
1785278520.9157798,1785278520.8909724,False,True,False,False
1785278520.9157798,1785278520.8909724,False,True,False,False
1785278520.9437768,1785278520.9196022,False,True,False,False
1785278520.9437768,1785278520.9196022,False,True,False,False
1785278520.9437768,1785278520.9196022,False,True,False,False
1785278520.9738672,1785278520.9489815,False,False,False,False
1785278520.9738672,1785278520.9489815,False,False,False,False
1785278520.9738672,1785278520.9489815,False,False,False,False
1785278521.0037963,1785278520.9801874,False,False,False,False
1785278521.0037963,1785278520.9801874,False,False,False,False
1785278521.0037963,1785278520.9801874,False,False,False,False
1785278521.0341737,1785278521.0098615,True,False,False,False
1785278521.0341737,1785278521.0098615,True,False,False,False
1785278521.0341737,1785278521.0098615,True,False,False,False
1785278521.0646074,1785278521.040856,True,False,False,False
1785278521.0646074,1785278521.040856,True,False,False,False
1785278521.0646074,1785278521.040856,True,False,False,False
1785278521.0943322,1785278521.0704992,True,False,False,False
1785278521.0943322,1785278521.0704992,True,False,False,False
1785278521.0943322,1785278521.0704992,True,False,False,False
1785278521.124499,1785278521.1009605,True,False,False,False
1785278521.124499,1785278521.1009605,True,False,False,False
1785278521.124499,1785278521.1009605,True,False,False,False
1785278521.154422,1785278521.1309502,True,False,False,False
1785278521.154422,1785278521.1309502,True,False,False,False
1785278521.154422,1785278521.1309502,True,False,False,False
1785278521.184551,1785278521.160032,True,False,False,False
1785278521.184551,1785278521.160032,True,False,False,False
1785278521.184551,1785278521.160032,True,False,False,False
1785278521.184551,1785278521.160032,True,False,False,False
1785278521.2239783,1785278521.2009718,True,False,False,False
1785278521.2239783,1785278521.2009718,True,False,False,False
1785278521.2239783,1785278521.2009718,True,False,False,False
1785278521.254424,1785278521.230183,True,False,False,False
1785278521.254424,1785278521.230183,True,False,False,False
1785278521.254424,1785278521.230183,True,False,False,False
1785278521.28461,1785278521.260724,True,False,False,False
1785278521.28461,1785278521.260724,True,False,False,False
1785278521.28461,1785278521.260724,True,False,False,False
1785278521.314219,1785278521.2890575,True,False,False,False
1785278521.314219,1785278521.2890575,True,False,False,False
1785278521.314219,1785278521.2890575,True,False,False,False
1785278521.3444948,1785278521.320695,True,False,False,False
1785278521.3444948,1785278521.320695,True,False,False,False
1785278521.3444948,1785278521.320695,True,False,False,False
1785278521.374382,1785278521.3505108,True,False,False,False
1785278521.374382,1785278521.3505108,True,False,False,False
1785278521.374382,1785278521.3505108,True,False,False,False
1785278521.374382,1785278521.3505108,True,False,False,False
1785278521.4136076,1785278521.3908777,True,False,False,False
1785278521.4136076,1785278521.3908777,True,False,False,False
1785278521.4136076,1785278521.3908777,True,False,False,False
1785278521.4441805,1785278521.420324,True,False,False,False
1785278521.4441805,1785278521.420324,True,False,False,False
1785278521.4441805,1785278521.420324,True,False,False,False
1785278521.4739034,1785278521.4501817,True,False,False,False
1785278521.4739034,1785278521.4501817,True,False,False,False
1785278521.4739034,1785278521.4501817,True,False,False,False
1785278521.5037026,1785278521.4802446,True,False,False,False
1785278521.5037026,1785278521.4802446,True,False,False,False
1785278521.5037026,1785278521.4802446,True,False,False,False
1785278521.5037026,1785278521.4802446,True,False,False,False
1785278521.5037026,1785278521.4802446,True,False,False,False
1785278521.5541055,1785278521.5309598,True,False,False,False
1785278521.5541055,1785278521.5309598,False,False,False,False
1785278521.5541055,1785278521.5309598,False,False,False,False
1785278521.5838435,1785278521.560442,False,True,False,True
1785278521.5838435,1785278521.560442,False,True,False,True
1785278521.5838435,1785278521.560442,False,True,False,True
1785278521.6142569,1785278521.5904787,False,True,False,False
1785278521.6142569,1785278521.5904787,False,True,False,False
1785278521.6142569,1785278521.5904787,False,True,False,False
1785278521.6444452,1785278521.6197546,False,True,False,False
1785278521.6444452,1785278521.6197546,False,True,False,False
1785278521.6444452,1785278521.6197546,False,True,False,False
1785278521.6741,1785278521.6507971,False,True,False,False
1785278521.6741,1785278521.6507971,False,True,False,False
1785278521.6741,1785278521.6507971,False,True,False,False
1785278521.7045114,1785278521.6795974,False,True,False,False
1785278521.7045114,1785278521.6795974,False,True,False,False
1785278521.7045114,1785278521.6795974,False,True,False,False
1785278521.7045114,1785278521.6795974,False,True,False,False
1785278521.743488,1785278521.7209723,False,True,False,False
1785278521.743488,1785278521.7209723,False,True,False,False
1785278521.743488,1785278521.7209723,False,True,False,False
1785278521.774312,1785278521.7509618,False,True,False,False
1785278521.774312,1785278521.7509618,False,True,False,False
1785278521.774312,1785278521.7509618,False,True,False,False
1785278521.8041117,1785278521.78096,False,True,False,False
1785278521.8041117,1785278521.78096,False,True,False,False
1785278521.8041117,1785278521.78096,False,True,False,False
1785278521.8340452,1785278521.810332,False,True,False,False
1785278521.8340452,1785278521.810332,False,True,False,False
1785278521.8340452,1785278521.810332,False,True,False,False
1785278521.8636153,1785278521.8400671,False,True,False,False
1785278521.8636153,1785278521.8400671,False,True,False,False
1785278521.8636153,1785278521.8400671,False,True,False,False
1785278521.8957376,1785278521.8709555,False,True,False,False
1785278521.8957376,1785278521.8709555,False,True,False,False
1785278521.8957376,1785278521.8709555,False,True,False,False
1785278521.9244182,1785278521.9009454,False,True,False,False
1785278521.9244182,1785278521.9009454,False,True,False,False
1785278521.9244182,1785278521.9009454,False,True,False,False
1785278521.954709,1785278521.9297662,False,True,False,False
1785278521.954709,1785278521.9297662,False,True,False,False
1785278521.954709,1785278521.9297662,False,True,False,False
1785278521.98446,1785278521.9588048,False,True,False,False
1785278521.98446,1785278521.9588048,False,True,False,False
1785278521.98446,1785278521.9588048,False,True,False,False
1785278521.98446,1785278521.9588048,False,True,False,False
1785278522.0236714,1785278521.9999423,False,True,False,False
1785278522.0236714,1785278521.9999423,False,True,False,False
1785278522.0236714,1785278521.9999423,False,True,False,False
1785278522.054305,1785278522.0296512,False,True,False,False
1785278522.054305,1785278522.0296512,False,True,False,False
1785278522.054305,1785278522.0296512,False,True,False,False
1785278522.0837352,1785278522.060946,False,True,False,False
1785278522.0837352,1785278522.060946,False,True,False,False
1785278522.0837352,1785278522.060946,False,True,False,False
1785278522.114771,1785278522.090158,False,False,False,False
1785278522.114771,1785278522.090158,False,False,False,False
1785278522.114771,1785278522.090158,False,False,False,False
1785278522.143766,1785278522.1190014,True,False,False,False
1785278522.143766,1785278522.1190014,True,False,False,False
1785278522.143766,1785278522.1190014,True,False,False,False
1785278522.1744115,1785278522.1509442,True,False,False,False
1785278522.1744115,1785278522.1509442,True,False,False,False
1785278522.1744115,1785278522.1509442,True,False,False,False
1785278522.2043688,1785278522.1796296,True,False,False,False
1785278522.2043688,1785278522.1796296,True,False,False,False
1785278522.2043688,1785278522.1796296,True,False,False,False
1785278522.234462,1785278522.2109778,True,False,False,False
1785278522.234462,1785278522.2109778,True,False,False,False
1785278522.234462,1785278522.2109778,True,False,False,False
1785278522.234462,1785278522.2109778,True,False,False,False
1785278522.2747338,1785278522.250131,True,True,False,False
1785278522.2747338,1785278522.250131,True,True,False,False
1785278522.2747338,1785278522.250131,True,True,False,False
1785278522.303647,1785278522.2797632,True,False,False,False
1785278522.303647,1785278522.2797632,True,False,False,False
1785278522.303647,1785278522.2797632,True,False,False,False
1785278522.334618,1785278522.310972,True,False,False,False
1785278522.334618,1785278522.310972,True,False,False,False
1785278522.334618,1785278522.310972,True,False,False,False
1785278522.3638794,1785278522.3409626,True,False,False,False
1785278522.3638794,1785278522.3409626,True,False,False,False
1785278522.3638794,1785278522.3409626,True,False,False,False
1785278522.3638794,1785278522.3409626,True,False,False,False
1785278522.3638794,1785278522.3409626,True,False,False,False
1785278522.4134865,1785278522.390954,True,False,False,False
1785278522.4134865,1785278522.390954,True,False,False,False
1785278522.4134865,1785278522.390954,True,False,False,False
1785278522.4442744,1785278522.4199872,True,False,False,False
1785278522.4442744,1785278522.4199872,True,False,False,False
1785278522.4442744,1785278522.4199872,True,False,False,False
1785278522.4739287,1785278522.4500542,True,False,False,False
1785278522.4739287,1785278522.4500542,True,False,False,False
1785278522.4739287,1785278522.4500542,True,False,False,False
1785278522.5042517,1785278522.4809692,True,False,False,False
1785278522.5042517,1785278522.4809692,True,False,False,False
1785278522.5042517,1785278522.4809692,True,False,False,False
1785278522.5338082,1785278522.5107625,True,False,False,False
1785278522.5338082,1785278522.5107625,True,False,False,False
1785278522.5338082,1785278522.5107625,True,False,False,False
1785278522.5646417,1785278522.5391123,True,False,False,False
1785278522.5646417,1785278522.5391123,True,False,False,False
1785278522.5646417,1785278522.5391123,True,False,False,False
1785278522.5943818,1785278522.5709453,True,False,False,False
1785278522.5943818,1785278522.5709453,True,False,False,False
1785278522.5943818,1785278522.5709453,True,False,False,False
1785278522.6241717,1785278522.5996234,True,False,False,False
1785278522.6241717,1785278522.5996234,True,False,False,False
1785278522.6241717,1785278522.5996234,True,False,False,False
1785278522.655776,1785278522.6309578,True,False,False,False
1785278522.655776,1785278522.6309578,True,False,False,False
1785278522.655776,1785278522.6309578,True,False,False,False
1785278522.655776,1785278522.6309578,True,False,False,False
1785278522.6934824,1785278522.6700509,False,False,False,False
1785278522.6934824,1785278522.6700509,False,False,False,False
1785278522.6934824,1785278522.6700509,False,False,False,False
1785278522.7237222,1785278522.7009475,False,False,False,False
1785278522.7237222,1785278522.7009475,False,True,False,False
1785278522.7237222,1785278522.7009475,False,True,False,False
1785278522.7538235,1785278522.7305374,False,True,False,False
1785278522.7538235,1785278522.7305374,False,True,False,False
1785278522.7538235,1785278522.7305374,False,True,False,False
1785278522.7838066,1785278522.7603226,False,True,False,False
1785278522.7838066,1785278522.7603226,False,True,False,False
1785278522.7838066,1785278522.7603226,False,True,False,False
1785278522.8141305,1785278522.7909563,False,True,False,False
1785278522.8141305,1785278522.7909563,False,True,False,False
1785278522.8141305,1785278522.7909563,False,True,False,False
1785278522.844132,1785278522.8207436,False,True,False,False
1785278522.844132,1785278522.8207436,False,True,False,False
1785278522.844132,1785278522.8207436,False,True,False,False
1785278522.8766088,1785278522.8509657,False,True,False,False
1785278522.8766088,1785278522.8509657,False,True,False,False
1785278522.8766088,1785278522.8509657,False,True,False,False
1785278522.8766088,1785278522.8509657,False,True,False,False
1785278522.9136267,1785278522.8909457,False,True,False,False
1785278522.9136267,1785278522.8909457,False,True,False,False
1785278522.9136267,1785278522.8909457,False,True,False,False
1785278522.9441283,1785278522.9200776,False,True,False,False
1785278522.9441283,1785278522.9200776,False,True,False,False
1785278522.9441283,1785278522.9200776,False,True,False,False
1785278522.9737906,1785278522.950947,False,True,False,False
1785278522.9737906,1785278522.950947,False,True,False,False
1785278522.9737906,1785278522.950947,False,True,False,False
1785278523.00363,1785278522.9805138,False,True,False,False
1785278523.00363,1785278522.9805138,False,True,False,False
1785278523.00363,1785278522.9805138,False,True,False,False
1785278523.0343106,1785278523.010366,False,True,False,False
1785278523.0343106,1785278523.010366,False,True,False,False
1785278523.0343106,1785278523.010366,False,True,False,False
1785278523.0646365,1785278523.0409553,False,True,False,False
1785278523.0646365,1785278523.0409553,False,True,False,False
1785278523.0646365,1785278523.0409553,False,True,False,False
1785278523.0943744,1785278523.0709412,False,True,False,False
1785278523.0943744,1785278523.0709412,False,True,False,False
1785278523.0943744,1785278523.0709412,False,True,False,False
1785278523.0943744,1785278523.0709412,False,True,False,False
1785278523.13372,1785278523.1109614,False,True,False,False
1785278523.13372,1785278523.1109614,False,True,False,False
1785278523.13372,1785278523.1109614,False,True,False,False
1785278523.163798,1785278523.1409514,False,True,False,False
1785278523.163798,1785278523.1409514,False,True,False,False
1785278523.163798,1785278523.1409514,False,True,False,False
1785278523.163798,1785278523.1409514,False,True,False,False
1785278523.205767,1785278523.1809533,False,True,False,False
1785278523.205767,1785278523.1809533,False,True,False,False
1785278523.205767,1785278523.1809533,False,True,False,False
1785278523.205767,1785278523.1809533,False,True,False,False
1785278523.244032,1785278523.2209485,False,True,False,False
1785278523.244032,1785278523.2209485,False,False,False,False
1785278523.244032,1785278523.2209485,False,False,False,False
1785278523.2748084,1785278523.250967,False,False,False,False
1785278523.2748084,1785278523.250967,True,False,False,False
1785278523.2748084,1785278523.250967,True,False,False,False
1785278523.304802,1785278523.2809534,True,False,False,False
1785278523.304802,1785278523.2809534,True,False,False,False
1785278523.304802,1785278523.2809534,True,False,False,False
1785278523.304802,1785278523.2809534,True,False,False,False
1785278523.304802,1785278523.2809534,True,False,False,False
1785278523.3537054,1785278523.3303335,True,False,False,False
1785278523.3537054,1785278523.3303335,True,False,False,False
1785278523.3537054,1785278523.3303335,True,False,False,False
1785278523.3846488,1785278523.3608847,True,False,False,False
1785278523.3846488,1785278523.3608847,True,False,False,False
1785278523.3846488,1785278523.3608847,True,False,False,False
1785278523.4146516,1785278523.39096,True,False,False,False
1785278523.4146516,1785278523.39096,True,False,False,False
1785278523.4146516,1785278523.39096,True,False,False,False
1785278523.4442773,1785278523.4207754,True,False,False,False
1785278523.4442773,1785278523.4207754,True,False,False,False
1785278523.4442773,1785278523.4207754,True,False,False,False
1785278523.474245,1785278523.4509704,True,False,False,False
1785278523.474245,1785278523.4509704,True,False,False,False
1785278523.474245,1785278523.4509704,True,False,False,False
1785278523.5043888,1785278523.4809597,True,False,False,False
1785278523.5043888,1785278523.4809597,True,False,False,False
1785278523.5043888,1785278523.4809597,True,False,False,False
1785278523.5350223,1785278523.5100327,True,False,False,False
1785278523.5350223,1785278523.5100327,True,False,False,False
1785278523.5350223,1785278523.5100327,True,False,False,False
1785278523.564419,1785278523.5409548,True,False,False,False
1785278523.564419,1785278523.5409548,True,False,False,False
1785278523.564419,1785278523.5409548,True,False,False,False
1785278523.564419,1785278523.5409548,True,False,False,False
1785278523.6035786,1785278523.580291,True,False,False,False
1785278523.6035786,1785278523.580291,True,False,False,False
1785278523.6035786,1785278523.580291,True,False,False,False
1785278523.6338677,1785278523.6104586,True,False,False,False
1785278523.6338677,1785278523.6104586,True,False,False,False
1785278523.6338677,1785278523.6104586,True,False,False,False
1785278523.6641753,1785278523.6409657,True,False,False,False
1785278523.6641753,1785278523.6409657,True,False,False,False
1785278523.6641753,1785278523.6409657,True,False,False,False
1785278523.693869,1785278523.6709826,True,False,False,False
1785278523.693869,1785278523.6709826,True,False,False,False
1785278523.693869,1785278523.6709826,True,False,False,False
1785278523.7243178,1785278523.700078,True,False,False,False
1785278523.7243178,1785278523.700078,True,False,False,False
1785278523.7243178,1785278523.700078,True,False,False,False
1785278523.7243178,1785278523.700078,True,False,False,False
1785278523.756484,1785278523.7393754,True,False,False,False
1785278523.756484,1785278523.7393754,True,False,False,False
1785278523.7843804,1785278523.76002,True,False,False,False
1785278523.7843804,1785278523.76002,True,False,False,False
1785278523.7843804,1785278523.76002,True,False,False,False
1785278523.7843804,1785278523.76002,True,False,False,False
1785278523.8236647,1785278523.8009598,True,False,False,False
1785278523.8236647,1785278523.8009598,False,False,False,False
1785278523.8236647,1785278523.8009598,False,False,False,False
1785278523.8538291,1785278523.830949,False,False,False,False
1785278523.8538291,1785278523.830949,False,True,False,False
1785278523.8538291,1785278523.830949,False,True,False,False
1785278523.8846157,1785278523.860373,False,True,False,False
1785278523.8846157,1785278523.860373,False,True,False,False
1785278523.8846157,1785278523.860373,False,True,False,False
1785278523.8846157,1785278523.860373,False,True,False,False
1785278523.9143865,1785278523.900948,False,True,False,False
1785278523.9143865,1785278523.900948,False,True,False,False
1785278523.944187,1785278523.9208267,False,True,False,False
1785278523.944187,1785278523.9208267,False,True,False,False
1785278523.944187,1785278523.9208267,False,True,False,False
1785278523.944187,1785278523.9208267,False,True,False,False
1785278523.975034,1785278523.9516695,False,True,False,False
1785278523.975034,1785278523.9516695,False,True,False,False
1785278524.0043397,1785278523.9809458,False,True,False,False
1785278524.0043397,1785278523.9809458,False,True,False,False
1785278524.0043397,1785278523.9809458,False,True,False,False
1785278524.0344608,1785278524.010053,False,True,False,False
1785278524.0344608,1785278524.010053,False,True,False,False
1785278524.0344608,1785278524.010053,False,True,False,False
1785278524.0344608,1785278524.010053,False,True,False,False
1785278524.0736732,1785278524.0509453,False,True,False,False
1785278524.0736732,1785278524.0509453,False,True,False,False
1785278524.0736732,1785278524.0509453,False,True,False,False
1785278524.1039352,1785278524.0804856,False,True,False,False
1785278524.1039352,1785278524.0804856,False,True,False,False
1785278524.1039352,1785278524.0804856,False,True,False,False
1785278524.1338985,1785278524.110314,False,True,False,False
1785278524.1338985,1785278524.110314,False,True,False,False
1785278524.1338985,1785278524.110314,False,True,False,False
1785278524.164493,1785278524.1409445,False,True,False,False
1785278524.164493,1785278524.1409445,False,True,False,False
1785278524.164493,1785278524.1409445,False,True,False,False
1785278524.1941416,1785278524.1709447,False,True,False,False
1785278524.1941416,1785278524.1709447,False,True,False,False
1785278524.1941416,1785278524.1709447,False,True,False,False
1785278524.2242317,1785278524.1999185,False,True,False,False
1785278524.2242317,1785278524.1999185,False,True,False,False
1785278524.2242317,1785278524.1999185,False,True,False,False
1785278524.2542899,1785278524.230949,False,True,False,False
1785278524.2542899,1785278524.230949,False,True,False,False
1785278524.2542899,1785278524.230949,False,True,False,False
1785278524.284503,1785278524.2609482,False,True,False,False
1785278524.284503,1785278524.2609482,False,True,False,False
1785278524.284503,1785278524.2609482,False,True,False,False
1785278524.284503,1785278524.2609482,False,True,False,False
1785278524.3237967,1785278524.300945,False,True,False,False
1785278524.3237967,1785278524.300945,False,True,False,False
1785278524.3237967,1785278524.300945,False,True,False,False
1785278524.3538566,1785278524.3309436,False,True,False,False
1785278524.3538566,1785278524.3309436,False,True,False,False
1785278524.3538566,1785278524.3309436,False,True,False,False
1785278524.3845067,1785278524.3602872,True,False,True,False
1785278524.3845067,1785278524.3602872,True,False,True,False
1785278524.3845067,1785278524.3602872,True,False,True,False
1785278524.4154086,1785278524.3909452,True,False,True,False
1785278524.4154086,1785278524.3909452,True,False,False,False
1785278524.4154086,1785278524.3909452,True,False,False,False
1785278524.4438238,1785278524.4209604,True,False,False,False
1785278524.4438238,1785278524.4209604,True,False,False,False
1785278524.4438238,1785278524.4209604,True,False,False,False
1785278524.4438238,1785278524.4209604,True,False,False,False
1785278524.4847167,1785278524.460951,True,False,False,False
1785278524.4847167,1785278524.460951,True,False,False,False
1785278524.4847167,1785278524.460951,True,False,False,False
1785278524.5156417,1785278524.4909475,True,False,False,False
1785278524.5156417,1785278524.4909475,True,True,False,False
1785278524.5156417,1785278524.4909475,True,True,False,False
1785278524.5438817,1785278524.5200603,True,False,False,False
1785278524.5438817,1785278524.5200603,True,False,False,False
1785278524.5438817,1785278524.5200603,True,False,False,False
1785278524.574482,1785278524.5509489,True,False,False,False
1785278524.574482,1785278524.5509489,True,False,False,False
1785278524.574482,1785278524.5509489,True,False,False,False
1785278524.6046994,1785278524.5809462,True,False,False,False
1785278524.6046994,1785278524.5809462,True,False,False,False
1785278524.6046994,1785278524.5809462,True,False,False,False
1785278524.6046994,1785278524.5809462,True,False,False,False
1785278524.643893,1785278524.6209836,True,False,False,False
1785278524.643893,1785278524.6209836,True,False,False,False
1785278524.643893,1785278524.6209836,True,False,False,False
1785278524.6739163,1785278524.650961,True,False,False,False
1785278524.6739163,1785278524.650961,True,False,False,False
1785278524.6739163,1785278524.650961,True,False,False,False
1785278524.7038875,1785278524.6806846,True,False,False,False
1785278524.7038875,1785278524.6806846,True,False,False,False
1785278524.7038875,1785278524.6806846,True,False,False,False
1785278524.734899,1785278524.7109487,True,False,False,False
1785278524.734899,1785278524.7109487,True,False,False,False
1785278524.734899,1785278524.7109487,True,False,False,False
1785278524.734899,1785278524.7109487,True,False,False,False
1785278524.7645934,1785278524.7475915,True,False,False,False
1785278524.7645934,1785278524.7475915,True,False,False,False
1785278524.7943938,1785278524.7700953,True,False,False,False
1785278524.7943938,1785278524.7700953,True,False,False,False
1785278524.7943938,1785278524.7700953,True,False,False,False
1785278524.7943938,1785278524.7700953,True,False,False,False
1785278524.8335981,1785278524.8109493,True,False,False,False
1785278524.8335981,1785278524.8109493,True,False,False,False
1785278524.8335981,1785278524.8109493,True,False,False,False
1785278524.864324,1785278524.840396,True,False,False,False
1785278524.864324,1785278524.840396,True,False,False,False
1785278524.864324,1785278524.840396,True,False,False,False
1785278524.894155,1785278524.8709588,True,False,False,False
1785278524.894155,1785278524.8709588,True,False,False,False
1785278524.894155,1785278524.8709588,True,False,False,False
1785278524.9238524,1785278524.9009085,True,False,False,False
1785278524.9238524,1785278524.9009085,True,False,False,False
1785278524.9238524,1785278524.9009085,True,False,False,False
1785278524.9238524,1785278524.9009085,True,False,False,False
1785278524.954859,1785278524.9321623,True,True,False,False
1785278524.954859,1785278524.9321623,True,True,False,False
1785278524.954859,1785278524.9321623,True,True,False,False
1785278524.954859,1785278524.9321623,True,True,False,False
1785278525.0044317,1785278524.980965,True,True,False,False
1785278525.0044317,1785278524.980965,False,True,False,False
1785278525.0044317,1785278524.980965,False,True,False,False
1785278525.0339818,1785278525.0102668,False,True,False,False
1785278525.0339818,1785278525.0102668,False,True,False,False
1785278525.0339818,1785278525.0102668,False,True,False,False
1785278525.0652678,1785278525.040945,False,True,False,False
1785278525.0652678,1785278525.040945,False,True,False,False
1785278525.0652678,1785278525.040945,False,True,False,False
1785278525.0944266,1785278525.0709443,False,True,False,False
1785278525.0944266,1785278525.0709443,False,True,False,False
1785278525.0944266,1785278525.0709443,False,True,False,False
1785278525.1244836,1785278525.1009526,False,True,False,False
1785278525.1244836,1785278525.1009526,False,True,False,False
1785278525.1244836,1785278525.1009526,False,True,False,False
1785278525.1545105,1785278525.130945,False,True,False,False
1785278525.1545105,1785278525.130945,False,True,False,False
1785278525.1545105,1785278525.130945,False,True,False,False
1785278525.1844661,1785278525.160946,False,True,False,False
1785278525.1844661,1785278525.160946,False,True,False,False
1785278525.1844661,1785278525.160946,False,True,False,False
1785278525.1844661,1785278525.160946,False,True,False,False
1785278525.2243257,1785278525.1999252,False,True,False,False
1785278525.2243257,1785278525.1999252,False,True,False,False
1785278525.2243257,1785278525.1999252,False,True,False,False
1785278525.2538574,1785278525.230963,False,True,False,False
1785278525.2538574,1785278525.230963,False,True,False,False
1785278525.2538574,1785278525.230963,False,True,False,False
1785278525.285589,1785278525.2604551,False,True,False,False
1785278525.285589,1785278525.2604551,False,True,False,False
1785278525.285589,1785278525.2604551,False,True,False,False
1785278525.3144162,1785278525.2909496,False,True,False,False
1785278525.3144162,1785278525.2909496,False,True,False,False
1785278525.3144162,1785278525.2909496,False,True,False,False
1785278525.3144162,1785278525.2909496,False,True,False,False
1785278525.3144162,1785278525.2909496,False,True,False,False
1785278525.364067,1785278525.3404143,False,True,False,False
1785278525.364067,1785278525.3404143,False,True,False,False
1785278525.364067,1785278525.3404143,False,True,False,False
1785278525.364067,1785278525.3404143,False,True,False,False
1785278525.364067,1785278525.3404143,False,True,False,False
1785278525.3964803,1785278525.3816328,False,True,False,False
1785278525.423673,1785278525.4009504,False,True,False,False
1785278525.423673,1785278525.4009504,False,True,False,False
1785278525.423673,1785278525.4009504,False,True,False,False
1785278525.4545228,1785278525.4309635,False,True,False,False
1785278525.4545228,1785278525.4309635,False,True,False,False
1785278525.4545228,1785278525.4309635,False,True,False,False
1785278525.4545228,1785278525.4309635,False,True,False,False
1785278525.484357,1785278525.4677625,False,True,False,False
1785278525.484357,1785278525.4677625,False,True,False,False
1785278525.5145793,1785278525.4909449,False,True,False,False
1785278525.5145793,1785278525.4909449,True,False,False,False
1785278525.5145793,1785278525.4909449,True,False,False,False
1785278525.544519,1785278525.5205688,True,False,False,False
1785278525.544519,1785278525.5205688,True,False,False,False
1785278525.544519,1785278525.5205688,True,False,False,False
1785278525.5742044,1785278525.5509686,True,False,False,False
1785278525.5742044,1785278525.5509686,True,False,False,False
1785278525.5742044,1785278525.5509686,True,False,False,False
1785278525.6042519,1785278525.580959,True,False,False,False
1785278525.6042519,1785278525.580959,True,False,False,False
1785278525.6042519,1785278525.580959,True,False,False,False
1785278525.6042519,1785278525.580959,True,False,False,False
1785278525.644484,1785278525.6209562,True,False,False,False
1785278525.644484,1785278525.6209562,True,False,False,False
1785278525.644484,1785278525.6209562,True,False,False,False
1785278525.674282,1785278525.6509683,True,False,False,False
1785278525.674282,1785278525.6509683,True,False,False,False
1785278525.674282,1785278525.6509683,True,False,False,False
1785278525.70414,1785278525.6809494,True,False,False,False
1785278525.70414,1785278525.6809494,True,False,False,False
1785278525.70414,1785278525.6809494,True,False,False,False
1785278525.7346377,1785278525.7109473,True,False,False,False
1785278525.7346377,1785278525.7109473,True,False,False,False
1785278525.7346377,1785278525.7109473,True,False,False,False
1785278525.7642603,1785278525.7409456,True,False,False,False
1785278525.7642603,1785278525.7409456,True,False,False,False
1785278525.7642603,1785278525.7409456,True,False,False,False
1785278525.794674,1785278525.7708082,True,False,False,False
1785278525.794674,1785278525.7708082,True,False,False,False
1785278525.794674,1785278525.7708082,True,False,False,False
1785278525.8240519,1785278525.800967,True,False,False,False
1785278525.8240519,1785278525.800967,True,False,False,False
1785278525.8240519,1785278525.800967,True,False,False,False
1785278525.8240519,1785278525.800967,True,False,False,False
1785278525.863647,1785278525.8409474,True,False,False,False
1785278525.863647,1785278525.8409474,True,False,False,False
1785278525.863647,1785278525.8409474,True,False,False,False
1785278525.8938336,1785278525.870614,True,False,False,False
1785278525.8938336,1785278525.870614,True,False,False,False
1785278525.8938336,1785278525.870614,True,False,False,False
1785278525.9239125,1785278525.9009516,True,False,False,False
1785278525.9239125,1785278525.9009516,True,False,False,False
1785278525.9239125,1785278525.9009516,True,False,False,False
1785278525.9539993,1785278525.9308102,True,False,False,False
1785278525.9539993,1785278525.9308102,True,False,False,False
1785278525.9539993,1785278525.9308102,True,False,False,False
1785278525.9539993,1785278525.9308102,True,False,False,False
1785278525.9539993,1785278525.9308102,True,False,False,False
1785278526.0038877,1785278525.9809659,True,False,False,False
1785278526.0038877,1785278525.9809659,True,False,False,False
1785278526.0038877,1785278525.9809659,True,False,False,False
1785278526.0338035,1785278526.0105188,True,False,False,False
1785278526.0338035,1785278526.0105188,True,False,False,False
1785278526.0338035,1785278526.0105188,True,False,False,False
1785278526.063993,1785278526.0409477,True,False,False,False
1785278526.063993,1785278526.0409477,False,True,False,True
1785278526.063993,1785278526.0409477,False,True,False,True
1785278526.0946276,1785278526.0709474,False,True,False,True
1785278526.0946276,1785278526.0709474,False,True,False,False
1785278526.0946276,1785278526.0709474,False,True,False,False
1785278526.1245992,1785278526.100959,False,True,False,False
1785278526.1245992,1785278526.100959,False,True,False,False
1785278526.1245992,1785278526.100959,False,True,False,False
1785278526.1245992,1785278526.100959,False,True,False,False
1785278526.1245992,1785278526.100959,False,True,False,False
1785278526.1740339,1785278526.1509473,False,True,False,False
1785278526.1740339,1785278526.1509473,False,True,False,False
1785278526.1740339,1785278526.1509473,False,True,False,False
1785278526.204265,1785278526.1806786,False,True,False,False
1785278526.204265,1785278526.1806786,False,True,False,False
1785278526.204265,1785278526.1806786,False,True,False,False
1785278526.2336972,1785278526.2109797,False,True,False,False
1785278526.2336972,1785278526.2109797,False,True,False,False
1785278526.2336972,1785278526.2109797,False,True,False,False
1785278526.2336972,1785278526.2109797,False,True,False,False
1785278526.2336972,1785278526.2109797,False,True,False,False
1785278526.2840273,1785278526.260717,False,True,False,False
1785278526.2840273,1785278526.260717,False,True,False,False
1785278526.2840273,1785278526.260717,False,True,False,False
1785278526.3139658,1785278526.2909439,False,True,False,False
1785278526.3139658,1785278526.2909439,False,True,False,False
1785278526.3139658,1785278526.2909439,False,True,False,False
1785278526.344714,1785278526.3209445,False,True,False,False
1785278526.344714,1785278526.3209445,False,True,False,False
1785278526.344714,1785278526.3209445,False,True,False,False
1785278526.344714,1785278526.3209445,False,True,False,False
1785278526.344714,1785278526.3209445,False,True,False,False
1785278526.3941581,1785278526.3705478,False,True,False,False
1785278526.3941581,1785278526.3705478,False,True,False,False
1785278526.3941581,1785278526.3705478,False,True,False,False
1785278526.4240744,1785278526.4009497,False,True,False,False
1785278526.4240744,1785278526.4009497,False,True,False,False
1785278526.4240744,1785278526.4009497,False,True,False,False
1785278526.4545877,1785278526.430948,False,True,False,False
1785278526.4545877,1785278526.430948,False,True,False,False
1785278526.4545877,1785278526.430948,False,True,False,False
1785278526.485031,1785278526.4609632,False,True,False,False
1785278526.485031,1785278526.4609632,False,True,False,False
1785278526.485031,1785278526.4609632,False,True,False,False
1785278526.485031,1785278526.4609632,False,True,False,False
1785278526.485031,1785278526.4609632,False,True,False,False
1785278526.5339565,1785278526.5109487,False,True,False,False
1785278526.5339565,1785278526.5109487,False,True,False,False
1785278526.5339565,1785278526.5109487,False,True,False,False
1785278526.5339565,1785278526.5109487,False,True,False,False
1785278526.5635066,1785278526.5477135,False,True,False,False
1785278526.5635066,1785278526.5477135,False,True,False,False
1785278526.5938122,1785278526.5709414,False,True,False,False
1785278526.5938122,1785278526.5709414,False,True,False,False
1785278526.5938122,1785278526.5709414,False,True,False,False
1785278526.623893,1785278526.600477,True,False,False,False
1785278526.623893,1785278526.600477,True,False,False,False
1785278526.623893,1785278526.600477,True,False,False,False
1785278526.6538224,1785278526.6309624,True,False,False,False
1785278526.6538224,1785278526.6309624,True,False,False,False
1785278526.6538224,1785278526.6309624,True,False,False,False
1785278526.6847255,1785278526.660952,True,False,False,False
1785278526.6847255,1785278526.660952,True,False,False,False
1785278526.6847255,1785278526.660952,True,False,False,False
1785278526.7153847,1785278526.6909578,True,False,False,False
1785278526.7153847,1785278526.6909578,True,False,False,False
1785278526.7153847,1785278526.6909578,True,False,False,False
1785278526.74407,1785278526.7209425,True,False,False,False
1785278526.74407,1785278526.7209425,True,True,False,False
1785278526.74407,1785278526.7209425,True,True,False,False
1785278526.7744188,1785278526.750953,True,True,False,False
1785278526.7744188,1785278526.750953,True,False,False,False
1785278526.7744188,1785278526.750953,True,False,False,False
1785278526.7744188,1785278526.750953,True,False,False,False
1785278526.8146653,1785278526.790957,True,False,False,False
1785278526.8146653,1785278526.790957,True,False,False,False
1785278526.8146653,1785278526.790957,True,False,False,False
1785278526.844033,1785278526.8209543,True,False,False,False
1785278526.844033,1785278526.8209543,True,False,False,False
1785278526.844033,1785278526.8209543,True,False,False,False
1785278526.8738356,1785278526.8505743,True,False,False,False
1785278526.8738356,1785278526.8505743,True,False,False,False
1785278526.8738356,1785278526.8505743,True,False,False,False
1785278526.904757,1785278526.8809557,True,False,False,False
1785278526.904757,1785278526.8809557,True,False,False,False
1785278526.904757,1785278526.8809557,True,False,False,False
1785278526.904757,1785278526.8809557,True,False,False,False
1785278526.954953,1785278526.9209433,True,False,False,False
1785278526.954953,1785278526.9209433,True,False,False,False
1785278526.954953,1785278526.9209433,True,False,False,False
1785278526.954953,1785278526.9209433,True,False,False,False
1785278526.9838672,1785278526.9609785,True,False,False,False
1785278526.9838672,1785278526.9609785,True,False,False,False
1785278526.9838672,1785278526.9609785,True,False,False,False
1785278527.0135179,1785278526.990962,True,False,False,False
1785278527.0135179,1785278526.990962,True,False,False,False
1785278527.0135179,1785278526.990962,True,False,False,False
1785278527.0436268,1785278527.0209417,True,False,False,False
1785278527.0436268,1785278527.0209417,True,False,False,False
1785278527.0436268,1785278527.0209417,True,False,False,False
1785278527.0738444,1785278527.0509403,True,False,False,False
1785278527.0738444,1785278527.0509403,True,False,False,False
1785278527.0738444,1785278527.0509403,True,False,False,False
1785278527.0738444,1785278527.0509403,True,False,False,False
1785278527.0738444,1785278527.0509403,True,False,False,False
1785278527.1236062,1785278527.1009538,True,False,False,False
1785278527.1236062,1785278527.1009538,True,False,False,False
1785278527.1236062,1785278527.1009538,True,False,False,False
1785278527.154532,1785278527.130945,True,False,False,False
1785278527.154532,1785278527.130945,True,False,False,False
1785278527.154532,1785278527.130945,True,False,False,False
1785278527.1840265,1785278527.1609545,True,False,False,False
1785278527.1840265,1785278527.1609545,True,False,False,False
1785278527.1840265,1785278527.1609545,True,False,False,False
1785278527.2136583,1785278527.190943,True,False,False,False
1785278527.2136583,1785278527.190943,False,True,False,False
1785278527.2136583,1785278527.190943,False,True,False,False
1785278527.2442117,1785278527.2209687,False,True,False,False
1785278527.2442117,1785278527.2209687,False,True,False,False
1785278527.2442117,1785278527.2209687,False,True,False,False
1785278527.2744904,1785278527.2509441,False,True,False,False
1785278527.2744904,1785278527.2509441,False,True,False,False
1785278527.2744904,1785278527.2509441,False,True,False,False
1785278527.3047118,1785278527.2809398,False,True,False,False
1785278527.3047118,1785278527.2809398,False,True,False,False
1785278527.3047118,1785278527.2809398,False,True,False,False
1785278527.3047118,1785278527.2809398,False,True,False,False
1785278527.3437073,1785278527.3209426,False,True,False,False
1785278527.3437073,1785278527.3209426,True,True,False,False
1785278527.3437073,1785278527.3209426,True,True,False,False
1785278527.375052,1785278527.350943,True,True,False,False
1785278527.375052,1785278527.350943,False,True,False,False
1785278527.375052,1785278527.350943,False,True,False,False
1785278527.403798,1785278527.380959,False,True,False,False
1785278527.403798,1785278527.380959,False,True,False,False
1785278527.403798,1785278527.380959,False,True,False,False
1785278527.4349737,1785278527.4109426,False,True,False,False
1785278527.4349737,1785278527.4109426,False,True,False,False
1785278527.4349737,1785278527.4109426,False,True,False,False
1785278527.4656274,1785278527.4405856,False,True,False,False
1785278527.4656274,1785278527.4405856,False,True,False,False
1785278527.4656274,1785278527.4405856,False,True,False,False
1785278527.4939013,1785278527.4709623,False,True,False,False
1785278527.4939013,1785278527.4709623,False,True,False,False
1785278527.4939013,1785278527.4709623,False,True,False,False
1785278527.523944,1785278527.5009863,False,True,False,False
1785278527.523944,1785278527.5009863,False,True,False,False
1785278527.523944,1785278527.5009863,False,True,False,False
1785278527.554341,1785278527.5309703,False,True,False,False
1785278527.554341,1785278527.5309703,False,True,False,False
1785278527.554341,1785278527.5309703,False,True,False,False
1785278527.5848367,1785278527.5609648,False,True,False,False
1785278527.5848367,1785278527.5609648,False,True,False,False
1785278527.5848367,1785278527.5609648,False,True,False,False
1785278527.5848367,1785278527.5609648,False,True,False,False
1785278527.6238332,1785278527.6009555,False,True,False,False
1785278527.6238332,1785278527.6009555,False,True,False,False
1785278527.6238332,1785278527.6009555,False,True,False,False
1785278527.6539185,1785278527.630103,False,True,False,False
1785278527.6539185,1785278527.630103,False,True,False,False
1785278527.6539185,1785278527.630103,False,True,False,False
1785278527.684261,1785278527.660971,False,True,False,False
1785278527.684261,1785278527.660971,False,True,False,False
1785278527.684261,1785278527.660971,False,True,False,False
1785278527.7136157,1785278527.6906488,False,True,False,False
1785278527.7136157,1785278527.6906488,False,True,False,False
1785278527.7136157,1785278527.6906488,False,True,False,False
1785278527.7441745,1785278527.7209566,False,True,False,False
1785278527.7441745,1785278527.7209566,True,False,True,False
1785278527.7441745,1785278527.7209566,True,False,True,False
1785278527.774068,1785278527.7509534,True,False,True,False
1785278527.774068,1785278527.7509534,True,False,False,False
1785278527.774068,1785278527.7509534,True,False,False,False
1785278527.8047128,1785278527.7809637,True,False,False,False
1785278527.8047128,1785278527.7809637,True,False,False,False
1785278527.8047128,1785278527.7809637,True,False,False,False
1785278527.8047128,1785278527.7809637,True,False,False,False
1785278527.843685,1785278527.820947,True,False,False,False
1785278527.843685,1785278527.820947,True,False,False,False
1785278527.843685,1785278527.820947,True,False,False,False
1785278527.8739183,1785278527.8509521,True,False,False,False
1785278527.8739183,1785278527.8509521,True,True,False,False
1785278527.8739183,1785278527.8509521,True,True,False,False
1785278527.9069715,1785278527.880943,True,True,False,False
1785278527.9069715,1785278527.880943,True,False,False,False
1785278527.9069715,1785278527.880943,True,False,False,False
1785278527.9069715,1785278527.880943,True,False,False,False
1785278527.934239,1785278527.9120665,True,False,False,False
1785278527.934239,1785278527.9120665,True,False,False,False
1785278527.934239,1785278527.9120665,True,False,False,False
1785278527.934239,1785278527.9120665,True,False,False,False
1785278527.9845257,1785278527.9609685,True,False,False,False
1785278527.9845257,1785278527.9609685,True,False,False,False
1785278527.9845257,1785278527.9609685,True,False,False,False
1785278528.0152452,1785278527.9909427,True,False,False,False
1785278528.0152452,1785278527.9909427,True,False,False,False
1785278528.0152452,1785278527.9909427,True,False,False,False
1785278528.0436597,1785278528.0207326,True,False,False,False
1785278528.0436597,1785278528.0207326,True,False,False,False
1785278528.0436597,1785278528.0207326,True,False,False,False
1785278528.0742896,1785278528.0509598,True,False,False,False
1785278528.0742896,1785278528.0509598,True,False,False,False
1785278528.0742896,1785278528.0509598,True,False,False,False
1785278528.1041405,1785278528.080943,True,False,False,False
1785278528.1041405,1785278528.080943,True,False,False,False
1785278528.1041405,1785278528.080943,True,False,False,False
1785278528.135022,1785278528.1109562,True,False,False,False
1785278528.135022,1785278528.1109562,True,False,False,False
1785278528.135022,1785278528.1109562,True,False,False,False
1785278528.164451,1785278528.1409426,True,False,False,False
1785278528.164451,1785278528.1409426,True,False,False,False
1785278528.164451,1785278528.1409426,True,False,False,False
1785278528.1940498,1785278528.170942,True,False,False,False
1785278528.1940498,1785278528.170942,True,False,False,False
1785278528.1940498,1785278528.170942,True,False,False,False
1785278528.224093,1785278528.2009585,True,False,False,False
1785278528.224093,1785278528.2009585,True,False,False,False
1785278528.224093,1785278528.2009585,True,False,False,False
1785278528.224093,1785278528.2009585,True,False,False,False
1785278528.2636056,1785278528.2409437,True,False,False,False
1785278528.2636056,1785278528.2409437,True,False,False,False
1785278528.2636056,1785278528.2409437,True,False,False,False
1785278528.2938888,1785278528.2709663,True,False,False,False
1785278528.2938888,1785278528.2709663,False,False,False,False
1785278528.2938888,1785278528.2709663,False,False,False,False
1785278528.3242288,1785278528.300947,False,False,False,False
1785278528.3242288,1785278528.300947,False,True,False,True
1785278528.3242288,1785278528.300947,False,True,False,True
1785278528.3540368,1785278528.3309388,False,True,False,True
1785278528.3540368,1785278528.3309388,False,True,False,False
1785278528.3540368,1785278528.3309388,False,True,False,False
1785278528.3842227,1785278528.3609421,False,True,False,False
1785278528.3842227,1785278528.3609421,False,True,False,False
1785278528.3842227,1785278528.3609421,False,True,False,False
1785278528.4142034,1785278528.3909633,False,True,False,False
1785278528.4142034,1785278528.3909633,False,True,False,False
1785278528.4142034,1785278528.3909633,False,True,False,False
1785278528.443762,1785278528.4209511,False,True,False,False
1785278528.443762,1785278528.4209511,False,True,False,False
1785278528.443762,1785278528.4209511,False,True,False,False
1785278528.443762,1785278528.4209511,False,True,False,False
1785278528.4838634,1785278528.460947,False,True,False,False
1785278528.4838634,1785278528.460947,False,True,False,False
1785278528.4838634,1785278528.460947,False,True,False,False
1785278528.514101,1785278528.4909837,False,True,False,False
1785278528.514101,1785278528.4909837,False,True,False,False
1785278528.514101,1785278528.4909837,False,True,False,False
1785278528.543979,1785278528.5209043,False,True,False,False
1785278528.543979,1785278528.5209043,False,True,False,False
1785278528.543979,1785278528.5209043,False,True,False,False
1785278528.5747035,1785278528.5509434,False,True,False,False
1785278528.5747035,1785278528.5509434,False,True,False,False
1785278528.5747035,1785278528.5509434,False,True,False,False
1785278528.6042752,1785278528.5809405,False,True,False,False
1785278528.6042752,1785278528.5809405,False,True,False,False
1785278528.6042752,1785278528.5809405,False,True,False,False
1785278528.634238,1785278528.6109402,False,True,False,False
1785278528.634238,1785278528.6109402,False,True,False,False
1785278528.634238,1785278528.6109402,False,True,False,False
1785278528.6643102,1785278528.640959,False,True,False,False
1785278528.6643102,1785278528.640959,False,True,False,False
1785278528.6643102,1785278528.640959,False,True,False,False
1785278528.6643102,1785278528.640959,False,True,False,False
1785278528.7040894,1785278528.6809547,False,True,False,False
1785278528.7040894,1785278528.6809547,False,True,False,False
1785278528.7040894,1785278528.6809547,False,True,False,False
1785278528.733837,1785278528.710575,False,True,False,False
1785278528.733837,1785278528.710575,False,True,False,False
1785278528.733837,1785278528.710575,False,True,False,False
1785278528.763857,1785278528.741011,False,True,False,False
1785278528.763857,1785278528.741011,False,True,False,False
1785278528.763857,1785278528.741011,False,True,False,False
1785278528.763857,1785278528.741011,False,True,False,False
1785278528.763857,1785278528.741011,False,True,False,False
1785278528.763857,1785278528.741011,False,True,False,False
1785278528.763857,1785278528.741011,False,True,False,False
1785278528.763857,1785278528.741011,False,True,False,False
1785278528.763857,1785278528.741011,False,True,False,False
1785278528.763857,1785278528.741011,False,True,False,False
1785278528.7950761,1785278528.8409624,False,True,False,False
1785278528.7950761,1785278528.8409624,False,True,False,False
1785278528.8243072,1785278528.8601549,False,True,False,False
1785278528.8842998,1785278528.8621736,True,False,True,False
1785278528.8842998,1785278528.8621736,True,False,True,False
1785278528.8842998,1785278528.8621736,True,False,True,False
1785278528.923705,1785278528.9009411,True,False,True,False
1785278528.923705,1785278528.9009411,True,False,False,False
1785278528.923705,1785278528.9009411,True,False,False,False
1785278528.954264,1785278528.9309597,True,False,False,False
1785278528.954264,1785278528.9309597,True,False,False,False
1785278528.954264,1785278528.9309597,True,False,False,False
1785278528.9843764,1785278528.9609468,True,False,False,False
1785278528.9843764,1785278528.9609468,True,False,False,False
1785278528.9843764,1785278528.9609468,True,False,False,False
1785278528.9843764,1785278528.9609468,True,False,False,False
1785278529.0148585,1785278528.9917328,True,False,False,False
1785278529.0148585,1785278528.9917328,True,False,False,False
1785278529.043949,1785278529.020974,True,False,False,False
1785278529.043949,1785278529.020974,True,False,False,False
1785278529.043949,1785278529.020974,True,False,False,False
1785278529.0743632,1785278529.0509624,True,False,False,False
1785278529.0743632,1785278529.0509624,True,False,False,False
1785278529.0743632,1785278529.0509624,True,False,False,False
1785278529.104505,1785278529.0809557,True,False,False,False
1785278529.104505,1785278529.0809557,True,False,False,False
1785278529.104505,1785278529.0809557,True,False,False,False
1785278529.1343408,1785278529.1108115,True,False,False,False
1785278529.1343408,1785278529.1108115,True,False,False,False
1785278529.1343408,1785278529.1108115,True,False,False,False
1785278529.1644037,1785278529.1409433,True,False,False,False
1785278529.1644037,1785278529.1409433,True,False,False,False
1785278529.1644037,1785278529.1409433,True,False,False,False
1785278529.1644037,1785278529.1409433,True,False,False,False
1785278529.20409,1785278529.1809416,True,False,False,False
1785278529.20409,1785278529.1809416,True,False,False,False
1785278529.20409,1785278529.1809416,True,False,False,False
1785278529.2346268,1785278529.210958,True,False,False,False
1785278529.2346268,1785278529.210958,True,False,False,False
1785278529.2346268,1785278529.210958,True,False,False,False
1785278529.2647436,1785278529.2409434,True,False,False,False
1785278529.2647436,1785278529.2409434,True,False,False,False
1785278529.2647436,1785278529.2409434,True,False,False,False
1785278529.2937841,1785278529.2709424,True,False,False,False
1785278529.2937841,1785278529.2709424,True,False,False,False
1785278529.2937841,1785278529.2709424,True,False,False,False
1785278529.3241787,1785278529.3009727,True,False,False,False
1785278529.3241787,1785278529.3009727,True,False,False,False
1785278529.3241787,1785278529.3009727,True,False,False,False
1785278529.3544633,1785278529.3309546,True,False,False,False
1785278529.3544633,1785278529.3309546,True,False,False,False
1785278529.3544633,1785278529.3309546,True,False,False,False
1785278529.3842192,1785278529.36095,True,False,False,False
1785278529.3842192,1785278529.36095,True,False,False,False
1785278529.3842192,1785278529.36095,True,False,False,False
1785278529.4142323,1785278529.3909526,True,False,False,False
1785278529.4142323,1785278529.3909526,True,False,False,False
1785278529.4142323,1785278529.3909526,True,False,False,False
1785278529.4447815,1785278529.420959,True,False,False,False
1785278529.4447815,1785278529.420959,False,True,False,False
1785278529.4447815,1785278529.420959,False,True,False,False
1785278529.4746137,1785278529.4509532,False,True,False,False
1785278529.4746137,1785278529.4509532,False,True,False,False
1785278529.4746137,1785278529.4509532,False,True,False,False
1785278529.4746137,1785278529.4509532,False,True,False,False
1785278529.5146048,1785278529.490962,False,True,False,False
1785278529.5146048,1785278529.490962,False,True,False,False
1785278529.5146048,1785278529.490962,False,True,False,False
1785278529.5440483,1785278529.520944,False,True,False,False
1785278529.5440483,1785278529.520944,False,True,False,False
1785278529.5440483,1785278529.520944,False,True,False,False
1785278529.573819,1785278529.5509744,False,True,False,False
1785278529.573819,1785278529.5509744,False,True,False,False
1785278529.573819,1785278529.5509744,False,True,False,False
1785278529.603938,1785278529.5809557,False,True,False,False
1785278529.603938,1785278529.5809557,False,True,False,False
1785278529.603938,1785278529.5809557,False,True,False,False
1785278529.634256,1785278529.6109436,False,True,False,False
1785278529.634256,1785278529.6109436,False,True,False,False
1785278529.634256,1785278529.6109436,False,True,False,False
1785278529.6648164,1785278529.6409585,False,True,False,False
1785278529.6648164,1785278529.6409585,False,True,False,False
1785278529.6648164,1785278529.6409585,False,True,False,False
1785278529.69387,1785278529.6709425,False,True,False,False
1785278529.69387,1785278529.6709425,False,True,False,False
1785278529.69387,1785278529.6709425,False,True,False,False
1785278529.69387,1785278529.6709425,False,True,False,False
1785278529.69387,1785278529.6709425,False,True,False,False
1785278529.7339535,1785278529.7119873,False,True,False,False
1785278529.7339535,1785278529.7119873,False,True,False,False
1785278529.7643163,1785278529.740957,False,True,False,False
1785278529.7643163,1785278529.740957,False,True,False,False
1785278529.7643163,1785278529.740957,False,True,False,False
1785278529.7937675,1785278529.7709446,False,True,False,False
1785278529.7937675,1785278529.7709446,False,True,False,False
1785278529.7937675,1785278529.7709446,False,True,False,False
1785278529.824673,1785278529.8009698,False,True,False,False
1785278529.824673,1785278529.8009698,False,True,False,False
1785278529.824673,1785278529.8009698,False,True,False,False
1785278529.8544903,1785278529.8309603,False,True,False,False
1785278529.8544903,1785278529.8309603,False,True,False,False
1785278529.8544903,1785278529.8309603,False,True,False,False
1785278529.8851616,1785278529.8609545,False,True,False,False
1785278529.8851616,1785278529.8609545,False,True,False,False
1785278529.8851616,1785278529.8609545,False,True,False,False
1785278529.9147477,1785278529.8909516,False,True,False,False
1785278529.9147477,1785278529.8909516,False,True,False,False
1785278529.9147477,1785278529.8909516,False,True,False,False
1785278529.9147477,1785278529.8909516,False,True,False,False
1785278529.9537792,1785278529.9309595,False,True,False,False
1785278529.9537792,1785278529.9309595,False,True,False,False
1785278529.9537792,1785278529.9309595,False,True,False,False
1785278529.985713,1785278529.960944,False,True,False,False
1785278529.985713,1785278529.960944,False,False,False,False
1785278529.985713,1785278529.960944,False,False,False,False
1785278530.0149813,1785278529.9909754,False,False,False,False
1785278530.0149813,1785278529.9909754,True,False,False,False
1785278530.0149813,1785278529.9909754,True,False,False,False
1785278530.0438924,1785278530.0209672,True,False,False,False
1785278530.0438924,1785278530.0209672,True,False,False,False
1785278530.0438924,1785278530.0209672,True,False,False,False
1785278530.0438924,1785278530.0209672,True,False,False,False
1785278530.0438924,1785278530.0209672,True,False,False,False
1785278530.0438924,1785278530.0209672,True,False,False,False
1785278530.093482,1785278530.0720167,True,False,False,False
1785278530.093482,1785278530.0720167,True,False,False,False
1785278530.12461,1785278530.1009436,True,False,False,False
1785278530.12461,1785278530.1009436,True,False,False,False
1785278530.12461,1785278530.1009436,True,False,False,False
1785278530.1545,1785278530.1309404,True,False,False,False
1785278530.1545,1785278530.1309404,True,False,False,False
1785278530.1545,1785278530.1309404,True,False,False,False
1785278530.1845415,1785278530.160941,True,False,False,False
1785278530.1845415,1785278530.160941,True,False,False,False
1785278530.1845415,1785278530.160941,True,False,False,False
1785278530.1845415,1785278530.160941,True,False,False,False
1785278530.1845415,1785278530.160941,True,False,False,False
1785278530.2345421,1785278530.210955,True,False,False,False
1785278530.2345421,1785278530.210955,True,False,False,False
1785278530.2345421,1785278530.210955,True,False,False,False
1785278530.2636929,1785278530.2409406,True,False,False,False
1785278530.2636929,1785278530.2409406,True,False,False,False
1785278530.2636929,1785278530.2409406,True,False,False,False
1785278530.2937129,1785278530.270971,True,False,False,False
1785278530.2937129,1785278530.270971,True,False,False,False
1785278530.2937129,1785278530.270971,True,False,False,False
1785278530.3247461,1785278530.300946,True,False,False,False
1785278530.3247461,1785278530.300946,True,False,False,False
1785278530.3247461,1785278530.300946,True,False,False,False
1785278530.3247461,1785278530.300946,True,False,False,False
1785278530.3247461,1785278530.300946,True,False,False,False
1785278530.3742085,1785278530.350944,True,False,False,False
1785278530.3742085,1785278530.350944,True,False,False,False
1785278530.3742085,1785278530.350944,True,False,False,False
1785278530.4040968,1785278530.38094,True,False,False,False
1785278530.4040968,1785278530.38094,True,False,False,False
1785278530.4040968,1785278530.38094,True,False,False,False
1785278530.4349284,1785278530.4109569,True,False,False,False
1785278530.4349284,1785278530.4109569,True,False,False,False
1785278530.4349284,1785278530.4109569,True,False,False,False
1785278530.4646392,1785278530.4409528,True,False,False,False
1785278530.4646392,1785278530.4409528,True,False,False,False
1785278530.4646392,1785278530.4409528,True,False,False,False
1785278530.494537,1785278530.4709418,True,False,False,False
1785278530.494537,1785278530.4709418,True,False,False,False
1785278530.494537,1785278530.4709418,True,False,False,False
1785278530.494537,1785278530.4709418,True,False,False,False
1785278530.5241475,1785278530.5083942,True,False,False,False
1785278530.5241475,1785278530.5083942,True,False,False,False
1785278530.5545342,1785278530.5309455,True,False,False,False
1785278530.5545342,1785278530.5309455,False,True,False,True
1785278530.5545342,1785278530.5309455,False,True,False,True
1785278530.5842113,1785278530.5609787,False,True,False,True
1785278530.5842113,1785278530.5609787,False,True,False,False
1785278530.5842113,1785278530.5609787,False,True,False,False
1785278530.6144743,1785278530.5909607,False,True,False,False
1785278530.6144743,1785278530.5909607,False,True,False,False
1785278530.6144743,1785278530.5909607,False,True,False,False
1785278530.6144743,1785278530.5909607,False,True,False,False
1785278530.6546237,1785278530.6309676,False,True,False,False
1785278530.6546237,1785278530.6309676,False,True,False,False
1785278530.6546237,1785278530.6309676,False,True,False,False
1785278530.683936,1785278530.660943,False,True,False,False
1785278530.683936,1785278530.660943,False,True,False,False
1785278530.683936,1785278530.660943,False,True,False,False
1785278530.7145834,1785278530.690941,False,True,False,False
1785278530.7145834,1785278530.690941,False,True,False,False
1785278530.7145834,1785278530.690941,False,True,False,False
1785278530.743528,1785278530.7209384,False,True,False,False
1785278530.743528,1785278530.7209384,False,True,False,False
1785278530.743528,1785278530.7209384,False,True,False,False
1785278530.7742796,1785278530.7509553,False,True,False,False
1785278530.7742796,1785278530.7509553,False,True,False,False
1785278530.7742796,1785278530.7509553,False,True,False,False
1785278530.8046186,1785278530.7809672,False,True,False,False
1785278530.8046186,1785278530.7809672,False,True,False,False
1785278530.8046186,1785278530.7809672,False,True,False,False
1785278530.8345277,1785278530.8110034,False,True,False,False
1785278530.8345277,1785278530.8110034,False,True,False,False
1785278530.8345277,1785278530.8110034,False,True,False,False
1785278530.8649397,1785278530.840952,False,True,False,False
1785278530.8649397,1785278530.840952,False,True,False,False
1785278530.8649397,1785278530.840952,False,True,False,False
1785278530.8649397,1785278530.840952,False,True,False,False
1785278530.9040065,1785278530.8809564,False,True,False,False
1785278530.9040065,1785278530.8809564,False,True,False,False
1785278530.9040065,1785278530.8809564,False,True,False,False
1785278530.9345508,1785278530.910941,False,True,False,False
1785278530.9345508,1785278530.910941,False,True,False,False
1785278530.9345508,1785278530.910941,False,True,False,False
1785278530.9647102,1785278530.9409564,False,True,False,False
1785278530.9647102,1785278530.9409564,False,True,False,False
1785278530.9647102,1785278530.9409564,False,True,False,False
1785278530.9938521,1785278530.9709673,False,True,False,False
1785278530.9938521,1785278530.9709673,False,True,False,False
1785278530.9938521,1785278530.9709673,False,True,False,False
1785278530.9938521,1785278530.9709673,False,True,False,False
1785278530.9938521,1785278530.9709673,False,True,False,False
1785278531.0446537,1785278531.020963,False,True,False,False
1785278531.0446537,1785278531.020963,False,True,False,False
1785278531.0446537,1785278531.020963,False,True,False,False
1785278531.0739944,1785278531.0509648,False,True,False,False
1785278531.0739944,1785278531.0509648,False,True,False,False
1785278531.0739944,1785278531.0509648,False,True,False,False
1785278531.1037083,1785278531.0809457,False,True,False,False
1785278531.1037083,1785278531.0809457,False,False,False,False
1785278531.1037083,1785278531.0809457,False,False,False,False
1785278531.1337833,1785278531.1109645,False,False,False,False
1785278531.1337833,1785278531.1109645,True,False,False,False
1785278531.1337833,1785278531.1109645,True,False,False,False
1785278531.1637638,1785278531.1409497,True,False,False,False
1785278531.1637638,1785278531.1409497,True,False,False,False
1785278531.1637638,1785278531.1409497,True,False,False,False
1785278531.1944225,1785278531.1709464,True,False,False,False
1785278531.1944225,1785278531.1709464,True,False,False,False
1785278531.1944225,1785278531.1709464,True,False,False,False
1785278531.224218,1785278531.2009447,True,False,False,False
1785278531.224218,1785278531.2009447,True,False,False,False
1785278531.224218,1785278531.2009447,True,False,False,False
1785278531.224218,1785278531.2009447,True,False,False,False
1785278531.263598,1785278531.240945,True,False,False,False
1785278531.263598,1785278531.240945,True,False,False,False
1785278531.263598,1785278531.240945,True,False,False,False
1785278531.2940376,1785278531.2709403,True,False,False,False
1785278531.2940376,1785278531.2709403,True,False,False,False
1785278531.2940376,1785278531.2709403,True,False,False,False
1785278531.3241608,1785278531.30097,True,False,False,False
1785278531.3241608,1785278531.30097,True,False,False,False
1785278531.3241608,1785278531.30097,True,False,False,False
1785278531.3532155,1785278531.3309448,True,False,False,False
1785278531.3532155,1785278531.3309448,True,False,False,False
1785278531.3532155,1785278531.3309448,True,False,False,False
1785278531.3838668,1785278531.3609447,True,False,False,False
1785278531.3838668,1785278531.3609447,True,False,False,False
1785278531.3838668,1785278531.3609447,True,False,False,False
1785278531.4155178,1785278531.3909428,True,False,False,False
1785278531.4155178,1785278531.3909428,True,False,False,False
1785278531.4155178,1785278531.3909428,True,False,False,False
1785278531.4441068,1785278531.4209428,True,False,False,False
1785278531.4441068,1785278531.4209428,True,False,False,False
1785278531.4441068,1785278531.4209428,True,False,False,False
1785278531.4739008,1785278531.4509592,True,False,False,False
1785278531.4739008,1785278531.4509592,True,False,False,False
1785278531.4739008,1785278531.4509592,True,False,False,False
1785278531.504817,1785278531.4809432,True,False,False,False
1785278531.504817,1785278531.4809432,True,False,False,False
1785278531.504817,1785278531.4809432,True,False,False,False
1785278531.504817,1785278531.4809432,True,False,False,False
1785278531.544009,1785278531.5209677,True,False,False,False
1785278531.544009,1785278531.5209677,True,False,False,False
1785278531.544009,1785278531.5209677,True,False,False,False
1785278531.5740073,1785278531.5509608,True,False,False,False
1785278531.5740073,1785278531.5509608,True,False,False,False
1785278531.5740073,1785278531.5509608,True,False,False,False
1785278531.6036,1785278531.5809999,True,False,False,False
1785278531.6036,1785278531.5809999,True,False,False,False
1785278531.6036,1785278531.5809999,True,False,False,False
1785278531.6353912,1785278531.6109648,True,False,False,False
1785278531.6353912,1785278531.6109648,True,False,False,False
1785278531.6353912,1785278531.6109648,True,False,False,False
1785278531.6353912,1785278531.6109648,True,False,False,False
1785278531.6353912,1785278531.6109648,True,False,False,False
1785278531.6840243,1785278531.6609683,True,False,False,False
1785278531.6840243,1785278531.6609683,False,True,False,False
1785278531.6840243,1785278531.6609683,False,True,False,False
1785278531.7145326,1785278531.6909502,False,True,False,False
1785278531.7145326,1785278531.6909502,False,True,False,False
1785278531.7145326,1785278531.6909502,False,True,False,False
1785278531.7455342,1785278531.720944,False,True,False,False
1785278531.7455342,1785278531.720944,False,True,False,False
1785278531.7455342,1785278531.720944,False,True,False,False
1785278531.7734165,1785278531.7509694,False,True,False,False
1785278531.7734165,1785278531.7509694,False,True,False,False
1785278531.7734165,1785278531.7509694,False,True,False,False
1785278531.803626,1785278531.7809777,False,True,False,False
1785278531.803626,1785278531.7809777,False,True,False,False
1785278531.803626,1785278531.7809777,False,True,False,False
1785278531.803626,1785278531.7809777,False,True,False,False
1785278531.803626,1785278531.7809777,False,True,False,False
1785278531.8545222,1785278531.8310058,False,True,False,False
1785278531.8545222,1785278531.8310058,False,True,False,False
1785278531.8545222,1785278531.8310058,False,True,False,False
1785278531.883771,1785278531.8609586,False,True,False,False
1785278531.883771,1785278531.8609586,False,True,False,False
1785278531.883771,1785278531.8609586,False,True,False,False
1785278531.9140022,1785278531.8909478,False,True,False,False
1785278531.9140022,1785278531.8909478,False,True,False,False
1785278531.9140022,1785278531.8909478,False,True,False,False
1785278531.944101,1785278531.9209428,False,True,False,False
1785278531.944101,1785278531.9209428,False,True,False,False
1785278531.944101,1785278531.9209428,False,True,False,False
1785278531.974229,1785278531.950953,False,True,False,False
1785278531.974229,1785278531.950953,False,True,False,False
1785278531.974229,1785278531.950953,False,True,False,False
1785278532.004225,1785278531.9809449,False,True,False,False
1785278532.004225,1785278531.9809449,False,True,False,False
1785278532.004225,1785278531.9809449,False,True,False,False
1785278532.0343995,1785278532.010965,False,True,False,False
1785278532.0343995,1785278532.010965,False,True,False,False
1785278532.0343995,1785278532.010965,False,True,False,False
1785278532.0653393,1785278532.0409472,False,True,False,False
1785278532.0653393,1785278532.0409472,False,True,False,False
1785278532.0653393,1785278532.0409472,False,True,False,False
1785278532.0653393,1785278532.0409472,False,True,False,False
1785278532.1037195,1785278532.0809474,False,True,False,False
1785278532.1037195,1785278532.0809474,False,True,False,False
1785278532.1037195,1785278532.0809474,False,True,False,False
1785278532.134213,1785278532.1109836,False,True,False,False
1785278532.134213,1785278532.1109836,False,True,False,False
1785278532.134213,1785278532.1109836,False,True,False,False
1785278532.1650095,1785278532.1409597,False,True,False,False
1785278532.1650095,1785278532.1409597,False,True,False,False
1785278532.1650095,1785278532.1409597,False,True,False,False
1785278532.193794,1785278532.170958,False,True,False,False
1785278532.193794,1785278532.170958,False,False,False,False
1785278532.193794,1785278532.170958,False,False,False,False
1785278532.224126,1785278532.200947,False,False,False,False
1785278532.224126,1785278532.200947,True,False,True,False
1785278532.224126,1785278532.200947,True,False,True,False
1785278532.2541218,1785278532.2309442,True,False,True,False
1785278532.2541218,1785278532.2309442,True,False,False,False
1785278532.2541218,1785278532.2309442,True,False,False,False
1785278532.2856238,1785278532.2609427,True,False,False,False
1785278532.2856238,1785278532.2609427,True,False,False,False
1785278532.2856238,1785278532.2609427,True,False,False,False
1785278532.2856238,1785278532.2609427,True,False,False,False
1785278532.3238046,1785278532.300944,True,False,False,False
1785278532.3238046,1785278532.300944,True,False,False,False
1785278532.3238046,1785278532.300944,True,False,False,False
1785278532.354492,1785278532.330942,True,False,False,False
1785278532.354492,1785278532.330942,True,False,False,False
1785278532.354492,1785278532.330942,True,False,False,False
1785278532.384477,1785278532.36097,True,False,False,False
1785278532.384477,1785278532.36097,True,False,False,False
1785278532.384477,1785278532.36097,True,False,False,False
1785278532.41422,1785278532.3909442,True,False,False,False
1785278532.41422,1785278532.3909442,True,False,False,False
1785278532.41422,1785278532.3909442,True,False,False,False
1785278532.4442687,1785278532.4209423,True,False,False,False
1785278532.4442687,1785278532.4209423,True,False,False,False
1785278532.4442687,1785278532.4209423,True,False,False,False
1785278532.4742668,1785278532.4509547,True,False,False,False
1785278532.4742668,1785278532.4509547,True,False,False,False
1785278532.4742668,1785278532.4509547,True,False,False,False
1785278532.50464,1785278532.4809594,True,False,False,False
1785278532.50464,1785278532.4809594,True,False,False,False
1785278532.50464,1785278532.4809594,True,False,False,False
1785278532.50464,1785278532.4809594,True,False,False,False
1785278532.5438638,1785278532.520969,True,False,False,False
1785278532.5438638,1785278532.520969,True,False,False,False
1785278532.5438638,1785278532.520969,True,False,False,False
1785278532.573916,1785278532.5509584,True,False,False,False
1785278532.573916,1785278532.5509584,True,False,False,False
1785278532.573916,1785278532.5509584,True,False,False,False
1785278532.6041365,1785278532.5809612,True,False,False,False
1785278532.6041365,1785278532.5809612,True,False,False,False
1785278532.6041365,1785278532.5809612,True,False,False,False
1785278532.6341658,1785278532.6109946,True,False,False,False
1785278532.6341658,1785278532.6109946,True,False,False,False
1785278532.6341658,1785278532.6109946,True,False,False,False
1785278532.6643257,1785278532.6409745,True,False,False,False
1785278532.6643257,1785278532.6409745,True,False,False,False
1785278532.6643257,1785278532.6409745,True,False,False,False
1785278532.6939998,1785278532.6709476,True,False,False,False
1785278532.6939998,1785278532.6709476,True,False,False,False
1785278532.6939998,1785278532.6709476,True,False,False,False
1785278532.6939998,1785278532.6709476,True,False,False,False
1785278532.7346811,1785278532.710943,True,False,False,False
1785278532.7346811,1785278532.710943,True,False,False,False
1785278532.7346811,1785278532.710943,True,False,False,False
1785278532.764254,1785278532.7409449,True,False,False,False
1785278532.764254,1785278532.7409449,False,False,False,False
1785278532.764254,1785278532.7409449,False,False,False,False
1785278532.793987,1785278532.770942,False,False,False,False
1785278532.793987,1785278532.770942,False,False,False,False
1785278532.793987,1785278532.770942,False,False,False,False
1785278532.8238552,1785278532.8009608,False,False,False,False
1785278532.8238552,1785278532.8009608,False,True,False,False
1785278532.8238552,1785278532.8009608,False,True,False,False
1785278532.8541389,1785278532.8309636,False,True,False,False
1785278532.8541389,1785278532.8309636,False,True,False,False
1785278532.8541389,1785278532.8309636,False,True,False,False
1785278532.8845563,1785278532.8610003,False,True,False,False
1785278532.8845563,1785278532.8610003,False,True,False,False
1785278532.8845563,1785278532.8610003,False,True,False,False
1785278532.9144168,1785278532.8909469,False,True,False,False
1785278532.9144168,1785278532.8909469,False,True,False,False
1785278532.9144168,1785278532.8909469,False,True,False,False
1785278532.944154,1785278532.920944,False,True,False,False
1785278532.944154,1785278532.920944,False,True,False,False
1785278532.944154,1785278532.920944,False,True,False,False
1785278532.944154,1785278532.920944,False,True,False,False
1785278532.983615,1785278532.9609752,False,True,False,False
1785278532.983615,1785278532.9609752,False,True,False,False
1785278532.983615,1785278532.9609752,False,True,False,False
1785278533.014437,1785278532.990962,False,True,False,False
1785278533.014437,1785278532.990962,False,True,False,False
1785278533.014437,1785278532.990962,False,True,False,False
1785278533.043567,1785278533.020963,False,True,False,False
1785278533.043567,1785278533.020963,False,True,False,False
1785278533.043567,1785278533.020963,False,True,False,False
1785278533.0745313,1785278533.0509655,False,True,False,False
1785278533.0745313,1785278533.0509655,False,True,False,False
1785278533.0745313,1785278533.0509655,False,True,False,False
1785278533.104469,1785278533.0809476,False,True,False,False
1785278533.104469,1785278533.0809476,False,True,False,False
1785278533.104469,1785278533.0809476,False,True,False,False
1785278533.104469,1785278533.0809476,False,True,False,False
1785278533.104469,1785278533.0809476,False,True,False,False
1785278533.1542356,1785278533.130949,False,True,False,False
1785278533.1542356,1785278533.130949,False,True,False,False
1785278533.1542356,1785278533.130949,False,True,False,False
1785278533.184044,1785278533.160944,False,True,False,False
1785278533.184044,1785278533.160944,False,True,False,False
1785278533.184044,1785278533.160944,False,True,False,False
1785278533.2136831,1785278533.190953,False,True,False,False
1785278533.2136831,1785278533.190953,False,True,False,False
1785278533.2136831,1785278533.190953,False,True,False,False
1785278533.2437415,1785278533.220957,False,True,False,False
1785278533.2437415,1785278533.220957,False,True,False,False
1785278533.2437415,1785278533.220957,False,True,False,False
1785278533.275088,1785278533.2509458,False,True,False,False
1785278533.275088,1785278533.2509458,False,True,False,False
1785278533.275088,1785278533.2509458,False,True,False,False
1785278533.30376,1785278533.2809432,False,True,False,False
1785278533.30376,1785278533.2809432,False,True,False,False
1785278533.30376,1785278533.2809432,False,True,False,False
1785278533.30376,1785278533.2809432,False,True,False,False
1785278533.30376,1785278533.2809432,False,True,False,False
1785278533.3535419,1785278533.330965,False,True,False,False
1785278533.3535419,1785278533.330965,True,False,True,False
1785278533.3535419,1785278533.330965,True,False,True,False
1785278533.385588,1785278533.3609438,True,False,True,False
1785278533.385588,1785278533.3609438,True,False,False,False
1785278533.385588,1785278533.3609438,True,False,False,False
1785278533.413718,1785278533.3909686,True,False,False,False
1785278533.413718,1785278533.3909686,True,False,False,False
1785278533.413718,1785278533.3909686,True,False,False,False
1785278533.413718,1785278533.3909686,True,False,False,False
1785278533.413718,1785278533.3909686,True,False,False,False
1785278533.46399,1785278533.4409626,True,False,False,False
1785278533.46399,1785278533.4409626,True,False,False,False
1785278533.46399,1785278533.4409626,True,False,False,False
1785278533.4941585,1785278533.470944,True,False,False,False
1785278533.4941585,1785278533.470944,True,False,False,False
1785278533.4941585,1785278533.470944,True,False,False,False
1785278533.5236402,1785278533.5009553,True,False,False,False
1785278533.5236402,1785278533.5009553,True,False,False,False
1785278533.5236402,1785278533.5009553,True,False,False,False
1785278533.5546322,1785278533.5309677,True,False,False,False
1785278533.5546322,1785278533.5309677,True,False,False,False
1785278533.5546322,1785278533.5309677,True,False,False,False
1785278533.5546322,1785278533.5309677,True,False,False,False
1785278533.5546322,1785278533.5309677,True,False,False,False
1785278533.6041496,1785278533.5809631,True,False,False,False
1785278533.6041496,1785278533.5809631,True,False,False,False
1785278533.6041496,1785278533.5809631,True,False,False,False
1785278533.6343484,1785278533.6109583,True,False,False,False
1785278533.6343484,1785278533.6109583,True,False,False,False
1785278533.6343484,1785278533.6109583,True,False,False,False
1785278533.6641681,1785278533.6409593,True,False,False,False
1785278533.6641681,1785278533.6409593,True,False,False,False
1785278533.6641681,1785278533.6409593,True,False,False,False
1785278533.69412,1785278533.670942,True,False,False,False
1785278533.69412,1785278533.670942,True,False,False,False
1785278533.69412,1785278533.670942,True,False,False,False
1785278533.7241826,1785278533.7009406,True,False,False,False
1785278533.7241826,1785278533.7009406,True,False,False,False
1785278533.7241826,1785278533.7009406,True,False,False,False
1785278533.7544148,1785278533.7309384,True,False,False,False
1785278533.7544148,1785278533.7309384,True,False,False,False
1785278533.7544148,1785278533.7309384,True,False,False,False
1785278533.7544148,1785278533.7309384,True,False,False,False
1785278533.793145,1785278533.7709436,True,False,False,False
1785278533.793145,1785278533.7709436,True,False,False,False
1785278533.793145,1785278533.7709436,True,False,False,False
1785278533.8246205,1785278533.8009636,True,False,False,False
1785278533.8246205,1785278533.8009636,True,False,False,False
1785278533.8246205,1785278533.8009636,True,False,False,False
1785278533.85411,1785278533.830981,True,False,False,False
1785278533.85411,1785278533.830981,True,False,False,False
1785278533.85411,1785278533.830981,True,False,False,False
1785278533.8841794,1785278533.8609595,True,False,False,False
1785278533.8841794,1785278533.8609595,False,False,False,False
1785278533.8841794,1785278533.8609595,False,False,False,False
1785278533.9144714,1785278533.8909466,False,False,False,False
1785278533.9144714,1785278533.8909466,False,True,False,True
1785278533.9144714,1785278533.8909466,False,True,False,True
1785278533.9445105,1785278533.920945,False,True,False,True
1785278533.9445105,1785278533.920945,False,True,False,False
1785278533.9445105,1785278533.920945,False,True,False,False
1785278533.97424,1785278533.9509573,False,True,False,False
1785278533.97424,1785278533.9509573,False,True,False,False
1785278533.97424,1785278533.9509573,False,True,False,False
1785278534.0043478,1785278533.9809446,False,True,False,False
1785278534.0043478,1785278533.9809446,False,True,False,False
1785278534.0043478,1785278533.9809446,False,True,False,False
1785278534.0043478,1785278533.9809446,False,True,False,False
1785278534.0440898,1785278534.0209792,False,True,False,False
1785278534.0440898,1785278534.0209792,False,True,False,False
1785278534.0440898,1785278534.0209792,False,True,False,False
1785278534.0740695,1785278534.0509627,False,True,False,False
1785278534.0740695,1785278534.0509627,False,True,False,False
1785278534.0740695,1785278534.0509627,False,True,False,False
1785278534.1044946,1785278534.0809503,False,True,False,False
1785278534.1044946,1785278534.0809503,False,True,False,False
1785278534.1044946,1785278534.0809503,False,True,False,False
1785278534.1044946,1785278534.0809503,False,True,False,False
1785278534.1044946,1785278534.0809503,False,True,False,False
1785278534.1543896,1785278534.1309462,False,True,False,False
1785278534.1543896,1785278534.1309462,False,True,False,False
1785278534.1543896,1785278534.1309462,False,True,False,False
1785278534.183979,1785278534.1609433,False,True,False,False
1785278534.183979,1785278534.1609433,False,True,False,False
1785278534.183979,1785278534.1609433,False,True,False,False
1785278534.2135944,1785278534.19094,False,True,False,False
1785278534.2135944,1785278534.19094,False,True,False,False
1785278534.2135944,1785278534.19094,False,True,False,False
1785278534.2433925,1785278534.2209432,False,True,False,False
1785278534.2433925,1785278534.2209432,False,True,False,False
1785278534.2433925,1785278534.2209432,False,True,False,False
1785278534.2433925,1785278534.2209432,False,True,False,False
1785278534.2433925,1785278534.2209432,False,True,False,False
1785278534.2938418,1785278534.2709434,False,True,False,False
1785278534.2938418,1785278534.2709434,False,True,False,False
1785278534.2938418,1785278534.2709434,False,True,False,False
1785278534.3237617,1785278534.3009722,False,True,False,False
1785278534.3237617,1785278534.3009722,False,True,False,False
1785278534.3237617,1785278534.3009722,False,True,False,False
1785278534.3544858,1785278534.330949,False,True,False,False
1785278534.3544858,1785278534.330949,False,True,False,False
1785278534.3544858,1785278534.330949,False,True,False,False
1785278534.3841617,1785278534.3609664,False,True,False,False
1785278534.3841617,1785278534.3609664,False,True,False,False
1785278534.3841617,1785278534.3609664,False,True,False,False
1785278534.4142597,1785278534.3909483,False,True,False,False
1785278534.4142597,1785278534.3909483,False,True,False,False
1785278534.4142597,1785278534.3909483,False,True,False,False
1785278534.4438477,1785278534.420946,False,True,False,False
1785278534.4438477,1785278534.420946,False,False,False,False
1785278534.4438477,1785278534.420946,False,False,False,False
1785278534.475758,1785278534.4509542,False,False,False,False
1785278534.475758,1785278534.4509542,True,False,True,False
1785278534.475758,1785278534.4509542,True,False,True,False
1785278534.5045567,1785278534.4809513,True,False,True,False
1785278534.5045567,1785278534.4809513,True,False,False,False
1785278534.5045567,1785278534.4809513,True,False,False,False
1785278534.5045567,1785278534.4809513,True,False,False,False
1785278534.5440748,1785278534.5209715,True,False,False,False
1785278534.5440748,1785278534.5209715,True,False,False,False
1785278534.5440748,1785278534.5209715,True,False,False,False
1785278534.5737028,1785278534.5509953,True,False,False,False
1785278534.5737028,1785278534.5509953,True,False,False,False
1785278534.5737028,1785278534.5509953,True,False,False,False
1785278534.6040268,1785278534.5809674,True,False,False,False
1785278534.6040268,1785278534.5809674,True,False,False,False
1785278534.6040268,1785278534.5809674,True,False,False,False
1785278534.6340578,1785278534.6109555,True,False,False,False
1785278534.6340578,1785278534.6109555,True,False,False,False
1785278534.6340578,1785278534.6109555,True,False,False,False
1785278534.663392,1785278534.6409633,True,False,False,False
1785278534.663392,1785278534.6409633,True,False,False,False
1785278534.663392,1785278534.6409633,True,False,False,False
1785278534.6941624,1785278534.6709526,True,False,False,False
1785278534.6941624,1785278534.6709526,True,False,False,False
1785278534.6941624,1785278534.6709526,True,False,False,False
1785278534.724166,1785278534.700954,True,False,False,False
1785278534.724166,1785278534.700954,True,False,False,False
1785278534.724166,1785278534.700954,True,False,False,False
1785278534.7542646,1785278534.7309535,True,False,False,False
1785278534.7542646,1785278534.7309535,True,False,False,False
1785278534.7542646,1785278534.7309535,True,False,False,False
1785278534.7842531,1785278534.760953,True,False,False,False
1785278534.7842531,1785278534.760953,True,False,False,False
1785278534.7842531,1785278534.760953,True,False,False,False
1785278534.7842531,1785278534.760953,True,False,False,False
1785278534.8236265,1785278534.8009958,True,False,False,False
1785278534.8236265,1785278534.8009958,True,False,False,False
1785278534.8236265,1785278534.8009958,True,False,False,False
1785278534.8542824,1785278534.83096,True,False,False,False
1785278534.8542824,1785278534.83096,True,False,False,False
1785278534.8542824,1785278534.83096,True,False,False,False
1785278534.8846521,1785278534.8609643,True,False,False,False
1785278534.8846521,1785278534.8609643,True,False,False,False
1785278534.8846521,1785278534.8609643,True,False,False,False
1785278534.915032,1785278534.8909452,True,False,False,False
1785278534.915032,1785278534.8909452,True,False,False,False
1785278534.915032,1785278534.8909452,True,False,False,False
1785278534.9439607,1785278534.9209635,True,False,False,False
1785278534.9439607,1785278534.9209635,True,False,False,False
1785278534.9439607,1785278534.9209635,True,False,False,False
1785278534.9741414,1785278534.9509614,True,False,False,False
1785278534.9741414,1785278534.9509614,True,False,False,False
1785278534.9741414,1785278534.9509614,True,False,False,False
1785278535.004424,1785278534.9809434,True,False,False,False
1785278535.004424,1785278534.9809434,False,False,False,False
1785278535.004424,1785278534.9809434,False,False,False,False
1785278535.004424,1785278534.9809434,False,False,False,False
1785278535.0441,1785278535.0209744,False,False,False,False
1785278535.0441,1785278535.0209744,False,True,False,True
1785278535.0441,1785278535.0209744,False,True,False,True
1785278535.074478,1785278535.0509434,False,True,False,True
1785278535.074478,1785278535.0509434,False,True,False,False
1785278535.074478,1785278535.0509434,False,True,False,False
1785278535.1040623,1785278535.080968,False,True,False,False
1785278535.1040623,1785278535.080968,False,True,False,False
1785278535.1040623,1785278535.080968,False,True,False,False
1785278535.1350322,1785278535.1109538,False,True,False,False
1785278535.1350322,1785278535.1109538,False,True,False,False
1785278535.1350322,1785278535.1109538,False,True,False,False
1785278535.1643758,1785278535.140947,False,True,False,False
1785278535.1643758,1785278535.140947,False,True,False,False
1785278535.1643758,1785278535.140947,False,True,False,False
1785278535.1941245,1785278535.1709452,False,True,False,False
1785278535.1941245,1785278535.1709452,False,True,False,False
1785278535.1941245,1785278535.1709452,False,True,False,False
1785278535.2239656,1785278535.2009456,False,True,False,False
1785278535.2239656,1785278535.2009456,False,True,False,False
1785278535.2239656,1785278535.2009456,False,True,False,False
1785278535.2546039,1785278535.2309396,False,True,False,False
1785278535.2546039,1785278535.2309396,False,True,False,False
1785278535.2546039,1785278535.2309396,False,True,False,False
1785278535.2546039,1785278535.2309396,False,True,False,False
1785278535.2937067,1785278535.2709408,False,True,False,False
1785278535.2937067,1785278535.2709408,False,True,False,False
1785278535.2937067,1785278535.2709408,False,True,False,False
1785278535.3238208,1785278535.3009605,False,True,False,False
1785278535.3238208,1785278535.3009605,False,True,False,False
1785278535.3238208,1785278535.3009605,False,True,False,False
1785278535.3547907,1785278535.3309698,False,True,False,False
1785278535.3547907,1785278535.3309698,False,True,False,False
1785278535.3547907,1785278535.3309698,False,True,False,False
1785278535.383988,1785278535.3609476,False,True,False,False
1785278535.383988,1785278535.3609476,False,True,False,False
1785278535.383988,1785278535.3609476,False,True,False,False
1785278535.4146523,1785278535.3909419,False,True,False,False
1785278535.4146523,1785278535.3909419,False,True,False,False
1785278535.4146523,1785278535.3909419,False,True,False,False
1785278535.4440444,1785278535.4209547,False,True,False,False
1785278535.4440444,1785278535.4209547,False,True,False,False
1785278535.4440444,1785278535.4209547,False,True,False,False
1785278535.474622,1785278535.4509635,False,True,False,False
1785278535.474622,1785278535.4509635,False,True,False,False
1785278535.474622,1785278535.4509635,False,True,False,False
1785278535.474622,1785278535.4509635,False,True,False,False
1785278535.5139933,1785278535.4909453,False,True,False,False
1785278535.5139933,1785278535.4909453,False,True,False,False
1785278535.5139933,1785278535.4909453,False,True,False,False
1785278535.544191,1785278535.5209727,False,True,False,False
1785278535.544191,1785278535.5209727,False,False,False,False
1785278535.544191,1785278535.5209727,False,False,False,False
1785278535.5747702,1785278535.550948,False,False,False,False
1785278535.5747702,1785278535.550948,False,False,False,False
1785278535.5747702,1785278535.550948,False,False,False,False
1785278535.604202,1785278535.580971,False,False,False,False
1785278535.604202,1785278535.580971,True,False,False,False
1785278535.604202,1785278535.580971,True,False,False,False
1785278535.604202,1785278535.580971,True,False,False,False
1785278535.604202,1785278535.580971,True,False,False,False
1785278535.654679,1785278535.6309726,True,False,False,False
1785278535.654679,1785278535.6309726,True,False,False,False
1785278535.654679,1785278535.6309726,True,False,False,False
1785278535.6851106,1785278535.660945,True,False,False,False
1785278535.6851106,1785278535.660945,True,False,False,False
1785278535.6851106,1785278535.660945,True,False,False,False
1785278535.7146728,1785278535.6909575,True,False,False,False
1785278535.7146728,1785278535.6909575,True,False,False,False
1785278535.7146728,1785278535.6909575,True,False,False,False
1785278535.7439497,1785278535.7209432,True,False,False,False
1785278535.7439497,1785278535.7209432,True,False,False,False
1785278535.7439497,1785278535.7209432,True,False,False,False
1785278535.7439497,1785278535.7209432,True,False,False,False
1785278535.7439497,1785278535.7209432,True,False,False,False
1785278535.793859,1785278535.7709558,True,False,False,False
1785278535.793859,1785278535.7709558,True,False,False,False
1785278535.793859,1785278535.7709558,True,False,False,False
1785278535.8236744,1785278535.80096,True,False,False,False
1785278535.8236744,1785278535.80096,True,False,False,False
1785278535.8236744,1785278535.80096,True,False,False,False
1785278535.854385,1785278535.830984,True,False,False,False
1785278535.854385,1785278535.830984,True,False,False,False
1785278535.854385,1785278535.830984,True,False,False,False
1785278535.88449,1785278535.86095,True,False,False,False
1785278535.88449,1785278535.86095,True,False,False,False
1785278535.88449,1785278535.86095,True,False,False,False
1785278535.9144328,1785278535.8909638,True,False,False,False
1785278535.9144328,1785278535.8909638,True,False,False,False
1785278535.9144328,1785278535.8909638,True,False,False,False
1785278535.9442372,1785278535.9209445,True,False,False,False
1785278535.9442372,1785278535.9209445,True,False,False,False
1785278535.9442372,1785278535.9209445,True,False,False,False
1785278535.9442372,1785278535.9209445,True,False,False,False
1785278535.9839118,1785278535.9609618,True,False,False,False
1785278535.9839118,1785278535.9609618,True,False,False,False
1785278535.9839118,1785278535.9609618,True,False,False,False
1785278536.014681,1785278535.9909427,True,False,False,False
1785278536.014681,1785278535.9909427,True,False,False,False
1785278536.014681,1785278535.9909427,True,False,False,False
1785278536.043985,1785278536.0209806,True,False,False,False
1785278536.043985,1785278536.0209806,True,False,False,False
1785278536.043985,1785278536.0209806,True,False,False,False
1785278536.0737891,1785278536.0509667,True,False,False,False
1785278536.0737891,1785278536.0509667,True,False,False,False
1785278536.0737891,1785278536.0509667,True,False,False,False
1785278536.1042986,1785278536.0809445,True,False,False,False
1785278536.1042986,1785278536.0809445,False,False,False,False
1785278536.1042986,1785278536.0809445,False,False,False,False
1785278536.1338089,1785278536.1109614,False,False,False,False
1785278536.1338089,1785278536.1109614,False,False,False,False
1785278536.1338089,1785278536.1109614,False,False,False,False
1785278536.164093,1785278536.1409419,False,False,False,False
1785278536.164093,1785278536.1409419,False,True,False,False
1785278536.164093,1785278536.1409419,False,True,False,False
1785278536.1940515,1785278536.1709416,False,True,False,False
1785278536.1940515,1785278536.1709416,False,True,False,False
1785278536.1940515,1785278536.1709416,False,True,False,False
1785278536.2249033,1785278536.2009413,False,True,False,False
1785278536.2249033,1785278536.2009413,False,True,False,False
1785278536.2249033,1785278536.2009413,False,True,False,False
1785278536.2249033,1785278536.2009413,False,True,False,False
1785278536.2639332,1785278536.2409425,False,True,False,False
1785278536.2639332,1785278536.2409425,False,True,False,False
1785278536.2639332,1785278536.2409425,False,True,False,False
1785278536.2936885,1785278536.2709398,False,True,False,False
1785278536.2936885,1785278536.2709398,False,True,False,False
1785278536.2936885,1785278536.2709398,False,True,False,False
1785278536.3239877,1785278536.3009744,False,True,False,False
1785278536.3239877,1785278536.3009744,False,True,False,False
1785278536.3239877,1785278536.3009744,False,True,False,False
1785278536.354199,1785278536.3309426,False,True,False,False
1785278536.354199,1785278536.3309426,False,True,False,False
1785278536.354199,1785278536.3309426,False,True,False,False
1785278536.3836324,1785278536.3609447,False,True,False,False
1785278536.3836324,1785278536.3609447,False,True,False,False
1785278536.3836324,1785278536.3609447,False,True,False,False
1785278536.3836324,1785278536.3609447,False,True,False,False
1785278536.4140692,1785278536.3919425,False,True,False,False
1785278536.4140692,1785278536.3919425,False,True,False,False
1785278536.4140692,1785278536.3919425,False,True,False,False
1785278536.4140692,1785278536.3919425,False,True,False,False
1785278536.4641643,1785278536.4409585,False,True,False,False
1785278536.4641643,1785278536.4409585,False,True,False,False
1785278536.4641643,1785278536.4409585,False,True,False,False
1785278536.4936693,1785278536.4709635,False,True,False,False
1785278536.4936693,1785278536.4709635,False,True,False,False
1785278536.4936693,1785278536.4709635,False,True,False,False
1785278536.523913,1785278536.5009441,False,True,False,False
1785278536.523913,1785278536.5009441,False,True,False,False
1785278536.523913,1785278536.5009441,False,True,False,False
1785278536.523913,1785278536.5009441,False,True,False,False
1785278536.523913,1785278536.5009441,False,True,False,False
1785278536.5741515,1785278536.5509636,False,True,False,False
1785278536.5741515,1785278536.5509636,False,True,False,False
1785278536.5741515,1785278536.5509636,False,True,False,False
1785278536.6039236,1785278536.5809476,False,True,False,False
1785278536.6039236,1785278536.5809476,False,True,False,False
1785278536.6039236,1785278536.5809476,False,True,False,False
1785278536.6340144,1785278536.6109831,False,True,False,False
1785278536.6340144,1785278536.6109831,False,True,False,False
1785278536.6340144,1785278536.6109831,False,True,False,False
1785278536.664828,1785278536.6409633,False,True,False,False
1785278536.664828,1785278536.6409633,False,False,False,False
1785278536.664828,1785278536.6409633,False,False,False,False
1785278536.693841,1785278536.6709702,False,False,False,False
1785278536.693841,1785278536.6709702,False,False,False,False
1785278536.693841,1785278536.6709702,False,False,False,False
1785278536.7240908,1785278536.700958,False,False,False,False
1785278536.7240908,1785278536.700958,True,False,False,False
1785278536.7240908,1785278536.700958,True,False,False,False
1785278536.7545927,1785278536.7309494,True,False,False,False
1785278536.7545927,1785278536.7309494,True,False,False,False
1785278536.7545927,1785278536.7309494,True,False,False,False
1785278536.7545927,1785278536.7309494,True,False,False,False
1785278536.793927,1785278536.7709525,True,False,False,False
1785278536.793927,1785278536.7709525,True,False,False,False
1785278536.793927,1785278536.7709525,True,False,False,False
1785278536.8238406,1785278536.8009546,True,False,False,False
1785278536.8238406,1785278536.8009546,True,True,False,False
1785278536.8238406,1785278536.8009546,True,True,False,False
1785278536.8545592,1785278536.8309603,True,True,False,False
1785278536.8545592,1785278536.8309603,True,False,False,False
1785278536.8545592,1785278536.8309603,True,False,False,False
1785278536.885526,1785278536.860977,True,False,False,False
1785278536.885526,1785278536.860977,True,False,False,False
1785278536.885526,1785278536.860977,True,False,False,False
1785278536.913504,1785278536.8909526,True,False,False,False
1785278536.913504,1785278536.8909526,True,False,False,False
1785278536.913504,1785278536.8909526,True,False,False,False
1785278536.9437249,1785278536.920966,True,False,False,False
1785278536.9437249,1785278536.920966,True,False,False,False
1785278536.9437249,1785278536.920966,True,False,False,False
1785278536.974127,1785278536.950953,True,False,False,False
1785278536.974127,1785278536.950953,True,False,False,False
1785278536.974127,1785278536.950953,True,False,False,False
1785278537.0042784,1785278536.980959,True,False,False,False
1785278537.0042784,1785278536.980959,True,False,False,False
1785278537.0042784,1785278536.980959,True,False,False,False
1785278537.0042784,1785278536.980959,True,False,False,False
1785278537.0437872,1785278537.0209537,True,False,False,False
1785278537.0437872,1785278537.0209537,True,False,False,False
1785278537.0437872,1785278537.0209537,True,False,False,False
1785278537.073824,1785278537.0509696,True,False,False,False
1785278537.073824,1785278537.0509696,True,False,False,False
1785278537.073824,1785278537.0509696,True,False,False,False
1785278537.104741,1785278537.080955,True,False,False,False
1785278537.104741,1785278537.080955,True,False,False,False
1785278537.104741,1785278537.080955,True,False,False,False
1785278537.1340199,1785278537.1109684,True,False,False,False
1785278537.1340199,1785278537.1109684,True,False,False,False
1785278537.1340199,1785278537.1109684,True,False,False,False
1785278537.1644132,1785278537.1409519,True,False,False,False
1785278537.1644132,1785278537.1409519,True,False,False,False
1785278537.1644132,1785278537.1409519,True,False,False,False
1785278537.193853,1785278537.1709514,True,False,False,False
1785278537.193853,1785278537.1709514,True,False,False,False
1785278537.193853,1785278537.1709514,True,False,False,False
1785278537.2245028,1785278537.2009685,True,False,False,False
1785278537.2245028,1785278537.2009685,False,False,False,False
1785278537.2245028,1785278537.2009685,False,False,False,False
1785278537.2538977,1785278537.2309678,False,False,False,False
1785278537.2538977,1785278537.2309678,False,False,False,False
1785278537.2538977,1785278537.2309678,False,False,False,False
1785278537.2538977,1785278537.2309678,False,False,False,False
1785278537.2935274,1785278537.2709723,False,False,False,False
1785278537.2935274,1785278537.2709723,False,True,False,False
1785278537.2935274,1785278537.2709723,False,True,False,False
1785278537.3239293,1785278537.300955,False,True,False,False
1785278537.3239293,1785278537.300955,False,True,False,False
1785278537.3239293,1785278537.300955,False,True,False,False
1785278537.354177,1785278537.3309505,False,True,False,False
1785278537.354177,1785278537.3309505,False,True,False,False
1785278537.354177,1785278537.3309505,False,True,False,False
1785278537.3846135,1785278537.3609738,False,True,False,False
1785278537.3846135,1785278537.3609738,False,True,False,False
1785278537.3846135,1785278537.3609738,False,True,False,False
1785278537.4142146,1785278537.3909535,False,True,False,False
1785278537.4142146,1785278537.3909535,False,True,False,False
1785278537.4142146,1785278537.3909535,False,True,False,False
1785278537.4439662,1785278537.4209523,False,True,False,False
1785278537.4439662,1785278537.4209523,False,True,False,False
1785278537.4439662,1785278537.4209523,False,True,False,False
1785278537.4743965,1785278537.4509542,False,True,False,False
1785278537.4743965,1785278537.4509542,False,True,False,False
1785278537.4743965,1785278537.4509542,False,True,False,False
1785278537.5040884,1785278537.4809551,False,True,False,False
1785278537.5040884,1785278537.4809551,False,True,False,False
1785278537.5040884,1785278537.4809551,False,True,False,False
1785278537.5355213,1785278537.5109544,False,True,False,False
1785278537.5355213,1785278537.5109544,False,True,False,False
1785278537.5355213,1785278537.5109544,False,True,False,False
1785278537.5355213,1785278537.5109544,False,True,False,False
1785278537.5735548,1785278537.5509722,False,True,False,False
1785278537.5735548,1785278537.5509722,False,True,False,False
1785278537.5735548,1785278537.5509722,False,True,False,False
1785278537.6040287,1785278537.5809708,False,True,False,False
1785278537.6040287,1785278537.5809708,False,True,False,False
1785278537.6040287,1785278537.5809708,False,True,False,False
1785278537.6336622,1785278537.6109622,False,True,False,False
1785278537.6336622,1785278537.6109622,False,True,False,False
1785278537.6336622,1785278537.6109622,False,True,False,False
1785278537.6637738,1785278537.6409657,False,True,False,False
1785278537.6637738,1785278537.6409657,False,True,False,False
1785278537.6637738,1785278537.6409657,False,True,False,False
1785278537.6637738,1785278537.6409657,False,True,False,False
1785278537.6637738,1785278537.6409657,False,True,False,False
1785278537.7139413,1785278537.6909707,False,True,False,False
1785278537.7139413,1785278537.6909707,False,True,False,False
1785278537.7139413,1785278537.6909707,False,True,False,False
1785278537.7445154,1785278537.7209518,False,True,False,False
1785278537.7445154,1785278537.7209518,False,True,False,False
1785278537.7445154,1785278537.7209518,False,True,False,False
1785278537.7740135,1785278537.7509522,False,True,False,False
1785278537.7740135,1785278537.7509522,False,False,False,False
1785278537.7740135,1785278537.7509522,False,False,False,False
1785278537.8041587,1785278537.7809505,False,False,False,False
1785278537.8041587,1785278537.7809505,False,False,False,False
1785278537.8041587,1785278537.7809505,False,False,False,False
1785278537.8340065,1785278537.8109705,False,False,False,False
1785278537.8340065,1785278537.8109705,True,False,False,False
1785278537.8340065,1785278537.8109705,True,False,False,False
1785278537.8649478,1785278537.840952,True,False,False,False
1785278537.8649478,1785278537.840952,True,False,False,False
1785278537.8649478,1785278537.840952,True,False,False,False
1785278537.8649478,1785278537.840952,True,False,False,False
1785278537.9041784,1785278537.8809538,True,False,False,False
1785278537.9041784,1785278537.8809538,True,False,False,False
1785278537.9041784,1785278537.8809538,True,False,False,False
1785278537.934791,1785278537.9109523,True,False,False,False
1785278537.934791,1785278537.9109523,True,False,False,False
1785278537.934791,1785278537.9109523,True,False,False,False
1785278537.9648535,1785278537.9409664,True,False,False,False
1785278537.9648535,1785278537.9409664,True,False,False,False
1785278537.9648535,1785278537.9409664,True,False,False,False
1785278537.9940383,1785278537.9709716,True,False,False,False
1785278537.9940383,1785278537.9709716,True,False,False,False
1785278537.9940383,1785278537.9709716,True,False,False,False
1785278538.0240417,1785278538.0009596,True,False,False,False
1785278538.0240417,1785278538.0009596,True,False,False,False
1785278538.0240417,1785278538.0009596,True,False,False,False
1785278538.0240417,1785278538.0009596,True,False,False,False
1785278538.0240417,1785278538.0009596,True,False,False,False
1785278538.0744777,1785278538.050977,True,False,False,False
1785278538.0744777,1785278538.050977,True,False,False,False
1785278538.0744777,1785278538.050977,True,False,False,False
1785278538.1040523,1785278538.0809548,True,False,False,False
1785278538.1040523,1785278538.0809548,True,False,False,False
1785278538.1040523,1785278538.0809548,True,False,False,False
1785278538.1340458,1785278538.110954,True,False,False,False
1785278538.1340458,1785278538.110954,True,False,False,False
1785278538.1340458,1785278538.110954,True,False,False,False
1785278538.163684,1785278538.1409876,True,False,False,False
1785278538.163684,1785278538.1409876,True,False,False,False
1785278538.163684,1785278538.1409876,True,False,False,False
1785278538.1942155,1785278538.1709676,True,False,False,False
1785278538.1942155,1785278538.1709676,True,False,False,False
1785278538.1942155,1785278538.1709676,True,False,False,False
1785278538.2240348,1785278538.200954,True,False,False,False
1785278538.2240348,1785278538.200954,True,False,False,False
1785278538.2240348,1785278538.200954,True,False,False,False
1785278538.2542143,1785278538.2309506,True,False,False,False
1785278538.2542143,1785278538.2309506,True,False,False,False
1785278538.2542143,1785278538.2309506,True,False,False,False
1785278538.2843804,1785278538.2609513,True,False,False,False
1785278538.2843804,1785278538.2609513,True,False,False,False
1785278538.2843804,1785278538.2609513,True,False,False,False
1785278538.315727,1785278538.2909508,True,False,False,False
1785278538.315727,1785278538.2909508,True,False,False,False
1785278538.315727,1785278538.2909508,True,False,False,False
1785278538.315727,1785278538.2909508,True,False,False,False
1785278538.3537948,1785278538.3309493,True,False,False,False
1785278538.3537948,1785278538.3309493,False,False,False,False
1785278538.3537948,1785278538.3309493,False,False,False,False
1785278538.3840337,1785278538.3609502,False,False,False,False
1785278538.3840337,1785278538.3609502,False,False,False,False
1785278538.3840337,1785278538.3609502,False,False,False,False
1785278538.3840337,1785278538.3609502,False,False,False,False
1785278538.4149375,1785278538.3921483,False,True,False,False
1785278538.4149375,1785278538.3921483,False,True,False,False
1785278538.4440522,1785278538.4209476,False,True,False,False
1785278538.4440522,1785278538.4209476,False,True,False,False
1785278538.4440522,1785278538.4209476,False,True,False,False
1785278538.4742622,1785278538.4509735,False,True,False,False
1785278538.4742622,1785278538.4509735,False,True,False,False
1785278538.4742622,1785278538.4509735,False,True,False,False
1785278538.5044973,1785278538.4809508,False,True,False,False
1785278538.5044973,1785278538.4809508,False,True,False,False
1785278538.5044973,1785278538.4809508,False,True,False,False
1785278538.534719,1785278538.510965,False,True,False,False
1785278538.534719,1785278538.510965,False,True,False,False
1785278538.534719,1785278538.510965,False,True,False,False
1785278538.5642781,1785278538.5409842,False,True,False,False
1785278538.5642781,1785278538.5409842,True,True,True,False
1785278538.5642781,1785278538.5409842,True,True,True,False
1785278538.5642781,1785278538.5409842,True,True,True,False
1785278538.6037662,1785278538.5809515,True,True,True,False
1785278538.6037662,1785278538.5809515,False,True,False,False
1785278538.636082,1785278538.6009722,False,True,False,False
1785278538.636082,1785278538.6009722,False,True,False,False
1785278538.636082,1785278538.6009722,False,True,False,False
1785278538.636082,1785278538.6009722,False,True,False,False
1785278538.663854,1785278538.64095,False,True,False,False
1785278538.663854,1785278538.64095,False,True,False,False
1785278538.663854,1785278538.64095,False,True,False,False
1785278538.694163,1785278538.670945,False,True,False,False
1785278538.694163,1785278538.670945,False,True,False,False
1785278538.694163,1785278538.670945,False,True,False,False
1785278538.7240672,1785278538.700945,False,True,False,False
1785278538.7240672,1785278538.700945,False,True,False,False
1785278538.7240672,1785278538.700945,False,True,False,False
1785278538.7544656,1785278538.7309415,False,True,False,False
1785278538.7544656,1785278538.7309415,False,True,False,False
1785278538.7544656,1785278538.7309415,False,True,False,False
1785278538.7845275,1785278538.7609448,False,True,False,False
1785278538.7845275,1785278538.7609448,False,True,False,False
1785278538.7845275,1785278538.7609448,False,True,False,False
1785278538.8145406,1785278538.790941,False,True,False,False
1785278538.8145406,1785278538.790941,False,True,False,False
1785278538.8145406,1785278538.790941,False,True,False,False
1785278538.8439953,1785278538.821004,False,True,False,False
1785278538.8439953,1785278538.821004,False,True,False,False
1785278538.8439953,1785278538.821004,False,True,False,False
1785278538.8439953,1785278538.821004,False,True,False,False
1785278538.8836284,1785278538.8609746,False,True,False,False
1785278538.8836284,1785278538.8609746,False,True,False,False
1785278538.8836284,1785278538.8609746,False,True,False,False
1785278538.9141877,1785278538.8909652,False,True,False,False
1785278538.9141877,1785278538.8909652,False,False,False,False
1785278538.9141877,1785278538.8909652,False,False,False,False
1785278538.943643,1785278538.9209456,False,False,False,False
1785278538.943643,1785278538.9209456,False,False,False,False
1785278538.943643,1785278538.9209456,False,False,False,False
1785278538.9740074,1785278538.9509773,False,False,False,False
1785278538.9740074,1785278538.9509773,True,False,False,False
1785278538.9740074,1785278538.9509773,True,False,False,False
1785278539.0043895,1785278538.9809492,True,False,False,False
1785278539.0043895,1785278538.9809492,True,False,False,False
1785278539.0043895,1785278538.9809492,True,False,False,False
1785278539.034503,1785278539.0109458,True,False,False,False
1785278539.034503,1785278539.0109458,True,False,False,False
1785278539.034503,1785278539.0109458,True,False,False,False
1785278539.0650067,1785278539.0409713,True,False,False,False
1785278539.0650067,1785278539.0409713,True,False,False,False
1785278539.0650067,1785278539.0409713,True,False,False,False
1785278539.0650067,1785278539.0409713,True,False,False,False
1785278539.0943267,1785278539.0719185,True,False,False,False
1785278539.0943267,1785278539.0719185,True,False,False,False
1785278539.1247501,1785278539.1009696,True,False,False,False
1785278539.1247501,1785278539.1009696,True,False,False,False
1785278539.1247501,1785278539.1009696,True,False,False,False
1785278539.1247501,1785278539.1009696,True,False,False,False
1785278539.1635132,1785278539.1409616,True,False,False,False
1785278539.1635132,1785278539.1409616,True,False,False,False
1785278539.1635132,1785278539.1409616,True,False,False,False
1785278539.1940465,1785278539.1709552,True,False,False,False
1785278539.1940465,1785278539.1709552,True,False,False,False
1785278539.1940465,1785278539.1709552,True,False,False,False
1785278539.2236223,1785278539.200943,True,False,False,False
1785278539.2236223,1785278539.200943,True,False,False,False
1785278539.2236223,1785278539.200943,True,False,False,False
1785278539.2236223,1785278539.200943,True,False,False,False
1785278539.2236223,1785278539.200943,True,False,False,False
1785278539.2236223,1785278539.200943,True,False,False,False
1785278539.2744994,1785278539.2519221,True,False,False,False
1785278539.2744994,1785278539.2519221,True,False,False,False
1785278539.3047233,1785278539.2809434,True,False,False,False
1785278539.3047233,1785278539.2809434,True,False,False,False
1785278539.3047233,1785278539.2809434,True,False,False,False
1785278539.3337529,1785278539.310944,True,False,False,False
1785278539.3337529,1785278539.310944,True,False,False,False
1785278539.3337529,1785278539.310944,True,False,False,False
1785278539.364204,1785278539.3409424,True,False,False,False
1785278539.364204,1785278539.3409424,True,False,False,False
1785278539.364204,1785278539.3409424,True,False,False,False
1785278539.3944323,1785278539.3709674,True,False,False,False
1785278539.3944323,1785278539.3709674,True,False,False,False
1785278539.3944323,1785278539.3709674,True,False,False,False
1785278539.4240277,1785278539.4009478,True,False,False,False
1785278539.4240277,1785278539.4009478,True,False,False,False
1785278539.4240277,1785278539.4009478,True,False,False,False
1785278539.454141,1785278539.430944,True,False,False,False
1785278539.454141,1785278539.430944,True,False,False,False
1785278539.454141,1785278539.430944,True,False,False,False
1785278539.454141,1785278539.430944,True,False,False,False
1785278539.493762,1785278539.4709554,True,False,False,False
1785278539.493762,1785278539.4709554,False,False,False,False
1785278539.493762,1785278539.4709554,False,False,False,False
1785278539.5237603,1785278539.5009475,False,False,False,False
1785278539.5237603,1785278539.5009475,False,False,False,False
1785278539.5237603,1785278539.5009475,False,False,False,False
1785278539.5237603,1785278539.5009475,False,False,False,False
1785278539.5539684,1785278539.5322168,False,True,False,False
1785278539.5539684,1785278539.5322168,False,True,False,False
1785278539.5539684,1785278539.5322168,False,True,False,False
1785278539.5841923,1785278539.5623198,False,True,False,False
1785278539.5841923,1785278539.5623198,False,True,False,False
1785278539.5841923,1785278539.5623198,False,True,False,False
1785278539.5841923,1785278539.5623198,False,True,False,False
1785278539.634383,1785278539.6109614,False,True,False,False
1785278539.634383,1785278539.6109614,False,True,False,False
1785278539.634383,1785278539.6109614,False,True,False,False
1785278539.6639004,1785278539.6409593,False,True,False,False
1785278539.6639004,1785278539.6409593,False,True,False,False
1785278539.6639004,1785278539.6409593,False,True,False,False
1785278539.693936,1785278539.6709437,False,True,False,False
1785278539.693936,1785278539.6709437,False,True,False,False
1785278539.693936,1785278539.6709437,False,True,False,False
1785278539.693936,1785278539.6709437,False,True,False,False
1785278539.724052,1785278539.7100506,False,True,False,False
1785278539.724052,1785278539.7100506,False,True,False,False
1785278539.7545185,1785278539.7309387,False,True,False,False
1785278539.7545185,1785278539.7309387,False,True,False,False
1785278539.7545185,1785278539.7309387,False,True,False,False
1785278539.7848349,1785278539.7609396,False,True,False,False
1785278539.7848349,1785278539.7609396,False,True,False,False
1785278539.7848349,1785278539.7609396,False,True,False,False
1785278539.814694,1785278539.7909498,False,True,False,False
1785278539.814694,1785278539.7909498,False,True,False,False
1785278539.814694,1785278539.7909498,False,True,False,False
1785278539.814694,1785278539.7909498,False,True,False,False
1785278539.844413,1785278539.8296163,False,True,False,False
1785278539.844413,1785278539.8296163,False,True,False,False
1785278539.844413,1785278539.8296163,False,True,False,False
1785278539.844413,1785278539.8296163,False,True,False,False
1785278539.844413,1785278539.8296163,False,True,False,False
1785278539.844413,1785278539.8296163,False,True,False,False
1785278539.844413,1785278539.8296163,False,True,False,False
1785278539.844413,1785278539.8296163,False,True,False,False
1785278539.883629,1785278539.9109576,False,True,False,False
1785278539.9136615,1785278539.9123979,False,True,False,False
1785278539.9444137,1785278539.928895,False,True,False,False
1785278539.9444137,1785278539.928895,False,True,False,False
1785278539.9737978,1785278539.9509404,False,True,False,False
1785278539.9737978,1785278539.9509404,False,True,False,False
1785278539.9737978,1785278539.9509404,False,True,False,False
1785278540.0042455,1785278539.980971,False,True,False,False
1785278540.0042455,1785278539.980971,False,True,False,False
1785278540.0042455,1785278539.980971,False,True,False,False
1785278540.0042455,1785278539.980971,False,True,False,False
1785278540.0042455,1785278539.980971,False,True,False,False
1785278540.0540335,1785278540.0309663,False,True,False,False
1785278540.0540335,1785278540.0309663,False,False,False,False
1785278540.0540335,1785278540.0309663,False,False,False,False
1785278540.0838518,1785278540.060968,False,False,False,False
1785278540.0838518,1785278540.060968,True,False,True,False
1785278540.0838518,1785278540.060968,True,False,True,False
1785278540.1139371,1785278540.0909572,True,False,True,False
1785278540.1139371,1785278540.0909572,True,False,False,False
1785278540.1139371,1785278540.0909572,True,False,False,False
1785278540.1439116,1785278540.1209428,True,False,False,False
1785278540.1439116,1785278540.1209428,True,False,False,False
1785278540.1439116,1785278540.1209428,True,False,False,False
1785278540.1747584,1785278540.1509414,True,False,False,False
1785278540.1747584,1785278540.1509414,True,False,False,False
1785278540.1747584,1785278540.1509414,True,False,False,False
1785278540.2042649,1785278540.1809442,True,False,False,False
1785278540.2042649,1785278540.1809442,True,False,False,False
1785278540.2042649,1785278540.1809442,True,False,False,False
1785278540.2347095,1785278540.2109582,True,False,False,False
1785278540.2347095,1785278540.2109582,True,True,False,False
1785278540.2347095,1785278540.2109582,True,True,False,False
1785278540.2347095,1785278540.2109582,True,True,False,False
1785278540.265758,1785278540.2509446,True,True,False,False
1785278540.265758,1785278540.2509446,True,False,False,False
1785278540.265758,1785278540.2509446,True,False,False,False
1785278540.3038042,1785278540.280942,True,False,False,False
1785278540.3038042,1785278540.280942,True,False,False,False
1785278540.3038042,1785278540.280942,True,False,False,False
1785278540.334157,1785278540.3109422,True,False,False,False
1785278540.334157,1785278540.3109422,True,False,False,False
1785278540.334157,1785278540.3109422,True,False,False,False
1785278540.334157,1785278540.3109422,True,False,False,False
1785278540.3634639,1785278540.3418977,True,False,False,False
1785278540.3634639,1785278540.3418977,True,False,False,False
1785278540.3939881,1785278540.3709395,True,False,False,False
1785278540.3939881,1785278540.3709395,True,False,False,False
1785278540.3939881,1785278540.3709395,True,False,False,False
1785278540.3939881,1785278540.3709395,True,False,False,False
1785278540.3939881,1785278540.3709395,True,False,False,False
1785278540.3939881,1785278540.3709395,True,False,False,False
1785278540.444393,1785278540.421943,True,False,False,False
1785278540.444393,1785278540.421943,True,False,False,False
1785278540.444393,1785278540.421943,True,False,False,False
1785278540.444393,1785278540.421943,True,False,False,False
1785278540.444393,1785278540.421943,True,False,False,False
1785278540.5036478,1785278540.4809687,True,False,False,False
1785278540.5036478,1785278540.4809687,True,False,False,False
1785278540.5036478,1785278540.4809687,True,False,False,False
1785278540.5339446,1785278540.5109699,True,False,False,False
1785278540.5339446,1785278540.5109699,True,False,False,False
1785278540.5339446,1785278540.5109699,True,False,False,False
1785278540.5643048,1785278540.5409546,True,False,False,False
1785278540.5643048,1785278540.5409546,True,False,False,False
1785278540.5643048,1785278540.5409546,True,False,False,False
1785278540.5943272,1785278540.5709755,True,False,False,False
1785278540.5943272,1785278540.5709755,True,False,False,False
1785278540.5943272,1785278540.5709755,True,False,False,False
1785278540.6242156,1785278540.60096,True,False,False,False
1785278540.6242156,1785278540.60096,False,False,False,False
1785278540.6242156,1785278540.60096,False,False,False,False
1785278540.6544414,1785278540.6309626,False,False,False,False
1785278540.6544414,1785278540.6309626,False,False,False,False
1785278540.6544414,1785278540.6309626,False,False,False,False
1785278540.6843865,1785278540.66095,False,False,False,False
1785278540.6843865,1785278540.66095,False,True,False,False
1785278540.6843865,1785278540.66095,False,True,False,False
1785278540.6843865,1785278540.66095,False,True,False,False
1785278540.7238832,1785278540.700951,False,True,False,False
1785278540.7238832,1785278540.700951,False,True,False,False
1785278540.7238832,1785278540.700951,False,True,False,False
1785278540.7540562,1785278540.7309525,False,True,False,False
1785278540.7540562,1785278540.7309525,False,True,False,False
1785278540.7540562,1785278540.7309525,False,True,False,False
1785278540.7840836,1785278540.760942,False,True,False,False
1785278540.7840836,1785278540.760942,False,True,False,False
1785278540.7840836,1785278540.760942,False,True,False,False
1785278540.815101,1785278540.7909863,False,True,False,False
1785278540.815101,1785278540.7909863,False,True,False,False
1785278540.815101,1785278540.7909863,False,True,False,False
1785278540.843753,1785278540.820949,False,True,False,False
1785278540.843753,1785278540.820949,False,True,False,False
1785278540.843753,1785278540.820949,False,True,False,False
1785278540.874106,1785278540.8510013,False,True,False,False
1785278540.874106,1785278540.8510013,False,True,False,False
1785278540.874106,1785278540.8510013,False,True,False,False
1785278540.9043312,1785278540.88095,False,True,False,False
1785278540.9043312,1785278540.88095,False,True,False,False
1785278540.9043312,1785278540.88095,False,True,False,False
1785278540.9043312,1785278540.88095,False,True,False,False
1785278540.9441934,1785278540.9209685,False,True,False,False
1785278540.9441934,1785278540.9209685,False,True,False,False
1785278540.9441934,1785278540.9209685,False,True,False,False
1785278540.973792,1785278540.9509652,False,True,False,False
1785278540.973792,1785278540.9509652,False,True,False,False
1785278540.973792,1785278540.9509652,False,True,False,False
1785278541.0040681,1785278540.9809465,False,True,False,False
1785278541.0040681,1785278540.9809465,False,True,False,False
1785278541.0040681,1785278540.9809465,False,True,False,False
1785278541.035031,1785278541.010961,False,True,False,False
1785278541.035031,1785278541.010961,False,True,False,False
1785278541.035031,1785278541.010961,False,True,False,False
1785278541.035031,1785278541.010961,False,True,False,False
1785278541.035031,1785278541.010961,False,True,False,False
1785278541.0839076,1785278541.0609715,False,True,False,False
1785278541.0839076,1785278541.0609715,False,True,False,False
1785278541.0839076,1785278541.0609715,False,True,False,False
1785278541.1138997,1785278541.0909648,False,True,False,False
1785278541.1138997,1785278541.0909648,False,True,False,False
1785278541.1138997,1785278541.0909648,False,True,False,False
1785278541.1435862,1785278541.1209593,False,True,False,False
1785278541.1435862,1785278541.1209593,False,True,False,False
1785278541.1435862,1785278541.1209593,False,True,False,False
1785278541.1738467,1785278541.1509597,False,True,False,False
1785278541.1738467,1785278541.1509597,False,True,False,False
1785278541.1738467,1785278541.1509597,False,True,False,False
1785278541.1738467,1785278541.1509597,False,True,False,False
1785278541.1738467,1785278541.1509597,False,True,False,False
1785278541.1738467,1785278541.1509597,False,True,False,False
1785278541.2240334,1785278541.2019215,True,False,False,False
1785278541.2240334,1785278541.2019215,True,False,False,False
1785278541.2553144,1785278541.2309685,True,False,False,False
1785278541.2553144,1785278541.2309685,True,False,False,False
1785278541.2553144,1785278541.2309685,True,False,False,False
1785278541.2838917,1785278541.260949,True,False,False,False
1785278541.2838917,1785278541.260949,True,False,False,False
1785278541.2838917,1785278541.260949,True,False,False,False
1785278541.2838917,1785278541.260949,True,False,False,False
1785278541.2838917,1785278541.260949,True,False,False,False
1785278541.3339777,1785278541.3109472,True,False,False,False
1785278541.3339777,1785278541.3109472,True,False,False,False
1785278541.3339777,1785278541.3109472,True,False,False,False
1785278541.3649616,1785278541.3409712,True,False,False,False
1785278541.3649616,1785278541.3409712,True,False,False,False
1785278541.3649616,1785278541.3409712,True,False,False,False
1785278541.3938146,1785278541.3709486,True,False,False,False
1785278541.3938146,1785278541.3709486,True,False,False,False
1785278541.3938146,1785278541.3709486,True,False,False,False
1785278541.4240363,1785278541.4009702,True,False,False,False
1785278541.4240363,1785278541.4009702,True,False,False,False
1785278541.4240363,1785278541.4009702,True,False,False,False
1785278541.45425,1785278541.430948,True,False,False,False
1785278541.45425,1785278541.430948,True,False,False,False
1785278541.45425,1785278541.430948,True,False,False,False
1785278541.4843743,1785278541.4609637,True,False,False,False
1785278541.4843743,1785278541.4609637,True,False,False,False
1785278541.4843743,1785278541.4609637,True,False,False,False
1785278541.5145187,1785278541.490943,True,False,False,False
1785278541.5145187,1785278541.490943,True,False,False,False
1785278541.5145187,1785278541.490943,True,False,False,False
1785278541.5145187,1785278541.490943,True,False,False,False
1785278541.5541685,1785278541.5309587,True,False,False,False
1785278541.5541685,1785278541.5309587,True,False,False,False
1785278541.5541685,1785278541.5309587,True,False,False,False
1785278541.5541685,1785278541.5309587,True,False,False,False
1785278541.584846,1785278541.5680563,True,False,False,False
1785278541.584846,1785278541.5680563,True,False,False,False
1785278541.6144,1785278541.590972,True,False,False,False
1785278541.6144,1785278541.590972,True,False,False,False
1785278541.6144,1785278541.590972,True,False,False,False
1785278541.6442735,1785278541.6209526,True,False,False,False
1785278541.6442735,1785278541.6209526,True,False,False,False
1785278541.6442735,1785278541.6209526,True,False,False,False
1785278541.6738646,1785278541.650958,True,False,False,False
1785278541.6738646,1785278541.650958,True,False,False,False
1785278541.6738646,1785278541.650958,True,False,False,False
1785278541.6738646,1785278541.650958,True,False,False,False
1785278541.6738646,1785278541.650958,True,False,False,False
1785278541.7240896,1785278541.7009594,True,False,False,False
1785278541.7240896,1785278541.7009594,False,False,False,False
1785278541.7240896,1785278541.7009594,False,False,False,False
1785278541.7541292,1785278541.7309449,False,False,False,False
1785278541.7541292,1785278541.7309449,False,False,False,False
1785278541.7541292,1785278541.7309449,False,False,False,False
1785278541.7842884,1785278541.760946,False,False,False,False
1785278541.7842884,1785278541.760946,False,True,False,False
1785278541.7842884,1785278541.760946,False,True,False,False
1785278541.7842884,1785278541.760946,False,True,False,False
1785278541.8140376,1785278541.7919114,False,True,False,False
1785278541.8140376,1785278541.7919114,False,True,False,False
1785278541.8450754,1785278541.8209455,False,True,False,False
1785278541.8450754,1785278541.8209455,False,True,False,False
1785278541.8450754,1785278541.8209455,False,True,False,False
1785278541.8747017,1785278541.8509507,False,True,False,False
1785278541.8747017,1785278541.8509507,False,True,False,False
1785278541.8747017,1785278541.8509507,False,True,False,False
1785278541.9047213,1785278541.8809578,False,True,False,False
1785278541.9047213,1785278541.8809578,False,True,False,False
1785278541.9047213,1785278541.8809578,False,True,False,False
1785278541.9344554,1785278541.9109468,False,True,False,False
1785278541.9344554,1785278541.9109468,False,True,False,False
1785278541.9344554,1785278541.9109468,False,True,False,False
1785278541.96416,1785278541.9409578,False,True,False,False
1785278541.96416,1785278541.9409578,False,True,False,False
1785278541.96416,1785278541.9409578,False,True,False,False
1785278541.96416,1785278541.9409578,False,True,False,False
1785278542.0040703,1785278541.980956,False,True,False,False
1785278542.0040703,1785278541.980956,False,True,False,False
1785278542.0040703,1785278541.980956,False,True,False,False
1785278542.0347693,1785278542.0109422,False,True,False,False
1785278542.0347693,1785278542.0109422,False,True,False,False
1785278542.0347693,1785278542.0109422,False,True,False,False
1785278542.0634716,1785278542.0409591,False,True,False,False
1785278542.0634716,1785278542.0409591,False,True,False,False
1785278542.0634716,1785278542.0409591,False,True,False,False
1785278542.0634716,1785278542.0409591,False,True,False,False
1785278542.093818,1785278542.0719378,False,True,False,False
1785278542.093818,1785278542.0719378,False,True,False,False
1785278542.093818,1785278542.0719378,False,True,False,False
1785278542.1239233,1785278542.1023953,False,True,False,False
1785278542.1239233,1785278542.1023953,False,True,False,False
1785278542.1542926,1785278542.130949,False,True,False,False
1785278542.1542926,1785278542.130949,False,True,False,False
1785278542.1542926,1785278542.130949,False,True,False,False
1785278542.184203,1785278542.1609566,False,True,False,False
1785278542.184203,1785278542.1609566,False,True,False,False
1785278542.184203,1785278542.1609566,False,True,False,False
1785278542.2144227,1785278542.1909463,False,True,False,False
1785278542.2144227,1785278542.1909463,False,True,False,False
1785278542.2144227,1785278542.1909463,False,True,False,False
1785278542.2144227,1785278542.1909463,False,True,False,False
1785278542.2541573,1785278542.2309427,False,True,False,False
1785278542.2541573,1785278542.2309427,False,True,False,False
1785278542.2541573,1785278542.2309427,False,True,False,False
1785278542.2541573,1785278542.2309427,False,True,False,False
1785278542.2846622,1785278542.261921,False,True,False,False
1785278542.2846622,1785278542.261921,False,True,False,False
1785278542.3144612,1785278542.2909431,False,True,False,False
1785278542.3144612,1785278542.2909431,False,False,False,False
1785278542.3144612,1785278542.2909431,False,False,False,False
1785278542.3144612,1785278542.2909431,False,False,False,False
1785278542.34382,1785278542.3218966,True,False,False,False
1785278542.34382,1785278542.3218966,True,False,False,False
1785278542.374211,1785278542.3509808,True,False,False,False
1785278542.374211,1785278542.3509808,True,False,False,False
1785278542.374211,1785278542.3509808,True,False,False,False
1785278542.374211,1785278542.3509808,True,False,False,False
1785278542.374211,1785278542.3509808,True,False,False,False
1785278542.4238207,1785278542.40097,True,False,False,False
1785278542.4238207,1785278542.40097,True,False,False,False
1785278542.4238207,1785278542.40097,True,False,False,False
1785278542.4238207,1785278542.40097,True,False,False,False
1785278542.4551518,1785278542.431936,True,True,False,False
1785278542.4551518,1785278542.431936,True,True,False,False
1785278542.4841177,1785278542.4609692,True,True,False,False
1785278542.4841177,1785278542.4609692,True,False,False,False
1785278542.4841177,1785278542.4609692,True,False,False,False
1785278542.5143285,1785278542.4909463,True,False,False,False
1785278542.5143285,1785278542.4909463,True,False,False,False
1785278542.5143285,1785278542.4909463,True,False,False,False
1785278542.5439987,1785278542.520958,True,False,False,False
1785278542.5439987,1785278542.520958,True,False,False,False
1785278542.5439987,1785278542.520958,True,False,False,False
1785278542.5757067,1785278542.5509443,True,False,False,False
1785278542.5757067,1785278542.5509443,True,False,False,False
1785278542.5757067,1785278542.5509443,True,False,False,False
1785278542.6046698,1785278542.5809522,True,False,False,False
1785278542.6046698,1785278542.5809522,True,False,False,False
1785278542.6046698,1785278542.5809522,True,False,False,False
1785278542.6046698,1785278542.5809522,True,False,False,False
1785278542.6434484,1785278542.6209774,True,False,False,False
1785278542.6434484,1785278542.6209774,True,False,False,False
1785278542.6434484,1785278542.6209774,True,False,False,False
1785278542.6753595,1785278542.6509717,True,False,False,False
1785278542.6753595,1785278542.6509717,True,False,False,False
1785278542.6753595,1785278542.6509717,True,False,False,False
1785278542.7037508,1785278542.6809592,True,False,False,False
1785278542.7037508,1785278542.6809592,True,False,False,False
1785278542.7037508,1785278542.6809592,True,False,False,False
1785278542.7338881,1785278542.710954,True,False,False,False
1785278542.7338881,1785278542.710954,True,False,False,False
1785278542.7338881,1785278542.710954,True,False,False,False
1785278542.7338881,1785278542.710954,True,False,False,False
1785278542.7338881,1785278542.710954,True,False,False,False
1785278542.7732885,1785278542.751942,True,False,False,False
1785278542.7732885,1785278542.751942,True,False,False,False
1785278542.7732885,1785278542.751942,True,False,False,False
1785278542.7732885,1785278542.751942,True,False,False,False
1785278542.8139906,1785278542.7919424,True,False,False,False
1785278542.8139906,1785278542.7919424,True,False,False,False
1785278542.8440175,1785278542.8209612,True,False,False,False
1785278542.8440175,1785278542.8209612,True,False,False,False
1785278542.8440175,1785278542.8209612,True,False,False,False
1785278542.8744583,1785278542.8509514,True,False,False,False
1785278542.8744583,1785278542.8509514,False,False,False,False
1785278542.8744583,1785278542.8509514,False,False,False,False
1785278542.8744583,1785278542.8509514,False,False,False,False
1785278542.8744583,1785278542.8509514,False,False,False,False
1785278542.9239376,1785278542.9010007,False,False,False,False
1785278542.9239376,1785278542.9010007,False,True,False,False
1785278542.9239376,1785278542.9010007,False,True,False,False
1785278542.9537723,1785278542.930956,False,True,False,False
1785278542.9537723,1785278542.930956,False,True,False,False
1785278542.9537723,1785278542.930956,False,True,False,False
1785278542.9842734,1785278542.9609513,False,True,False,False
1785278542.9842734,1785278542.9609513,False,True,False,False
1785278542.9842734,1785278542.9609513,False,True,False,False
1785278543.0140083,1785278542.9909499,False,True,False,False
1785278543.0140083,1785278542.9909499,False,True,False,False
1785278543.0140083,1785278542.9909499,False,True,False,False
1785278543.0438275,1785278543.0209513,False,True,False,False
1785278543.0438275,1785278543.0209513,False,True,False,False
1785278543.0438275,1785278543.0209513,False,True,False,False
1785278543.074447,1785278543.0509586,False,True,False,False
1785278543.074447,1785278543.0509586,False,True,False,False
1785278543.074447,1785278543.0509586,False,True,False,False
1785278543.1044867,1785278543.0809612,False,True,False,False
1785278543.1044867,1785278543.0809612,False,True,False,False
1785278543.1044867,1785278543.0809612,False,True,False,False
1785278543.1044867,1785278543.0809612,False,True,False,False
1785278543.14416,1785278543.1209667,False,True,False,False
1785278543.14416,1785278543.1209667,False,True,False,False
1785278543.14416,1785278543.1209667,False,True,False,False
1785278543.1738486,1785278543.1509507,False,True,False,False
1785278543.1738486,1785278543.1509507,False,True,False,False
1785278543.1738486,1785278543.1509507,False,True,False,False
1785278543.204131,1785278543.180962,False,True,False,False
1785278543.204131,1785278543.180962,False,True,False,False
1785278543.204131,1785278543.180962,False,True,False,False
1785278543.2340062,1785278543.2109525,False,True,False,False
1785278543.2340062,1785278543.2109525,False,True,False,False
1785278543.2340062,1785278543.2109525,False,True,False,False
1785278543.2646906,1785278543.2409723,False,True,False,False
1785278543.2646906,1785278543.2409723,False,True,False,False
1785278543.2646906,1785278543.2409723,False,True,False,False
1785278543.2646906,1785278543.2409723,False,True,False,False
1785278543.294178,1785278543.2790375,False,True,False,False
1785278543.294178,1785278543.2790375,False,True,False,False
1785278543.294178,1785278543.2790375,False,True,False,False
1785278543.3244941,1785278543.3082137,False,True,False,False
1785278543.3244941,1785278543.3082137,False,True,False,False
1785278543.3539865,1785278543.3309505,False,True,False,False
1785278543.3539865,1785278543.3309505,False,True,False,False
1785278543.3539865,1785278543.3309505,False,True,False,False
1785278543.3539865,1785278543.3309505,False,True,False,False
1785278543.3936493,1785278543.3709538,False,True,False,False
1785278543.3936493,1785278543.3709538,False,True,False,False
1785278543.3936493,1785278543.3709538,False,True,False,False
1785278543.3936493,1785278543.3709538,False,True,False,False
1785278543.4237716,1785278543.4023826,False,False,False,False
1785278543.4237716,1785278543.4023826,False,False,False,False
1785278543.4544454,1785278543.4309769,False,False,False,False
1785278543.4544454,1785278543.4309769,True,False,True,False
1785278543.4544454,1785278543.4309769,True,False,True,False
1785278543.4841719,1785278543.460954,True,False,True,False
1785278543.4841719,1785278543.460954,True,False,False,False
1785278543.4841719,1785278543.460954,True,False,False,False
1785278543.5144987,1785278543.4909515,True,False,False,False
1785278543.5144987,1785278543.4909515,True,False,False,False
1785278543.5144987,1785278543.4909515,True,False,False,False
1785278543.5436294,1785278543.520952,True,False,False,False
1785278543.5436294,1785278543.520952,True,False,False,False
1785278543.5436294,1785278543.520952,True,False,False,False
1785278543.5741005,1785278543.5509539,True,False,False,False
1785278543.5741005,1785278543.5509539,True,False,False,False
1785278543.5741005,1785278543.5509539,True,False,False,False
1785278543.6041276,1785278543.5809524,True,False,False,False
1785278543.6041276,1785278543.5809524,True,True,False,False
1785278543.6041276,1785278543.5809524,True,True,False,False
1785278543.6343005,1785278543.6109688,True,True,False,False
1785278543.6343005,1785278543.6109688,True,False,False,False
1785278543.6343005,1785278543.6109688,True,False,False,False
1785278543.6646595,1785278543.6409667,True,False,False,False
1785278543.6646595,1785278543.6409667,True,False,False,False
1785278543.6646595,1785278543.6409667,True,False,False,False
1785278543.6646595,1785278543.6409667,True,False,False,False
1785278543.7041008,1785278543.6809628,True,False,False,False
1785278543.7041008,1785278543.6809628,True,False,False,False
1785278543.7041008,1785278543.6809628,True,False,False,False
1785278543.7041008,1785278543.6809628,True,False,False,False
1785278543.7340336,1785278543.711013,True,False,False,False
1785278543.7340336,1785278543.711013,True,False,False,False
1785278543.764155,1785278543.7409494,True,False,False,False
1785278543.764155,1785278543.7409494,True,False,False,False
1785278543.764155,1785278543.7409494,True,False,False,False
1785278543.7933545,1785278543.7709482,True,False,False,False
1785278543.7933545,1785278543.7709482,True,False,False,False
1785278543.7933545,1785278543.7709482,True,False,False,False
1785278543.824269,1785278543.8009467,True,False,False,False
1785278543.824269,1785278543.8009467,True,False,False,False
1785278543.824269,1785278543.8009467,True,False,False,False
1785278543.824269,1785278543.8009467,True,False,False,False
1785278543.8545055,1785278543.8384032,True,False,False,False
1785278543.8545055,1785278543.8384032,True,False,False,False
1785278543.8855324,1785278543.8609679,True,False,False,False
1785278543.8855324,1785278543.8609679,True,False,False,False
1785278543.8855324,1785278543.8609679,True,False,False,False
1785278543.8855324,1785278543.8609679,True,False,False,False
1785278543.9241292,1785278543.9009895,True,False,False,False
1785278543.9241292,1785278543.9009895,True,False,False,False
1785278543.9241292,1785278543.9009895,True,False,False,False
1785278543.953916,1785278543.9309516,True,False,False,False
1785278543.953916,1785278543.9309516,True,False,False,False
1785278543.953916,1785278543.9309516,True,False,False,False
1785278543.9850852,1785278543.960946,True,False,False,False
1785278543.9850852,1785278543.960946,False,False,False,False
1785278543.9850852,1785278543.960946,False,False,False,False
1785278544.0138597,1785278543.9909446,False,False,False,False
1785278544.0138597,1785278543.9909446,False,False,False,False
1785278544.0138597,1785278543.9909446,False,False,False,False
1785278544.0442035,1785278544.0209436,False,False,False,False
1785278544.0442035,1785278544.0209436,False,True,False,False
1785278544.0442035,1785278544.0209436,False,True,False,False
1785278544.0736551,1785278544.050942,False,True,False,False
1785278544.0736551,1785278544.050942,False,True,False,False
1785278544.0736551,1785278544.050942,False,True,False,False
1785278544.104986,1785278544.0809565,False,True,False,False
1785278544.104986,1785278544.0809565,False,True,False,False
1785278544.104986,1785278544.0809565,False,True,False,False
1785278544.104986,1785278544.0809565,False,True,False,False
1785278544.104986,1785278544.0809565,False,True,False,False
1785278544.1538143,1785278544.1309843,False,True,False,False
1785278544.1538143,1785278544.1309843,False,True,False,False
1785278544.1538143,1785278544.1309843,False,True,False,False
1785278544.184419,1785278544.1609728,False,True,False,False
1785278544.184419,1785278544.1609728,False,True,False,False
1785278544.184419,1785278544.1609728,False,True,False,False
1785278544.2139287,1785278544.190969,False,True,False,False
1785278544.2139287,1785278544.190969,False,True,False,False
1785278544.2139287,1785278544.190969,False,True,False,False
1785278544.2438395,1785278544.220946,False,True,False,False
1785278544.2438395,1785278544.220946,False,True,False,False
1785278544.2438395,1785278544.220946,False,True,False,False
1785278544.2438395,1785278544.220946,False,True,False,False
1785278544.2438395,1785278544.220946,False,True,False,False
1785278544.293841,1785278544.2709653,False,True,False,False
1785278544.293841,1785278544.2709653,False,True,False,False
1785278544.293841,1785278544.2709653,False,True,False,False
1785278544.324146,1785278544.300947,False,True,False,False
1785278544.324146,1785278544.300947,False,True,False,False
1785278544.324146,1785278544.300947,False,True,False,False
1785278544.3540998,1785278544.3309438,False,True,False,False
1785278544.3540998,1785278544.3309438,False,True,False,False
1785278544.3540998,1785278544.3309438,False,True,False,False
1785278544.3540998,1785278544.3309438,False,True,False,False
1785278544.3540998,1785278544.3309438,False,True,False,False
1785278544.3540998,1785278544.3309438,False,True,False,False
1785278544.4036288,1785278544.3821206,False,True,False,False
1785278544.424296,1785278544.4009461,False,True,False,False
1785278544.424296,1785278544.4009461,False,True,False,False
1785278544.424296,1785278544.4009461,False,True,False,False
1785278544.424296,1785278544.4009461,False,True,False,False
1785278544.4643188,1785278544.4409585,False,True,False,False
1785278544.4643188,1785278544.4409585,False,True,False,False
1785278544.4643188,1785278544.4409585,False,True,False,False
1785278544.4934576,1785278544.470944,False,True,False,False
1785278544.4934576,1785278544.470944,False,True,False,False
1785278544.4934576,1785278544.470944,False,True,False,False
1785278544.4934576,1785278544.470944,False,True,False,False
1785278544.5241077,1785278544.502194,False,False,False,False
1785278544.5241077,1785278544.502194,False,False,False,False
1785278544.554415,1785278544.5309598,False,False,False,False
1785278544.554415,1785278544.5309598,False,False,False,False
1785278544.554415,1785278544.5309598,False,False,False,False
1785278544.5844767,1785278544.5609438,False,False,False,False
1785278544.5844767,1785278544.5609438,False,False,False,False
1785278544.5844767,1785278544.5609438,False,False,False,False
1785278544.614477,1785278544.5909421,False,False,False,False
1785278544.614477,1785278544.5909421,True,False,False,False
1785278544.614477,1785278544.5909421,True,False,False,False
1785278544.614477,1785278544.5909421,True,False,False,False
1785278544.6441855,1785278544.6276643,True,False,False,False
1785278544.6441855,1785278544.6276643,True,False,False,False
1785278544.6441855,1785278544.6276643,True,False,False,False
1785278544.6844068,1785278544.6609602,True,False,False,False
1785278544.6844068,1785278544.6609602,True,False,False,False
1785278544.6844068,1785278544.6609602,True,False,False,False
1785278544.7137504,1785278544.690946,True,False,False,False
1785278544.7137504,1785278544.690946,True,False,False,False
1785278544.7137504,1785278544.690946,True,False,False,False
1785278544.7435281,1785278544.7209415,True,False,False,False
1785278544.7435281,1785278544.7209415,True,False,False,False
1785278544.7435281,1785278544.7209415,True,False,False,False
1785278544.7745993,1785278544.7509537,True,False,False,False
1785278544.7745993,1785278544.7509537,True,False,False,False
1785278544.7745993,1785278544.7509537,True,False,False,False
1785278544.8044097,1785278544.780942,True,False,False,False
1785278544.8044097,1785278544.780942,True,False,False,False
1785278544.8044097,1785278544.780942,True,False,False,False
1785278544.8044097,1785278544.780942,True,False,False,False
1785278544.8343678,1785278544.8119316,True,False,False,False
1785278544.8343678,1785278544.8119316,True,False,False,False
1785278544.8343678,1785278544.8119316,True,False,False,False
1785278544.874048,1785278544.850956,True,False,False,False
1785278544.874048,1785278544.850956,True,False,False,False
1785278544.874048,1785278544.850956,True,False,False,False
1785278544.9040122,1785278544.880989,True,False,False,False
1785278544.9040122,1785278544.880989,True,False,False,False
1785278544.9040122,1785278544.880989,True,False,False,False
1785278544.9339452,1785278544.9109511,True,False,False,False
1785278544.9339452,1785278544.9109511,True,False,False,False
1785278544.9339452,1785278544.9109511,True,False,False,False
1785278544.9339452,1785278544.9109511,True,False,False,False
1785278544.9652126,1785278544.942195,True,False,False,False
1785278544.9652126,1785278544.942195,True,False,False,False
1785278544.9941227,1785278544.9709435,True,False,False,False
1785278544.9941227,1785278544.9709435,True,False,False,False
1785278544.9941227,1785278544.9709435,True,False,False,False
1785278545.0243032,1785278545.000943,True,False,False,False
1785278545.0243032,1785278545.000943,True,False,False,False
1785278545.0243032,1785278545.000943,True,False,False,False
1785278545.0545034,1785278545.0309415,True,False,False,False
1785278545.0545034,1785278545.0309415,True,False,False,False
1785278545.0545034,1785278545.0309415,True,False,False,False
1785278545.0545034,1785278545.0309415,True,False,False,False
1785278545.0941377,1785278545.0709722,True,False,False,False
1785278545.0941377,1785278545.0709722,False,False,False,False
1785278545.0941377,1785278545.0709722,False,False,False,False
1785278545.1243713,1785278545.1009755,False,False,False,False
1785278545.1243713,1785278545.1009755,False,False,False,False
1785278545.1243713,1785278545.1009755,False,False,False,False
1785278545.1541555,1785278545.13097,False,False,False,False
1785278545.1541555,1785278545.13097,False,False,False,False
1785278545.1541555,1785278545.13097,False,False,False,False
1785278545.1541555,1785278545.13097,False,False,False,False
1785278545.1541555,1785278545.13097,False,False,False,False
1785278545.2048523,1785278545.1809676,False,False,False,False
1785278545.2048523,1785278545.1809676,False,True,False,False
1785278545.2048523,1785278545.1809676,False,True,False,False
1785278545.2340322,1785278545.2109501,False,True,False,False
1785278545.2340322,1785278545.2109501,False,True,False,False
1785278545.2340322,1785278545.2109501,False,True,False,False
1785278545.2638443,1785278545.240947,False,True,False,False
1785278545.2638443,1785278545.240947,False,True,False,False
1785278545.2638443,1785278545.240947,False,True,False,False
1785278545.2938497,1785278545.2709665,False,True,False,False
1785278545.2938497,1785278545.2709665,False,True,False,False
1785278545.2938497,1785278545.2709665,False,True,False,False
1785278545.2938497,1785278545.2709665,False,True,False,False
1785278545.3241336,1785278545.3019354,False,True,False,False
1785278545.3241336,1785278545.3019354,False,True,False,False
1785278545.3543594,1785278545.3309507,False,True,False,False
1785278545.3543594,1785278545.3309507,False,True,False,False
1785278545.3543594,1785278545.3309507,False,True,False,False
1785278545.3843925,1785278545.3609464,False,True,False,False
1785278545.3843925,1785278545.3609464,False,True,False,False
1785278545.3843925,1785278545.3609464,False,True,False,False
1785278545.4147987,1785278545.3909883,False,True,False,False
1785278545.4147987,1785278545.3909883,False,True,False,False
1785278545.4147987,1785278545.3909883,False,True,False,False
1785278545.4147987,1785278545.3909883,False,True,False,False
1785278545.4545465,1785278545.430959,False,True,False,False
1785278545.4545465,1785278545.430959,False,True,False,False
1785278545.4545465,1785278545.430959,False,True,False,False
1785278545.4841218,1785278545.460958,False,True,False,False
1785278545.4841218,1785278545.460958,False,True,False,False
1785278545.4841218,1785278545.460958,False,True,False,False
1785278545.5139816,1785278545.4909432,False,True,False,False
1785278545.5139816,1785278545.4909432,False,True,False,False
1785278545.5139816,1785278545.4909432,False,True,False,False
1785278545.5448031,1785278545.520958,False,True,False,False
1785278545.5448031,1785278545.520958,False,True,False,False
1785278545.5448031,1785278545.520958,False,True,False,False
1785278545.5448031,1785278545.520958,False,True,False,False
1785278545.5740972,1785278545.5522468,False,True,False,False
1785278545.5740972,1785278545.5522468,False,True,False,False
1785278545.6046724,1785278545.5809429,False,True,False,False
1785278545.6046724,1785278545.5809429,False,True,False,False
1785278545.6046724,1785278545.5809429,False,True,False,False
1785278545.6354825,1785278545.610965,False,True,False,False
1785278545.6354825,1785278545.610965,False,True,False,False
1785278545.6354825,1785278545.610965,False,True,False,False
1785278545.6354825,1785278545.610965,False,True,False,False
1785278545.6740127,1785278545.6509748,False,True,False,False
1785278545.6740127,1785278545.6509748,False,False,False,False
1785278545.6740127,1785278545.6509748,False,False,False,False
1785278545.7041652,1785278545.6809616,False,False,False,False
1785278545.7041652,1785278545.6809616,False,False,False,False
1785278545.7041652,1785278545.6809616,False,False,False,False
1785278545.7358365,1785278545.7109601,False,False,False,False
1785278545.7358365,1785278545.7109601,True,False,False,False
1785278545.7358365,1785278545.7109601,True,False,False,False
1785278545.7643652,1785278545.7409437,True,False,False,False
1785278545.7643652,1785278545.7409437,True,False,False,False
1785278545.7643652,1785278545.7409437,True,False,False,False
1785278545.7643652,1785278545.7409437,True,False,False,False
1785278545.7643652,1785278545.7409437,True,False,False,False
1785278545.8144982,1785278545.7909722,True,False,False,False
1785278545.8144982,1785278545.7909722,True,False,False,False
1785278545.8144982,1785278545.7909722,True,False,False,False
1785278545.8446927,1785278545.8209496,True,False,False,False
1785278545.8446927,1785278545.8209496,True,False,False,False
1785278545.8446927,1785278545.8209496,True,False,False,False
1785278545.874232,1785278545.850958,True,False,False,False
1785278545.874232,1785278545.850958,True,False,False,False
1785278545.874232,1785278545.850958,True,False,False,False
1785278545.874232,1785278545.850958,True,False,False,False
1785278545.9043067,1785278545.8819082,True,False,False,False
1785278545.9043067,1785278545.8819082,True,False,False,False
1785278545.9043067,1785278545.8819082,True,False,False,False
1785278545.9340477,1785278545.9120014,True,False,False,False
1785278545.9340477,1785278545.9120014,True,False,False,False
1785278545.964612,1785278545.9409463,True,False,False,False
1785278545.964612,1785278545.9409463,True,False,False,False
1785278545.964612,1785278545.9409463,True,False,False,False
1785278545.993653,1785278545.970944,True,False,False,False
1785278545.993653,1785278545.970944,True,False,False,False
1785278545.993653,1785278545.970944,True,False,False,False
1785278546.0240197,1785278546.0009525,True,False,False,False
1785278546.0240197,1785278546.0009525,True,False,False,False
1785278546.0240197,1785278546.0009525,True,False,False,False
1785278546.0240197,1785278546.0009525,True,False,False,False
1785278546.0543911,1785278546.0319536,True,False,False,False
1785278546.0543911,1785278546.0319536,True,False,False,False
1785278546.0843222,1785278546.0609665,True,False,False,False
1785278546.0843222,1785278546.0609665,True,False,False,False
1785278546.0843222,1785278546.0609665,True,False,False,False
1785278546.0843222,1785278546.0609665,True,False,False,False
1785278546.1233747,1785278546.1009662,True,False,False,False
1785278546.1233747,1785278546.1009662,True,False,False,False
1785278546.1233747,1785278546.1009662,True,False,False,False
1785278546.1541727,1785278546.1309817,True,False,False,False
1785278546.1541727,1785278546.1309817,True,False,False,False
1785278546.1541727,1785278546.1309817,True,False,False,False
1785278546.184949,1785278546.1609695,True,False,False,False
1785278546.184949,1785278546.1609695,True,False,False,False
1785278546.184949,1785278546.1609695,True,False,False,False
1785278546.2140057,1785278546.190968,True,False,False,False
1785278546.2140057,1785278546.190968,False,False,False,False
1785278546.2140057,1785278546.190968,False,False,False,False
1785278546.2437599,1785278546.2209656,False,False,False,False
1785278546.2437599,1785278546.2209656,False,False,False,False
1785278546.2437599,1785278546.2209656,False,False,False,False
1785278546.2437599,1785278546.2209656,False,False,False,False
1785278546.2745287,1785278546.252239,False,False,False,False
1785278546.2745287,1785278546.252239,False,False,False,False
1785278546.2745287,1785278546.252239,False,False,False,False
1785278546.3045564,1785278546.281925,False,True,False,False
1785278546.3045564,1785278546.281925,False,True,False,False
1785278546.3045564,1785278546.281925,False,True,False,False
1785278546.33411,1785278546.312491,False,True,False,False
1785278546.33411,1785278546.312491,False,True,False,False
1785278546.33411,1785278546.312491,False,True,False,False
1785278546.3741515,1785278546.350953,False,True,False,False
1785278546.3741515,1785278546.350953,False,True,False,False
1785278546.3741515,1785278546.350953,False,True,False,False
1785278546.3741515,1785278546.350953,False,True,False,False
1785278546.4051788,1785278546.3819168,False,True,False,False
1785278546.4051788,1785278546.3819168,False,True,False,False
1785278546.4342263,1785278546.41095,False,True,False,False
1785278546.4342263,1785278546.41095,False,True,False,False
1785278546.4342263,1785278546.41095,False,True,False,False
1785278546.4342263,1785278546.41095,False,True,False,False
1785278546.4342263,1785278546.41095,False,True,False,False
1785278546.4836173,1785278546.4609656,False,True,False,False
1785278546.4836173,1785278546.4609656,False,True,False,False
1785278546.4836173,1785278546.4609656,False,True,False,False
1785278546.5052729,1785278546.4876297,False,True,False,False
1785278546.5052729,1785278546.4876297,False,True,False,False
1785278546.5052729,1785278546.4876297,False,True,False,False
1785278546.5052729,1785278546.4876297,False,True,False,False
1785278546.5437167,1785278546.5219264,False,True,False,False
1785278546.5437167,1785278546.5219264,False,True,False,False
1785278546.5437167,1785278546.5219264,False,True,False,False
1785278546.5742314,1785278546.5519938,False,True,False,False
1785278546.5742314,1785278546.5519938,False,True,False,False
1785278546.5742314,1785278546.5519938,False,True,False,False
1785278546.6042438,1785278546.5819108,False,True,False,False
1785278546.6042438,1785278546.5819108,False,True,False,False
1785278546.6042438,1785278546.5819108,False,True,False,False
1785278546.6042438,1785278546.5819108,False,True,False,False
1785278546.6042438,1785278546.5819108,False,True,False,False
1785278546.6042438,1785278546.5819108,False,True,False,False
1785278546.6042438,1785278546.5819108,False,True,False,False
1785278546.6042438,1785278546.5819108,False,True,False,False
1785278546.6340642,1785278546.6682754,False,True,False,False
1785278546.694485,1785278546.6783712,False,True,False,False
1785278546.694485,1785278546.6783712,False,True,False,False
1785278546.7243712,1785278546.7009494,False,True,False,False
1785278546.7243712,1785278546.7009494,False,True,False,False
1785278546.7243712,1785278546.7009494,False,True,False,False
1785278546.7243712,1785278546.7009494,False,True,False,False
1785278546.764633,1785278546.7409694,False,True,False,False
1785278546.764633,1785278546.7409694,False,True,False,False
1785278546.764633,1785278546.7409694,False,True,False,False
1785278546.764633,1785278546.7409694,False,True,False,False
1785278546.7936692,1785278546.7719626,False,False,False,False
1785278546.7936692,1785278546.7719626,False,False,False,False
1785278546.7936692,1785278546.7719626,False,False,False,False
1785278546.824193,1785278546.8095336,False,False,False,False
1785278546.824193,1785278546.8095336,False,False,False,False
1785278546.853996,1785278546.8309484,False,False,False,False
1785278546.853996,1785278546.8309484,True,False,False,False
1785278546.853996,1785278546.8309484,True,False,False,False
1785278546.8840396,1785278546.8609686,True,False,False,False
1785278546.8840396,1785278546.8609686,True,False,False,False
1785278546.8840396,1785278546.8609686,True,False,False,False
1785278546.9142532,1785278546.8909504,True,False,False,False
1785278546.9142532,1785278546.8909504,True,False,False,False
1785278546.9142532,1785278546.8909504,True,False,False,False
1785278546.9442706,1785278546.9209514,True,False,False,False
1785278546.9442706,1785278546.9209514,True,False,False,False
1785278546.9442706,1785278546.9209514,True,False,False,False
1785278546.9738853,1785278546.9509683,True,False,False,False
1785278546.9738853,1785278546.9509683,True,True,False,False
1785278546.9738853,1785278546.9509683,True,True,False,False
1785278546.9738853,1785278546.9509683,True,True,False,False
1785278546.9738853,1785278546.9509683,True,True,False,False
1785278547.0137105,1785278546.99112,True,False,False,False
1785278547.0137105,1785278546.99112,True,False,False,False
1785278547.0436232,1785278547.0209513,True,False,False,False
1785278547.0436232,1785278547.0209513,True,False,False,False
1785278547.0436232,1785278547.0209513,True,False,False,False
1785278547.0738544,1785278547.050946,True,False,False,False
1785278547.0738544,1785278547.050946,True,False,False,False
1785278547.0738544,1785278547.050946,True,False,False,False
1785278547.1041331,1785278547.0809596,True,False,False,False
1785278547.1041331,1785278547.0809596,True,False,False,False
1785278547.1041331,1785278547.0809596,True,False,False,False
1785278547.1041331,1785278547.0809596,True,False,False,False
1785278547.1347568,1785278547.111922,True,False,False,False
1785278547.1347568,1785278547.111922,True,False,False,False
1785278547.1347568,1785278547.111922,True,False,False,False
1785278547.1347568,1785278547.111922,True,False,False,False
1785278547.1347568,1785278547.111922,True,False,False,False
1785278547.1836262,1785278547.1619499,True,False,False,False
1785278547.1836262,1785278547.1619499,True,False,False,False
1785278547.2146711,1785278547.1909516,True,False,False,False
1785278547.2146711,1785278547.1909516,True,False,False,False
1785278547.2146711,1785278547.1909516,True,False,False,False
1785278547.2146711,1785278547.1909516,True,False,False,False
1785278547.243672,1785278547.221952,True,False,False,False
1785278547.243672,1785278547.221952,True,False,False,False
1785278547.243672,1785278547.221952,True,False,False,False
1785278547.2748547,1785278547.2522817,True,False,False,False
1785278547.2748547,1785278547.2522817,True,False,False,False
1785278547.2748547,1785278547.2522817,True,False,False,False
1785278547.2748547,1785278547.2522817,True,False,False,False
1785278547.2748547,1785278547.2522817,True,False,False,False
1785278547.3240669,1785278547.3019168,False,False,False,False
1785278547.3240669,1785278547.3019168,False,False,False,False
1785278547.3240669,1785278547.3019168,False,False,False,False
1785278547.3538427,1785278547.3319523,False,False,False,False
1785278547.3538427,1785278547.3319523,False,False,False,False
1785278547.3861165,1785278547.3609438,False,False,False,False
1785278547.3861165,1785278547.3609438,False,False,False,False
1785278547.3861165,1785278547.3609438,False,False,False,False
1785278547.3861165,1785278547.3609438,False,False,False,False
1785278547.4137566,1785278547.3922114,False,True,False,False
1785278547.4137566,1785278547.3922114,False,True,False,False
1785278547.4445422,1785278547.4209423,False,True,False,False
1785278547.4445422,1785278547.4209423,False,True,False,False
1785278547.4445422,1785278547.4209423,False,True,False,False
1785278547.4445422,1785278547.4209423,False,True,False,False
1785278547.4743345,1785278547.4519825,False,True,False,False
1785278547.4743345,1785278547.4519825,False,True,False,False
1785278547.4743345,1785278547.4519825,False,True,False,False
1785278547.4743345,1785278547.4519825,False,True,False,False
1785278547.5138345,1785278547.491923,False,True,False,False
1785278547.5138345,1785278547.491923,False,True,False,False
1785278547.5138345,1785278547.491923,False,True,False,False
1785278547.5441594,1785278547.521964,False,True,False,False
1785278547.5441594,1785278547.521964,False,True,False,False
1785278547.5441594,1785278547.521964,False,True,False,False
1785278547.5739853,1785278547.5519533,False,True,False,False
1785278547.5739853,1785278547.5519533,False,True,False,False
1785278547.6038153,1785278547.5809453,False,True,False,False
1785278547.6038153,1785278547.5809453,False,True,False,False
1785278547.6038153,1785278547.5809453,False,True,False,False
1785278547.6038153,1785278547.5809453,False,True,False,False
1785278547.6338298,1785278547.6119614,False,True,False,False
1785278547.6338298,1785278547.6119614,False,True,False,False
1785278547.6338298,1785278547.6119614,False,True,False,False
1785278547.6338298,1785278547.6119614,False,True,False,False
1785278547.6338298,1785278547.6119614,False,True,False,False
1785278547.6842432,1785278547.6619577,False,True,False,False
1785278547.6842432,1785278547.6619577,False,True,False,False
1785278547.713738,1785278547.6909552,False,True,False,False
1785278547.713738,1785278547.6909552,False,True,False,False
1785278547.713738,1785278547.6909552,False,True,False,False
1785278547.713738,1785278547.6909552,False,True,False,False
1785278547.743875,1785278547.7220926,False,True,False,False
1785278547.743875,1785278547.7220926,False,True,False,False
1785278547.7737484,1785278547.7509532,False,True,False,False
1785278547.7737484,1785278547.7509532,False,True,False,False
1785278547.7737484,1785278547.7509532,False,True,False,False
1785278547.7737484,1785278547.7509532,False,True,False,False
1785278547.8040738,1785278547.7821922,False,True,False,False
1785278547.8040738,1785278547.7821922,False,True,False,False
1785278547.8040738,1785278547.7821922,False,True,False,False
1785278547.8040738,1785278547.7821922,False,True,False,False
1785278547.8537502,1785278547.8309624,False,True,False,False
1785278547.8537502,1785278547.8309624,False,True,False,False
1785278547.8537502,1785278547.8309624,False,True,False,False
1785278547.8835196,1785278547.860958,False,True,False,False
1785278547.8835196,1785278547.860958,False,False,False,False
1785278547.8835196,1785278547.860958,False,False,False,False
1785278547.8835196,1785278547.860958,False,False,False,False
1785278547.914002,1785278547.8980777,False,False,False,False
1785278547.914002,1785278547.8980777,False,False,False,False
1785278547.9441664,1785278547.9209485,False,False,False,False
1785278547.9441664,1785278547.9209485,False,False,False,False
1785278547.9441664,1785278547.9209485,False,False,False,False
1785278547.9441664,1785278547.9209485,False,False,False,False
1785278547.9745822,1785278547.951911,True,False,False,False
1785278547.9745822,1785278547.951911,True,False,False,False
1785278547.9745822,1785278547.951911,True,False,False,False
1785278548.0047932,1785278547.981898,True,False,False,False
1785278548.0047932,1785278547.981898,True,False,False,False
1785278548.0361524,1785278548.0109446,True,False,False,False
1785278548.0361524,1785278548.0109446,True,False,False,False
1785278548.0361524,1785278548.0109446,True,False,False,False
1785278548.0644639,1785278548.0409439,True,False,False,False
1785278548.0644639,1785278548.0409439,True,False,False,False
1785278548.0644639,1785278548.0409439,True,False,False,False
1785278548.0644639,1785278548.0409439,True,False,False,False
1785278548.0644639,1785278548.0409439,True,False,False,False
1785278548.103702,1785278548.0819016,True,False,False,False
1785278548.103702,1785278548.0819016,True,False,False,False
1785278548.134138,1785278548.1109416,True,False,False,False
1785278548.134138,1785278548.1109416,True,False,False,False
1785278548.134138,1785278548.1109416,True,False,False,False
1785278548.164416,1785278548.140983,True,False,False,False
1785278548.164416,1785278548.140983,True,False,False,False
1785278548.164416,1785278548.140983,True,False,False,False
1785278548.1936297,1785278548.1709585,True,False,False,False
1785278548.1936297,1785278548.1709585,True,False,False,False
1785278548.1936297,1785278548.1709585,True,False,False,False
1785278548.1936297,1785278548.1709585,True,False,False,False
1785278548.1936297,1785278548.1709585,True,False,False,False
1785278548.1936297,1785278548.1709585,True,False,False,False
1785278548.2440073,1785278548.2285929,True,False,False,False
1785278548.2440073,1785278548.2285929,True,False,False,False
1785278548.2440073,1785278548.2285929,True,False,False,False
1785278548.2747748,1785278548.2519398,True,False,False,False
1785278548.2747748,1785278548.2519398,True,False,False,False
1785278548.3039994,1785278548.280948,True,False,False,False
1785278548.3039994,1785278548.280948,True,False,False,False
1785278548.3039994,1785278548.280948,True,False,False,False
1785278548.3039994,1785278548.280948,True,False,False,False
1785278548.333899,1785278548.3110306,True,False,False,False
1785278548.333899,1785278548.3110306,True,False,False,False
1785278548.3651695,1785278548.3409462,True,False,False,False
1785278548.3651695,1785278548.3409462,True,False,False,False
1785278548.3651695,1785278548.3409462,True,False,False,False
1785278548.3651695,1785278548.3409462,True,False,False,False
1785278548.394283,1785278548.371935,True,False,False,False
1785278548.394283,1785278548.371935,True,False,False,False
1785278548.394283,1785278548.371935,True,False,False,False
1785278548.4243898,1785278548.401919,False,False,False,False
1785278548.4243898,1785278548.401919,False,False,False,False
1785278548.4243898,1785278548.401919,False,False,False,False
1785278548.4243898,1785278548.401919,False,False,False,False
1785278548.463855,1785278548.4424672,False,False,False,False
1785278548.463855,1785278548.4424672,False,False,False,False
1785278548.4941642,1785278548.4709492,False,False,False,False
1785278548.4941642,1785278548.4709492,False,False,False,False
1785278548.4941642,1785278548.4709492,False,False,False,False
1785278548.5238814,1785278548.5009453,False,False,False,False
1785278548.5238814,1785278548.5009453,False,False,False,False
1785278548.5238814,1785278548.5009453,False,False,False,False
1785278548.5238814,1785278548.5009453,False,False,False,False
1785278548.5238814,1785278548.5009453,False,False,False,False
1785278548.5238814,1785278548.5009453,False,False,False,False
1785278548.5738277,1785278548.5519378,False,True,False,False
1785278548.5738277,1785278548.5519378,False,True,False,False
1785278548.6037905,1785278548.5809472,False,True,False,False
1785278548.6037905,1785278548.5809472,False,True,False,False
1785278548.6037905,1785278548.5809472,False,True,False,False
1785278548.6338062,1785278548.6109478,False,True,False,False
1785278548.6338062,1785278548.6109478,False,True,False,False
1785278548.6338062,1785278548.6109478,False,True,False,False
1785278548.6643279,1785278548.6409698,False,True,False,False
1785278548.6643279,1785278548.6409698,False,True,False,False
1785278548.6643279,1785278548.6409698,False,True,False,False
1785278548.6939037,1785278548.670945,False,True,False,False
1785278548.6939037,1785278548.670945,False,True,False,False
1785278548.6939037,1785278548.670945,False,True,False,False
1785278548.723964,1785278548.7009597,False,True,False,False
1785278548.723964,1785278548.7009597,False,True,False,False
1785278548.723964,1785278548.7009597,False,True,False,False
1785278548.723964,1785278548.7009597,False,True,False,False
1785278548.7544153,1785278548.7319403,False,True,False,False
1785278548.7544153,1785278548.7319403,False,True,False,False
1785278548.7544153,1785278548.7319403,False,True,False,False
1785278548.7544153,1785278548.7319403,False,True,False,False
1785278548.7938883,1785278548.7722168,False,True,False,False
1785278548.7938883,1785278548.7722168,False,True,False,False
1785278548.7938883,1785278548.7722168,False,True,False,False
1785278548.7938883,1785278548.7722168,False,True,False,False
1785278548.8345308,1785278548.8119776,False,True,False,False
1785278548.8345308,1785278548.8119776,False,True,False,False
1785278548.8645103,1785278548.8409536,False,True,False,False
1785278548.8645103,1785278548.8409536,False,True,False,False
1785278548.8645103,1785278548.8409536,False,True,False,False
1785278548.8645103,1785278548.8409536,False,True,False,False
1785278548.8938122,1785278548.880957,False,True,False,False
1785278548.8938122,1785278548.880957,False,True,False,False
1785278548.8938122,1785278548.880957,False,True,False,False
1785278548.9341662,1785278548.9109662,False,True,False,False
1785278548.9341662,1785278548.9109662,False,True,False,False
1785278548.9341662,1785278548.9109662,False,True,False,False
1785278548.9644947,1785278548.940996,False,True,False,False
1785278548.9644947,1785278548.940996,False,True,False,False
1785278548.9644947,1785278548.940996,False,True,False,False
1785278548.9644947,1785278548.940996,False,True,False,False
1785278548.9934056,1785278548.9719605,False,True,False,False
1785278548.9934056,1785278548.9719605,False,True,False,False
1785278548.9934056,1785278548.9719605,False,True,False,False
1785278549.0248563,1785278549.0089324,False,False,False,False
1785278549.0248563,1785278549.0089324,False,False,False,False
1785278549.0248563,1785278549.0089324,False,False,False,False
1785278549.0248563,1785278549.0089324,False,False,False,False
1785278549.0248563,1785278549.0089324,False,False,False,False
1785278549.0743217,1785278549.0519588,True,False,True,False
1785278549.0743217,1785278549.0519588,True,False,True,False
1785278549.0743217,1785278549.0519588,True,False,True,False
1785278549.1041505,1785278549.0819414,True,False,False,False
1785278549.1041505,1785278549.0819414,True,False,False,False
1785278549.1348593,1785278549.1109688,True,False,False,False
1785278549.1348593,1785278549.1109688,True,False,False,False
1785278549.1348593,1785278549.1109688,True,False,False,False
1785278549.1348593,1785278549.1109688,True,False,False,False
1785278549.1642735,1785278549.1419232,True,False,False,False
1785278549.1642735,1785278549.1419232,True,False,False,False
1785278549.194383,1785278549.1709728,True,False,False,False
1785278549.194383,1785278549.1709728,True,True,False,False
1785278549.194383,1785278549.1709728,True,True,False,False
1785278549.194383,1785278549.1709728,True,True,False,False
1785278549.2246857,1785278549.2019172,True,False,False,False
1785278549.2246857,1785278549.2019172,True,False,False,False
1785278549.2246857,1785278549.2019172,True,False,False,False
1785278549.2246857,1785278549.2019172,True,False,False,False
1785278549.2634256,1785278549.249599,True,False,False,False
1785278549.2634256,1785278549.249599,True,False,False,False
1785278549.2938583,1785278549.27095,True,False,False,False
1785278549.2938583,1785278549.27095,True,False,False,False
1785278549.2938583,1785278549.27095,True,False,False,False
1785278549.2938583,1785278549.27095,True,False,False,False
1785278549.3237789,1785278549.3109484,True,False,False,False
1785278549.3237789,1785278549.3109484,True,False,False,False
1785278549.3549206,1785278549.330946,True,False,False,False
1785278549.3549206,1785278549.330946,True,False,False,False
1785278549.3549206,1785278549.330946,True,False,False,False
1785278549.384192,1785278549.3609467,True,False,False,False
1785278549.384192,1785278549.3609467,True,False,False,False
1785278549.384192,1785278549.3609467,True,False,False,False
1785278549.384192,1785278549.3609467,True,False,False,False
1785278549.4139922,1785278549.3919253,True,False,False,False
1785278549.4139922,1785278549.3919253,True,False,False,False
1785278549.4139922,1785278549.3919253,True,False,False,False
1785278549.4443204,1785278549.422114,True,False,False,False
1785278549.4443204,1785278549.422114,True,False,False,False
1785278549.4443204,1785278549.422114,True,False,False,False
1785278549.4740953,1785278549.4523957,True,False,False,False
1785278549.4740953,1785278549.4523957,True,False,False,False
1785278549.4740953,1785278549.4523957,True,False,False,False
1785278549.4740953,1785278549.4523957,True,False,False,False
1785278549.514218,1785278549.4919248,True,False,False,False
1785278549.514218,1785278549.4919248,True,False,False,False
1785278549.543877,1785278549.5209687,True,False,False,False
1785278549.543877,1785278549.5209687,False,False,False,False
1785278549.543877,1785278549.5209687,False,False,False,False
1785278549.543877,1785278549.5209687,False,False,False,False
1785278549.5739017,1785278549.5519352,False,False,False,False
1785278549.5739017,1785278549.5519352,False,False,False,False
1785278549.5739017,1785278549.5519352,False,False,False,False
1785278549.5739017,1785278549.5519352,False,False,False,False
1785278549.5739017,1785278549.5519352,False,False,False,False
1785278549.6240385,1785278549.6019568,False,False,False,False
1785278549.6240385,1785278549.6019568,False,False,False,False
1785278549.65399,1785278549.630968,False,False,False,False
1785278549.65399,1785278549.630968,False,True,False,False
1785278549.65399,1785278549.630968,False,True,False,False
1785278549.6844277,1785278549.6609857,False,True,False,False
1785278549.6844277,1785278549.6609857,False,True,False,False
1785278549.6844277,1785278549.6609857,False,True,False,False
1785278549.7138875,1785278549.6909509,False,True,False,False
1785278549.7138875,1785278549.6909509,False,True,False,False
1785278549.7138875,1785278549.6909509,False,True,False,False
1785278549.7138875,1785278549.6909509,False,True,False,False
1785278549.743819,1785278549.7219443,False,True,False,False
1785278549.743819,1785278549.7219443,False,True,False,False
1785278549.743819,1785278549.7219443,False,True,False,False
1785278549.7743876,1785278549.7609134,False,True,False,False
1785278549.7743876,1785278549.7609134,False,True,False,False
1785278549.8045552,1785278549.7809494,False,True,False,False
1785278549.8045552,1785278549.7809494,False,True,False,False
1785278549.8045552,1785278549.7809494,False,True,False,False
1785278549.8045552,1785278549.7809494,False,True,False,False
1785278549.8342807,1785278549.8123224,False,True,False,False
1785278549.8342807,1785278549.8123224,False,True,False,False
1785278549.8642972,1785278549.8409474,False,True,False,False
1785278549.8642972,1785278549.8409474,False,True,False,False
1785278549.8642972,1785278549.8409474,False,True,False,False
1785278549.8642972,1785278549.8409474,False,True,False,False
1785278549.8938954,1785278549.8724337,False,True,False,False
1785278549.8938954,1785278549.8724337,False,True,False,False
1785278549.8938954,1785278549.8724337,False,True,False,False
1785278549.9340408,1785278549.9109511,False,True,False,False
1785278549.9340408,1785278549.9109511,False,True,False,False
1785278549.9340408,1785278549.9109511,False,True,False,False
1785278549.9645185,1785278549.9409494,False,True,False,False
1785278549.9645185,1785278549.9409494,False,True,False,False
1785278549.9645185,1785278549.9409494,False,True,False,False
1785278549.9645185,1785278549.9409494,False,True,False,False
1785278549.9939804,1785278549.9720106,False,True,False,False
1785278549.9939804,1785278549.9720106,False,True,False,False
1785278549.9939804,1785278549.9720106,False,True,False,False
1785278550.0240214,1785278550.0021915,False,True,False,False
1785278550.0240214,1785278550.0021915,False,True,False,False
1785278550.0240214,1785278550.0021915,False,True,False,False
1785278550.0240214,1785278550.0021915,False,True,False,False
1785278550.0240214,1785278550.0021915,False,True,False,False
1785278550.0740664,1785278550.057608,False,True,False,False
1785278550.0740664,1785278550.057608,False,True,False,False
1785278550.0740664,1785278550.057608,False,True,False,False
1785278550.1036305,1785278550.0819,False,False,False,False
1785278550.1036305,1785278550.0819,False,False,False,False
1785278550.1036305,1785278550.0819,False,False,False,False
1785278550.1341832,1785278550.111943,False,False,False,False
1785278550.1341832,1785278550.111943,False,False,False,False
1785278550.1341832,1785278550.111943,False,False,False,False
1785278550.1639595,1785278550.141911,False,False,False,False
1785278550.1639595,1785278550.141911,False,False,False,False
1785278550.1639595,1785278550.141911,False,False,False,False
1785278550.1639595,1785278550.141911,False,False,False,False
1785278550.1639595,1785278550.141911,False,False,False,False
1785278550.2142801,1785278550.1924925,True,False,False,False
1785278550.2142801,1785278550.1924925,True,False,False,False
1785278550.2142801,1785278550.1924925,True,False,False,False
1785278550.244363,1785278550.222086,True,False,False,False
1785278550.244363,1785278550.222086,True,False,False,False
1785278550.244363,1785278550.222086,True,False,False,False
1785278550.2746742,1785278550.2519908,True,False,False,False
1785278550.2746742,1785278550.2519908,True,False,False,False
1785278550.2746742,1785278550.2519908,True,False,False,False
1785278550.3040774,1785278550.2823174,True,False,False,False
1785278550.3040774,1785278550.2823174,True,False,False,False
1785278550.3040774,1785278550.2823174,True,False,False,False
1785278550.3040774,1785278550.2823174,True,False,False,False
1785278550.3040774,1785278550.2823174,True,False,False,False
1785278550.3538525,1785278550.331968,True,False,False,False
1785278550.3538525,1785278550.331968,True,False,False,False
1785278550.3839173,1785278550.3609507,True,False,False,False
1785278550.3839173,1785278550.3609507,True,False,False,False
1785278550.3839173,1785278550.3609507,True,False,False,False
1785278550.3839173,1785278550.3609507,True,False,False,False
1785278550.4138544,1785278550.3922424,True,False,False,False
1785278550.4138544,1785278550.3922424,True,False,False,False
1785278550.4440444,1785278550.4209569,True,False,False,False
1785278550.4440444,1785278550.4209569,True,False,False,False
1785278550.4440444,1785278550.4209569,True,False,False,False
1785278550.4742901,1785278550.450969,True,False,False,False
1785278550.4742901,1785278550.450969,True,False,False,False
1785278550.4742901,1785278550.450969,True,False,False,False
1785278550.4742901,1785278550.450969,True,False,False,False
1785278550.5042899,1785278550.4820256,True,False,False,False
1785278550.5042899,1785278550.4820256,True,False,False,False
1785278550.5042899,1785278550.4820256,True,False,False,False
1785278550.5345662,1785278550.5119755,True,False,False,False
1785278550.5345662,1785278550.5119755,True,False,False,False
1785278550.5345662,1785278550.5119755,True,False,False,False
1785278550.5345662,1785278550.5119755,True,False,False,False
1785278550.573901,1785278550.5523372,False,False,False,False
1785278550.573901,1785278550.5523372,False,False,False,False
1785278550.573901,1785278550.5523372,False,False,False,False
1785278550.6034849,1785278550.5819392,True,False,False,False
1785278550.6034849,1785278550.5819392,True,False,False,False
1785278550.6346579,1785278550.6109493,True,False,False,False
1785278550.6346579,1785278550.6109493,False,False,False,False
1785278550.6346579,1785278550.6109493,False,False,False,False
1785278550.6346579,1785278550.6109493,False,False,False,False
1785278550.664317,1785278550.642518,False,False,False,False
1785278550.664317,1785278550.642518,False,False,False,False
1785278550.69407,1785278550.6709504,False,False,False,False
1785278550.69407,1785278550.6709504,False,False,False,False
1785278550.69407,1785278550.6709504,False,False,False,False
1785278550.7240467,1785278550.7009485,False,False,False,False
1785278550.7240467,1785278550.7009485,False,False,False,False
1785278550.7240467,1785278550.7009485,False,False,False,False
1785278550.7543125,1785278550.7309463,False,False,False,False
1785278550.7543125,1785278550.7309463,False,True,False,True
1785278550.7543125,1785278550.7309463,False,True,False,True
1785278550.7543125,1785278550.7309463,False,True,False,True
1785278550.7845187,1785278550.7619624,False,True,False,False
1785278550.7845187,1785278550.7619624,False,True,False,False
1785278550.7845187,1785278550.7619624,False,True,False,False
1785278550.7845187,1785278550.7619624,False,True,False,False
1785278550.8235893,1785278550.8019218,False,True,False,False
1785278550.8235893,1785278550.8019218,False,True,False,False
1785278550.8235893,1785278550.8019218,False,True,False,False
1785278550.8541608,1785278550.8319433,False,True,False,False
1785278550.8541608,1785278550.8319433,False,True,False,False
1785278550.884909,1785278550.8609543,False,True,False,False
1785278550.884909,1785278550.8609543,False,True,False,False
1785278550.884909,1785278550.8609543,False,True,False,False
1785278550.884909,1785278550.8609543,False,True,False,False
1785278550.913642,1785278550.892226,False,True,False,False
1785278550.913642,1785278550.892226,False,True,False,False
1785278550.9442034,1785278550.9209657,False,True,False,False
1785278550.9442034,1785278550.9209657,False,True,False,False
1785278550.9442034,1785278550.9209657,False,True,False,False
1785278550.9442034,1785278550.9209657,False,True,False,False
1785278550.974133,1785278550.958561,False,True,False,False
1785278550.974133,1785278550.958561,False,True,False,False
1785278550.974133,1785278550.958561,False,True,False,False
1785278550.974133,1785278550.958561,False,True,False,False
1785278551.0137365,1785278550.9921436,False,True,False,False
1785278551.0137365,1785278550.9921436,False,True,False,False
1785278551.0137365,1785278550.9921436,False,True,False,False
1785278551.0439558,1785278551.021923,False,True,False,False
1785278551.0439558,1785278551.021923,False,True,False,False
1785278551.0732822,1785278551.050945,False,True,False,False
1785278551.0732822,1785278551.050945,False,True,False,False
1785278551.0732822,1785278551.050945,False,True,False,False
1785278551.0732822,1785278551.050945,False,True,False,False
1785278551.1048138,1785278551.0819032,False,True,False,False
1785278551.1048138,1785278551.0819032,False,True,False,False
1785278551.1339931,1785278551.1109486,False,True,False,False
1785278551.1339931,1785278551.1109486,False,True,False,False
1785278551.1339931,1785278551.1109486,False,True,False,False
1785278551.1339931,1785278551.1109486,False,True,False,False
1785278551.1339931,1785278551.1109486,False,True,False,False
1785278551.1339931,1785278551.1109486,False,True,False,False
1785278551.1846569,1785278551.1619334,False,True,False,False
1785278551.1846569,1785278551.1619334,False,True,False,False
1785278551.214118,1785278551.1909559,False,True,False,False
1785278551.214118,1785278551.1909559,False,False,False,False
1785278551.214118,1785278551.1909559,False,False,False,False
1785278551.214118,1785278551.1909559,False,False,False,False
1785278551.243769,1785278551.2222009,False,False,False,False
1785278551.243769,1785278551.2222009,False,False,False,False
1785278551.2747288,1785278551.2510028,False,False,False,False
1785278551.2747288,1785278551.2510028,False,False,False,False
1785278551.2747288,1785278551.2510028,False,False,False,False
1785278551.2747288,1785278551.2510028,False,False,False,False
1785278551.3046863,1785278551.2876468,True,False,False,False
1785278551.3046863,1785278551.2876468,True,False,False,False
1785278551.3046863,1785278551.2876468,True,False,False,False
1785278551.3341472,1785278551.311938,True,False,False,False
1785278551.3341472,1785278551.311938,True,False,False,False
1785278551.3341472,1785278551.311938,True,False,False,False
1785278551.3341472,1785278551.311938,True,False,False,False
1785278551.3846457,1785278551.3609788,True,False,False,False
1785278551.3846457,1785278551.3609788,True,False,False,False
1785278551.3846457,1785278551.3609788,True,False,False,False
1785278551.41475,1785278551.3909845,True,False,False,False
1785278551.41475,1785278551.3909845,True,False,False,False
1785278551.41475,1785278551.3909845,True,False,False,False
1785278551.41475,1785278551.3909845,True,False,False,False
1785278551.4439268,1785278551.421923,True,True,False,False
1785278551.4439268,1785278551.421923,True,True,False,False
1785278551.4439268,1785278551.421923,True,True,False,False
1785278551.4741588,1785278551.4523304,True,False,False,False
1785278551.4741588,1785278551.4523304,True,False,False,False
1785278551.4741588,1785278551.4523304,True,False,False,False
1785278551.5044146,1785278551.4821992,True,False,False,False
1785278551.5044146,1785278551.4821992,True,False,False,False
1785278551.5044146,1785278551.4821992,True,False,False,False
1785278551.535644,1785278551.5121186,True,False,False,False
1785278551.535644,1785278551.5121186,True,False,False,False
1785278551.535644,1785278551.5121186,True,False,False,False
1785278551.535644,1785278551.5121186,True,False,False,False
1785278551.5733948,1785278551.5581658,True,False,False,False
1785278551.5733948,1785278551.5581658,True,False,False,False
1785278551.5733948,1785278551.5581658,True,False,False,False
1785278551.6041794,1785278551.5822062,True,False,False,False
1785278551.6041794,1785278551.5822062,True,False,False,False
1785278551.6341925,1785278551.6109545,True,False,False,False
1785278551.6341925,1785278551.6109545,True,False,False,False
1785278551.6341925,1785278551.6109545,True,False,False,False
1785278551.6341925,1785278551.6109545,True,False,False,False
1785278551.6639793,1785278551.6422129,True,False,False,False
1785278551.6639793,1785278551.6422129,True,False,False,False
1785278551.6639793,1785278551.6422129,True,False,False,False
1785278551.6940439,1785278551.672096,True,False,False,False
1785278551.6940439,1785278551.672096,True,False,False,False
1785278551.6940439,1785278551.672096,True,False,False,False
1785278551.7240458,1785278551.7019374,True,False,False,False
1785278551.7240458,1785278551.7019374,True,False,False,False
1785278551.7240458,1785278551.7019374,True,False,False,False
1785278551.7547033,1785278551.7322187,True,False,False,False
1785278551.7547033,1785278551.7322187,True,False,False,False
1785278551.7547033,1785278551.7322187,True,False,False,False
1785278551.7547033,1785278551.7322187,True,False,False,False
1785278551.7941604,1785278551.7720592,False,False,False,False
1785278551.7941604,1785278551.7720592,False,False,False,False
1785278551.7941604,1785278551.7720592,False,False,False,False
1785278551.824103,1785278551.8092246,False,False,False,False
1785278551.824103,1785278551.8092246,False,False,False,False
1785278551.824103,1785278551.8092246,False,False,False,False
1785278551.854034,1785278551.8381336,False,False,False,False
1785278551.854034,1785278551.8381336,False,False,False,False
1785278551.854034,1785278551.8381336,False,False,False,False
1785278551.8839903,1785278551.861969,False,True,False,False
1785278551.8839903,1785278551.861969,False,True,False,False
1785278551.8839903,1785278551.861969,False,True,False,False
1785278551.8839903,1785278551.861969,False,True,False,False
1785278551.8839903,1785278551.861969,False,True,False,False
1785278551.9337058,1785278551.9119616,False,True,False,False
1785278551.9337058,1785278551.9119616,False,True,False,False
1785278551.9545128,1785278551.938076,False,True,False,False
1785278551.9545128,1785278551.938076,False,True,False,False
1785278551.9545128,1785278551.938076,False,True,False,False
1785278551.9545128,1785278551.938076,False,True,False,False
1785278551.9936132,1785278551.979395,False,True,False,False
1785278551.9936132,1785278551.979395,False,True,False,False
1785278551.9936132,1785278551.979395,False,True,False,False
1785278552.0235283,1785278552.0019383,False,True,False,False
1785278552.0235283,1785278552.0019383,False,True,False,False
1785278552.0546343,1785278552.0309567,False,True,False,False
1785278552.0546343,1785278552.0309567,False,True,False,False
1785278552.0546343,1785278552.0309567,False,True,False,False
1785278552.0546343,1785278552.0309567,False,True,False,False
1785278552.0852458,1785278552.0620823,False,True,False,False
1785278552.0852458,1785278552.0620823,False,True,False,False
1785278552.0852458,1785278552.0620823,False,True,False,False
1785278552.0852458,1785278552.0620823,False,True,False,False
1785278552.0852458,1785278552.0620823,False,True,False,False
1785278552.1340292,1785278552.1119993,False,True,False,False
1785278552.1340292,1785278552.1119993,False,True,False,False
1785278552.1340292,1785278552.1119993,False,True,False,False
1785278552.1645393,1785278552.1422627,False,True,False,False
1785278552.1645393,1785278552.1422627,False,True,False,False
1785278552.194107,1785278552.1709654,False,True,False,False
1785278552.194107,1785278552.1709654,False,True,False,False
1785278552.194107,1785278552.1709654,False,True,False,False
1785278552.22431,1785278552.2009661,False,True,False,False
1785278552.22431,1785278552.2009661,False,True,False,False
1785278552.22431,1785278552.2009661,False,True,False,False
1785278552.22431,1785278552.2009661,False,True,False,False
1785278552.2543087,1785278552.2319558,False,True,False,False
1785278552.2543087,1785278552.2319558,False,True,False,False
1785278552.2543087,1785278552.2319558,False,True,False,False
1785278552.284365,1785278552.2619517,False,True,False,False
1785278552.284365,1785278552.2619517,False,True,False,False
1785278552.314282,1785278552.2909563,False,True,False,False
1785278552.314282,1785278552.2909563,False,True,False,False
1785278552.314282,1785278552.2909563,False,True,False,False
1785278552.314282,1785278552.2909563,False,True,False,False
1785278552.314282,1785278552.2909563,False,True,False,False
1785278552.3541527,1785278552.3392,False,True,False,False
1785278552.3541527,1785278552.3392,False,True,False,False
1785278552.3840733,1785278552.3609443,False,True,False,False
1785278552.3840733,1785278552.3609443,False,False,False,False
1785278552.3840733,1785278552.3609443,False,False,False,False
1785278552.3840733,1785278552.3609443,False,False,False,False
1785278552.416089,1785278552.3923078,True,False,False,False
1785278552.416089,1785278552.3923078,True,False,False,False
1785278552.416089,1785278552.3923078,True,False,False,False
1785278552.443818,1785278552.4219098,True,False,False,False
1785278552.443818,1785278552.4219098,True,False,False,False
1785278552.443818,1785278552.4219098,True,False,False,False
1785278552.443818,1785278552.4219098,True,False,False,False
1785278552.443818,1785278552.4219098,True,False,False,False
1785278552.4941237,1785278552.4722736,True,False,False,False
1785278552.4941237,1785278552.4722736,True,False,False,False
1785278552.4941237,1785278552.4722736,True,False,False,False
1785278552.524231,1785278552.510964,True,False,False,False
1785278552.524231,1785278552.510964,True,True,False,False
1785278552.5543299,1785278552.530952,True,True,False,False
1785278552.5543299,1785278552.530952,True,False,False,False
1785278552.5543299,1785278552.530952,True,False,False,False
1785278552.5543299,1785278552.530952,True,False,False,False
1785278552.5840664,1785278552.5619123,True,False,False,False
1785278552.5840664,1785278552.5619123,True,False,False,False
1785278552.5840664,1785278552.5619123,True,False,False,False
1785278552.6140108,1785278552.5977101,True,False,False,False
1785278552.6140108,1785278552.5977101,True,False,False,False
1785278552.6442554,1785278552.620956,True,False,False,False
1785278552.6442554,1785278552.620956,True,False,False,False
1785278552.6442554,1785278552.620956,True,False,False,False
1785278552.6442554,1785278552.620956,True,False,False,False
1785278552.6442554,1785278552.620956,True,False,False,False
1785278552.6442554,1785278552.620956,True,False,False,False
1785278552.6940403,1785278552.672638,True,False,False,False
1785278552.6940403,1785278552.672638,True,False,False,False
1785278552.6940403,1785278552.672638,True,False,False,False
1785278552.724165,1785278552.7023551,True,False,False,False
1785278552.724165,1785278552.7023551,True,False,False,False
1785278552.724165,1785278552.7023551,True,False,False,False
1785278552.7541661,1785278552.7322783,True,False,False,False
1785278552.7541661,1785278552.7322783,True,False,False,False
1785278552.7541661,1785278552.7322783,True,False,False,False
1785278552.7541661,1785278552.7322783,True,False,False,False
1785278552.8040495,1785278552.7809536,True,False,False,False
1785278552.8040495,1785278552.7809536,True,False,False,False
1785278552.8040495,1785278552.7809536,True,False,False,False
1785278552.8040495,1785278552.7809536,True,False,False,False
1785278552.8339612,1785278552.8124936,True,False,False,False
1785278552.8339612,1785278552.8124936,True,False,False,False
1785278552.8339612,1785278552.8124936,True,False,False,False
1785278552.8638148,1785278552.8419275,True,False,False,False
1785278552.8638148,1785278552.8419275,True,False,False,False
1785278552.8638148,1785278552.8419275,True,False,False,False
1785278552.8934543,1785278552.8710287,True,False,False,False
1785278552.8934543,1785278552.8710287,True,False,False,False
1785278552.8934543,1785278552.8710287,True,False,False,False
1785278552.924221,1785278552.9019341,False,False,False,False
1785278552.924221,1785278552.9019341,False,False,False,False
1785278552.924221,1785278552.9019341,False,False,False,False
1785278552.9547486,1785278552.9319715,False,False,False,False
1785278552.9547486,1785278552.9319715,False,False,False,False
1785278552.9547486,1785278552.9319715,False,False,False,False
1785278552.9547486,1785278552.9319715,False,False,False,False
1785278552.9932141,1785278552.9783578,False,True,False,False
1785278552.9932141,1785278552.9783578,False,True,False,False
1785278552.9932141,1785278552.9783578,False,True,False,False
1785278553.024009,1785278553.0019073,False,True,False,False
1785278553.024009,1785278553.0019073,False,True,False,False
1785278553.024009,1785278553.0019073,False,True,False,False
1785278553.0540318,1785278553.0391183,False,True,False,False
1785278553.0540318,1785278553.0391183,False,True,False,False
1785278553.0540318,1785278553.0391183,False,True,False,False
1785278553.0839841,1785278553.0678816,False,True,False,False
1785278553.0839841,1785278553.0678816,False,True,False,False
1785278553.0839841,1785278553.0678816,False,True,False,False
1785278553.114264,1785278553.0919187,True,True,False,False
1785278553.114264,1785278553.0919187,True,True,False,False
1785278553.114264,1785278553.0919187,True,True,False,False
1785278553.1440916,1785278553.121926,False,True,False,False
1785278553.1440916,1785278553.121926,False,True,False,False
1785278553.1440916,1785278553.121926,False,True,False,False
1785278553.1440916,1785278553.121926,False,True,False,False
1785278553.1440916,1785278553.121926,False,True,False,False
1785278553.1940064,1785278553.1719458,False,True,False,False
1785278553.1940064,1785278553.1719458,False,True,False,False
1785278553.2232559,1785278553.200987,False,True,False,False
1785278553.2232559,1785278553.200987,False,True,False,False
1785278553.2232559,1785278553.200987,False,True,False,False
1785278553.2232559,1785278553.200987,False,True,False,False
1785278553.2541091,1785278553.2320955,False,True,False,False
1785278553.2541091,1785278553.2320955,False,True,False,False
1785278553.2541091,1785278553.2320955,False,True,False,False
1785278553.285242,1785278553.2619097,False,True,False,False
1785278553.285242,1785278553.2619097,False,True,False,False
1785278553.3143923,1785278553.2909586,False,True,False,False
1785278553.3143923,1785278553.2909586,False,True,False,False
1785278553.3143923,1785278553.2909586,False,True,False,False
1785278553.3143923,1785278553.2909586,False,True,False,False
1785278553.3440385,1785278553.32193,False,True,False,False
1785278553.3440385,1785278553.32193,False,True,False,False
1785278553.3440385,1785278553.32193,False,True,False,False
1785278553.3740373,1785278553.3519723,False,True,False,False
1785278553.3740373,1785278553.3519723,False,True,False,False
1785278553.3740373,1785278553.3519723,False,True,False,False
1785278553.3740373,1785278553.3519723,False,True,False,False
1785278553.4140222,1785278553.3922522,False,True,False,False
1785278553.4140222,1785278553.3922522,False,True,False,False
1785278553.4140222,1785278553.3922522,False,True,False,False
1785278553.443439,1785278553.421938,False,True,False,False
1785278553.443439,1785278553.421938,False,True,False,False
1785278553.4742231,1785278553.4509506,False,True,False,False
1785278553.4742231,1785278553.4509506,False,False,False,False
1785278553.4742231,1785278553.4509506,False,False,False,False
1785278553.4742231,1785278553.4509506,False,False,False,False
1785278553.5051413,1785278553.4823942,False,False,False,False
1785278553.5051413,1785278553.4823942,False,False,False,False
1785278553.5051413,1785278553.4823942,False,False,False,False
1785278553.5345275,1785278553.5119443,True,False,False,False
1785278553.5345275,1785278553.5119443,True,False,False,False
1785278553.5345275,1785278553.5119443,True,False,False,False
1785278553.5646517,1785278553.5419202,True,False,False,False
1785278553.5646517,1785278553.5419202,True,False,False,False
1785278553.5646517,1785278553.5419202,True,False,False,False
1785278553.5940588,1785278553.5719414,True,False,False,False
1785278553.5940588,1785278553.5719414,True,False,False,False
1785278553.5940588,1785278553.5719414,True,False,False,False
1785278553.5940588,1785278553.5719414,True,False,False,False
1785278553.6340573,1785278553.6179736,True,False,False,False
1785278553.6340573,1785278553.6179736,True,False,False,False
1785278553.6340573,1785278553.6179736,True,False,False,False
1785278553.6640954,1785278553.641931,True,False,False,False
1785278553.6640954,1785278553.641931,True,False,False,False
1785278553.6640954,1785278553.641931,True,False,False,False
1785278553.6942346,1785278553.672213,True,False,False,False
1785278553.6942346,1785278553.672213,True,False,False,False
1785278553.6942346,1785278553.672213,True,False,False,False
1785278553.7255473,1785278553.7026155,True,False,False,False
1785278553.7255473,1785278553.7026155,True,False,False,False
1785278553.7255473,1785278553.7026155,True,False,False,False
1785278553.7543871,1785278553.732035,True,False,False,False
1785278553.7543871,1785278553.732035,True,False,False,False
1785278553.7543871,1785278553.732035,True,False,False,False
1785278553.7841594,1785278553.761928,True,False,False,False
1785278553.7841594,1785278553.761928,True,False,False,False
1785278553.7841594,1785278553.761928,True,False,False,False
1785278553.7841594,1785278553.761928,True,False,False,False
1785278553.8240561,1785278553.80855,True,False,False,False
1785278553.8240561,1785278553.80855,True,False,False,False
1785278553.8240561,1785278553.80855,True,False,False,False
1785278553.853943,1785278553.8319762,True,False,False,False
1785278553.853943,1785278553.8319762,True,False,False,False
1785278553.853943,1785278553.8319762,True,False,False,False
1785278553.8840106,1785278553.8622315,True,False,False,False
1785278553.8840106,1785278553.8622315,True,False,False,False
1785278553.8840106,1785278553.8622315,True,False,False,False
1785278553.914148,1785278553.8922145,True,False,False,False
1785278553.914148,1785278553.8922145,True,False,False,False
1785278553.914148,1785278553.8922145,True,False,False,False
1785278553.9451554,1785278553.929897,True,False,False,False
1785278553.9451554,1785278553.929897,True,False,False,False
1785278553.973814,1785278553.9509468,True,False,False,False
1785278553.973814,1785278553.9509468,False,False,False,False
1785278553.973814,1785278553.9509468,False,False,False,False
1785278553.973814,1785278553.9509468,False,False,False,False
1785278554.0041394,1785278553.9824653,False,False,False,False
1785278554.0041394,1785278553.9824653,False,False,False,False
1785278554.0041394,1785278553.9824653,False,False,False,False
1785278554.0041394,1785278553.9824653,False,False,False,False
1785278554.0436072,1785278554.0219204,False,False,False,False
1785278554.0436072,1785278554.0219204,False,False,False,False
1785278554.073544,1785278554.0509553,False,False,False,False
1785278554.073544,1785278554.0509553,False,False,False,False
1785278554.073544,1785278554.0509553,False,False,False,False
1785278554.073544,1785278554.0509553,False,False,False,False
1785278554.1046534,1785278554.0819118,False,True,False,False
1785278554.1046534,1785278554.0819118,False,True,False,False
1785278554.1046534,1785278554.0819118,False,True,False,False
1785278554.134159,1785278554.1119523,False,True,False,False
1785278554.134159,1785278554.1119523,False,True,False,False
1785278554.134159,1785278554.1119523,False,True,False,False
1785278554.1657925,1785278554.142189,False,True,False,False
1785278554.1657925,1785278554.142189,False,True,False,False
1785278554.1657925,1785278554.142189,False,True,False,False
1785278554.193968,1785278554.1722322,False,True,False,False
1785278554.193968,1785278554.1722322,False,True,False,False
1785278554.2248597,1785278554.2009687,False,True,False,False
1785278554.2248597,1785278554.2009687,False,True,False,False
1785278554.2248597,1785278554.2009687,False,True,False,False
1785278554.2248597,1785278554.2009687,False,True,False,False
1785278554.254597,1785278554.237765,False,True,False,False
1785278554.254597,1785278554.237765,False,True,False,False
1785278554.254597,1785278554.237765,False,True,False,False
1785278554.2848258,1785278554.2619107,False,True,False,False
1785278554.2848258,1785278554.2619107,False,True,False,False
1785278554.2848258,1785278554.2619107,False,True,False,False
1785278554.2848258,1785278554.2619107,False,True,False,False
1785278554.3243313,1785278554.3080173,False,True,False,False
1785278554.3243313,1785278554.3080173,False,True,False,False
1785278554.3243313,1785278554.3080173,False,True,False,False
1785278554.3542557,1785278554.3320615,False,True,False,False
1785278554.3542557,1785278554.3320615,False,True,False,False
1785278554.3542557,1785278554.3320615,False,True,False,False
1785278554.3851085,1785278554.361919,False,True,False,False
1785278554.3851085,1785278554.361919,False,True,False,False
1785278554.3851085,1785278554.361919,False,True,False,False
1785278554.3851085,1785278554.361919,False,True,False,False
1785278554.3851085,1785278554.361919,False,True,False,False
1785278554.4345415,1785278554.4176917,False,True,False,False
1785278554.4345415,1785278554.4176917,False,True,False,False
1785278554.4638515,1785278554.4409525,False,True,False,False
1785278554.4638515,1785278554.4409525,False,True,False,False
1785278554.4638515,1785278554.4409525,False,True,False,False
1785278554.4638515,1785278554.4409525,False,True,False,False
1785278554.4936283,1785278554.4785922,False,True,False,False
1785278554.4936283,1785278554.4785922,False,True,False,False
1785278554.4936283,1785278554.4785922,False,True,False,False
1785278554.5245678,1785278554.5021985,False,False,False,False
1785278554.5245678,1785278554.5021985,False,False,False,False
1785278554.5245678,1785278554.5021985,False,False,False,False
1785278554.5245678,1785278554.5021985,False,False,False,False
1785278554.5245678,1785278554.5021985,False,False,False,False
1785278554.573664,1785278554.558723,False,False,False,False
1785278554.573664,1785278554.558723,False,False,False,False
1785278554.573664,1785278554.558723,False,False,False,False
1785278554.6047938,1785278554.5819616,False,False,False,False
1785278554.6047938,1785278554.5819616,False,False,False,False
1785278554.6047938,1785278554.5819616,False,False,False,False
1785278554.6337953,1785278554.6119244,True,False,True,False
1785278554.6337953,1785278554.6119244,True,False,True,False
1785278554.6337953,1785278554.6119244,True,False,True,False
1785278554.6639423,1785278554.642314,True,False,False,False
1785278554.6639423,1785278554.642314,True,False,False,False
1785278554.6639423,1785278554.642314,True,False,False,False
1785278554.6639423,1785278554.642314,True,False,False,False
1785278554.6639423,1785278554.642314,True,False,False,False
1785278554.7142003,1785278554.6919396,True,False,False,False
1785278554.7142003,1785278554.6919396,True,False,False,False
1785278554.7142003,1785278554.6919396,True,False,False,False
1785278554.7434998,1785278554.722488,True,False,False,False
1785278554.7434998,1785278554.722488,True,False,False,False
1785278554.7434998,1785278554.722488,True,False,False,False
1785278554.774039,1785278554.7577372,True,False,False,False
1785278554.774039,1785278554.7577372,True,False,False,False
1785278554.774039,1785278554.7577372,True,False,False,False
1785278554.8044791,1785278554.7819066,True,False,False,False
1785278554.8044791,1785278554.7819066,True,False,False,False
1785278554.8044791,1785278554.7819066,True,False,False,False
1785278554.8343608,1785278554.8182533,True,False,False,False
1785278554.8343608,1785278554.8182533,True,False,False,False
1785278554.8343608,1785278554.8182533,True,False,False,False
1785278554.8641326,1785278554.8419113,True,False,False,False
1785278554.8641326,1785278554.8419113,True,False,False,False
1785278554.8641326,1785278554.8419113,True,False,False,False
1785278554.8641326,1785278554.8419113,True,False,False,False
1785278554.9041674,1785278554.8821843,True,False,False,False
1785278554.9041674,1785278554.8821843,True,False,False,False
1785278554.9041674,1785278554.8821843,True,False,False,False
1785278554.9351552,1785278554.9122179,True,False,False,False
1785278554.9351552,1785278554.9122179,True,False,False,False
1785278554.9351552,1785278554.9122179,True,False,False,False
1785278554.964222,1785278554.9419072,True,False,False,False
1785278554.964222,1785278554.9419072,True,False,False,False
1785278554.964222,1785278554.9419072,True,False,False,False
1785278554.9936872,1785278554.9723375,True,False,False,False
1785278554.9936872,1785278554.9723375,True,False,False,False
1785278554.9936872,1785278554.9723375,True,False,False,False
1785278555.024102,1785278555.0090923,True,False,False,False
1785278555.024102,1785278555.0090923,True,False,False,False
1785278555.0544422,1785278555.03095,True,False,False,False
1785278555.0544422,1785278555.03095,True,False,False,False
1785278555.0544422,1785278555.03095,True,False,False,False
1785278555.0544422,1785278555.03095,True,False,False,False
1785278555.0843706,1785278555.0679014,True,False,False,False
1785278555.0843706,1785278555.0679014,True,False,False,False
1785278555.0843706,1785278555.0679014,True,False,False,False
1785278555.1145608,1785278555.0919418,False,False,False,False
1785278555.1145608,1785278555.0919418,False,False,False,False
1785278555.1145608,1785278555.0919418,False,False,False,False
1785278555.1145608,1785278555.0919418,False,False,False,False
1785278555.1541505,1785278555.1387231,False,False,False,False
1785278555.1541505,1785278555.1387231,False,False,False,False
1785278555.1541505,1785278555.1387231,False,False,False,False
1785278555.183624,1785278555.1624837,False,False,False,False
1785278555.183624,1785278555.1624837,False,False,False,False
1785278555.183624,1785278555.1624837,False,False,False,False
1785278555.2136757,1785278555.1919951,False,True,False,False
1785278555.2136757,1785278555.1919951,False,True,False,False
1785278555.2136757,1785278555.1919951,False,True,False,False
1785278555.243551,1785278555.2278285,False,True,False,False
1785278555.243551,1785278555.2278285,False,True,False,False
1785278555.243551,1785278555.2278285,False,True,False,False
1785278555.2745316,1785278555.26095,False,True,False,False
1785278555.2745316,1785278555.26095,False,True,False,False
1785278555.2745316,1785278555.26095,False,True,False,False
1785278555.3040535,1785278555.2819276,False,True,False,False
1785278555.3040535,1785278555.2819276,False,True,False,False
1785278555.3040535,1785278555.2819276,False,True,False,False
1785278555.334383,1785278555.3187084,True,True,True,False
1785278555.334383,1785278555.3187084,True,True,True,False
1785278555.334383,1785278555.3187084,True,True,True,False
1785278555.3657632,1785278555.342468,False,True,False,False
1785278555.3657632,1785278555.342468,False,True,False,False
1785278555.3657632,1785278555.342468,False,True,False,False
1785278555.394272,1785278555.372256,False,True,False,False
1785278555.394272,1785278555.372256,False,True,False,False
1785278555.394272,1785278555.372256,False,True,False,False
1785278555.4239445,1785278555.4022028,False,True,False,False
1785278555.4239445,1785278555.4022028,False,True,False,False
1785278555.4239445,1785278555.4022028,False,True,False,False
1785278555.4239445,1785278555.4022028,False,True,False,False
1785278555.4641206,1785278555.4486759,False,True,False,False
1785278555.4641206,1785278555.4486759,False,True,False,False
1785278555.4641206,1785278555.4486759,False,True,False,False
1785278555.4941652,1785278555.472495,False,True,False,False
1785278555.4941652,1785278555.472495,False,True,False,False
1785278555.4941652,1785278555.472495,False,True,False,False
1785278555.5241752,1785278555.502183,False,True,False,False
1785278555.5241752,1785278555.502183,False,True,False,False
1785278555.5241752,1785278555.502183,False,True,False,False
1785278555.5541568,1785278555.5319374,False,True,False,False
1785278555.5541568,1785278555.5319374,False,True,False,False
1785278555.5541568,1785278555.5319374,False,True,False,False
1785278555.5856254,1785278555.5678127,False,True,False,False
1785278555.5856254,1785278555.5678127,False,True,False,False
1785278555.5856254,1785278555.5678127,False,True,False,False
1785278555.614326,1785278555.5982633,False,True,False,False
1785278555.614326,1785278555.5982633,False,True,False,False
1785278555.614326,1785278555.5982633,False,True,False,False
1785278555.6440248,1785278555.6219106,False,True,False,False
1785278555.6440248,1785278555.6219106,False,True,False,False
1785278555.6440248,1785278555.6219106,False,True,False,False
1785278555.6740592,1785278555.6523862,False,False,False,False
1785278555.6740592,1785278555.6523862,False,False,False,False
1785278555.6740592,1785278555.6523862,False,False,False,False
1785278555.7045295,1785278555.6823606,False,False,False,False
1785278555.7045295,1785278555.6823606,False,False,False,False
1785278555.7045295,1785278555.6823606,False,False,False,False
1785278555.7045295,1785278555.6823606,False,False,False,False
1785278555.7433634,1785278555.7276418,True,False,False,False
1785278555.7433634,1785278555.7276418,True,False,False,False
1785278555.7433634,1785278555.7276418,True,False,False,False
1785278555.7739654,1785278555.7520375,True,False,False,False
1785278555.7739654,1785278555.7520375,True,False,False,False
1785278555.7739654,1785278555.7520375,True,False,False,False
1785278555.7739654,1785278555.7520375,True,False,False,False
1785278555.7739654,1785278555.7520375,True,False,False,False
1785278555.8234925,1785278555.8084378,True,False,False,False
1785278555.8234925,1785278555.8084378,True,False,False,False
1785278555.8234925,1785278555.8084378,True,False,False,False
1785278555.8542047,1785278555.8322175,True,True,False,False
1785278555.8542047,1785278555.8322175,True,True,False,False
1785278555.8542047,1785278555.8322175,True,True,False,False
1785278555.8835275,1785278555.8619564,True,False,False,False
1785278555.8835275,1785278555.8619564,True,False,False,False
1785278555.8835275,1785278555.8619564,True,False,False,False
1785278555.8835275,1785278555.8619564,True,False,False,False
1785278555.8835275,1785278555.8619564,True,False,False,False
1785278555.9340262,1785278555.917588,True,False,False,False
1785278555.9340262,1785278555.917588,True,False,False,False
1785278555.9340262,1785278555.917588,True,False,False,False
1785278555.9639206,1785278555.9418986,True,False,False,False
1785278555.9639206,1785278555.9418986,True,False,False,False
1785278555.9639206,1785278555.9418986,True,False,False,False
1785278555.9933853,1785278555.9780471,True,False,False,False
1785278555.9933853,1785278555.9780471,True,False,False,False
1785278555.9933853,1785278555.9780471,True,False,False,False
1785278556.025819,1785278556.0078723,True,False,False,False
1785278556.025819,1785278556.0078723,True,False,False,False
1785278556.025819,1785278556.0078723,True,False,False,False
1785278556.025819,1785278556.0078723,True,False,False,False
1785278556.025819,1785278556.0078723,True,False,False,False
1785278556.0738027,1785278556.0581613,True,False,False,False
1785278556.0738027,1785278556.0581613,True,False,False,False
1785278556.0738027,1785278556.0581613,True,False,False,False
1785278556.104013,1785278556.0894506,True,False,False,False
1785278556.104013,1785278556.0894506,True,False,False,False
1785278556.104013,1785278556.0894506,True,False,False,False
1785278556.1347315,1785278556.1119428,True,False,False,False
1785278556.1347315,1785278556.1119428,True,False,False,False
1785278556.1347315,1785278556.1119428,True,False,False,False
1785278556.1642811,1785278556.1479647,True,False,False,False
1785278556.1642811,1785278556.1479647,True,False,False,False
1785278556.1642811,1785278556.1479647,True,False,False,False
1785278556.1642811,1785278556.1479647,True,False,False,False
1785278556.1642811,1785278556.1479647,True,False,False,False
1785278556.213571,1785278556.1922252,False,False,False,False
1785278556.213571,1785278556.1922252,False,False,False,False
1785278556.213571,1785278556.1922252,False,False,False,False
1785278556.24457,1785278556.230988,False,False,False,False
1785278556.24457,1785278556.230988,False,False,False,False
1785278556.24457,1785278556.230988,False,False,False,False
1785278556.2746148,1785278556.2523031,False,False,False,False
1785278556.2746148,1785278556.2523031,False,False,False,False
1785278556.2746148,1785278556.2523031,False,False,False,False
1785278556.3040264,1785278556.2819512,False,True,False,True
1785278556.3040264,1785278556.2819512,False,True,False,True
1785278556.3040264,1785278556.2819512,False,True,False,True
1785278556.3040264,1785278556.2819512,False,True,False,True
1785278556.3040264,1785278556.2819512,False,True,False,True
1785278556.3542168,1785278556.3378813,False,True,False,False
1785278556.3542168,1785278556.3378813,False,True,False,False
1785278556.3542168,1785278556.3378813,False,True,False,False
1785278556.3840573,1785278556.3619533,False,True,False,False
1785278556.3840573,1785278556.3619533,False,True,False,False
1785278556.3840573,1785278556.3619533,False,True,False,False
1785278556.4143791,1785278556.3980756,False,True,False,False
1785278556.4143791,1785278556.3980756,False,True,False,False
1785278556.4143791,1785278556.3980756,False,True,False,False
1785278556.4441617,1785278556.4222064,True,True,False,False
1785278556.4441617,1785278556.4222064,True,True,False,False
1785278556.4441617,1785278556.4222064,True,True,False,False
1785278556.4735968,1785278556.4519513,False,True,False,False
1785278556.4735968,1785278556.4519513,False,True,False,False
1785278556.4735968,1785278556.4519513,False,True,False,False
1785278556.5039372,1785278556.48816,False,True,False,False
1785278556.5039372,1785278556.48816,False,True,False,False
1785278556.5039372,1785278556.48816,False,True,False,False
1785278556.5343313,1785278556.5202603,False,True,False,False
1785278556.5343313,1785278556.5202603,False,True,False,False
1785278556.5343313,1785278556.5202603,False,True,False,False
1785278556.5651605,1785278556.5419223,False,True,False,False
1785278556.5651605,1785278556.5419223,False,True,False,False
1785278556.5651605,1785278556.5419223,False,True,False,False
1785278556.594112,1785278556.5777771,False,True,False,False
1785278556.594112,1785278556.5777771,False,True,False,False
1785278556.594112,1785278556.5777771,False,True,False,False
1785278556.594112,1785278556.5777771,False,True,False,False
1785278556.634202,1785278556.6119275,False,True,False,False
1785278556.634202,1785278556.6119275,False,True,False,False
1785278556.634202,1785278556.6119275,False,True,False,False
1785278556.6638792,1785278556.6484487,False,True,False,False
1785278556.6638792,1785278556.6484487,False,True,False,False
1785278556.6638792,1785278556.6484487,False,True,False,False
1785278556.694101,1785278556.6777651,False,True,False,False
1785278556.694101,1785278556.6777651,False,True,False,False
1785278556.694101,1785278556.6777651,False,True,False,False
1785278556.7238474,1785278556.7019277,False,True,False,False
1785278556.7238474,1785278556.7019277,False,True,False,False
1785278556.7238474,1785278556.7019277,False,True,False,False
1785278556.7545056,1785278556.739932,False,False,False,False
1785278556.7545056,1785278556.739932,False,False,False,False
1785278556.7545056,1785278556.739932,False,False,False,False
1785278556.7849872,1785278556.7686641,False,False,False,False
1785278556.7849872,1785278556.7686641,False,False,False,False
1785278556.7849872,1785278556.7686641,False,False,False,False
1785278556.814132,1785278556.7919269,False,False,False,False
1785278556.814132,1785278556.7919269,False,False,False,False
1785278556.814132,1785278556.7919269,False,False,False,False
1785278556.814132,1785278556.7919269,False,False,False,False
1785278556.8538861,1785278556.8324504,True,False,True,False
1785278556.8538861,1785278556.8324504,True,False,True,False
1785278556.8538861,1785278556.8324504,True,False,True,False
1785278556.8845077,1785278556.870501,True,False,False,False
1785278556.8845077,1785278556.870501,True,False,False,False
1785278556.8845077,1785278556.870501,True,False,False,False
1785278556.9141345,1785278556.898407,True,False,False,False
1785278556.9141345,1785278556.898407,True,False,False,False
1785278556.9141345,1785278556.898407,True,False,False,False
1785278556.9437568,1785278556.9221776,True,False,False,False
1785278556.9437568,1785278556.9221776,True,False,False,False
1785278556.9437568,1785278556.9221776,True,False,False,False
1785278556.9742017,1785278556.9522147,True,False,False,False
1785278556.9742017,1785278556.9522147,True,False,False,False
1785278556.9742017,1785278556.9522147,True,False,False,False
1785278557.0045178,1785278556.9881055,True,False,False,False
1785278557.0045178,1785278556.9881055,True,False,False,False
1785278557.0045178,1785278556.9881055,True,False,False,False
1785278557.034027,1785278557.0124235,True,False,False,False
1785278557.034027,1785278557.0124235,True,False,False,False
1785278557.034027,1785278557.0124235,True,False,False,False
1785278557.0732374,1785278557.0509498,True,False,False,False
1785278557.0732374,1785278557.0509498,True,False,False,False
1785278557.0732374,1785278557.0509498,True,False,False,False
1785278557.0732374,1785278557.0509498,True,False,False,False
1785278557.104047,1785278557.0879235,True,False,False,False
1785278557.104047,1785278557.0879235,True,False,False,False
1785278557.104047,1785278557.0879235,True,False,False,False
1785278557.134135,1785278557.1183536,True,False,False,False
1785278557.134135,1785278557.1183536,True,False,False,False
1785278557.134135,1785278557.1183536,True,False,False,False
1785278557.1642053,1785278557.1486795,True,False,False,False
1785278557.1642053,1785278557.1486795,True,False,False,False
1785278557.1642053,1785278557.1486795,True,False,False,False
1785278557.1942458,1785278557.1722372,True,False,False,False
1785278557.1942458,1785278557.1722372,True,False,False,False
1785278557.1942458,1785278557.1722372,True,False,False,False
1785278557.2240214,1785278557.202219,True,False,False,False
1785278557.2240214,1785278557.202219,True,False,False,False
1785278557.2240214,1785278557.202219,True,False,False,False
1785278557.2544377,1785278557.2376842,True,False,False,False
1785278557.2544377,1785278557.2376842,True,False,False,False
1785278557.2544377,1785278557.2376842,True,False,False,False
1785278557.284458,1785278557.2624187,True,False,False,False
1785278557.284458,1785278557.2624187,True,False,False,False
1785278557.284458,1785278557.2624187,True,False,False,False
1785278557.3151922,1785278557.2921228,False,False,False,False
1785278557.3151922,1785278557.2921228,False,False,False,False
1785278557.3151922,1785278557.2921228,False,False,False,False
1785278557.3151922,1785278557.2921228,False,False,False,False
1785278557.3536887,1785278557.3398762,False,False,False,False
1785278557.3536887,1785278557.3398762,False,False,False,False
1785278557.3536887,1785278557.3398762,False,False,False,False
1785278557.3835945,1785278557.3619115,False,False,False,False
1785278557.3835945,1785278557.3619115,False,False,False,False
1785278557.3835945,1785278557.3619115,False,False,False,False
1785278557.4140325,1785278557.3982825,False,True,False,False
1785278557.4140325,1785278557.3982825,False,True,False,False
1785278557.4140325,1785278557.3982825,False,True,False,False
1785278557.4446802,1785278557.4221916,False,True,False,False
1785278557.4446802,1785278557.4221916,False,True,False,False
1785278557.4446802,1785278557.4221916,False,True,False,False
1785278557.4741669,1785278557.451952,False,True,False,False
1785278557.4741669,1785278557.451952,False,True,False,False
1785278557.4741669,1785278557.451952,False,True,False,False
1785278557.5040786,1785278557.487825,False,True,False,False
1785278557.5040786,1785278557.487825,False,True,False,False
1785278557.5040786,1785278557.487825,False,True,False,False
1785278557.5040786,1785278557.487825,False,True,False,False
1785278557.5040786,1785278557.487825,False,True,False,False
1785278557.5542526,1785278557.5319371,False,True,False,False
1785278557.5542526,1785278557.5319371,False,True,False,False
1785278557.5542526,1785278557.5319371,False,True,False,False
1785278557.5844917,1785278557.5678985,False,True,False,False
1785278557.5844917,1785278557.5678985,False,True,False,False
1785278557.5844917,1785278557.5678985,False,True,False,False
1785278557.6145916,1785278557.597666,False,True,False,False
1785278557.6145916,1785278557.597666,False,True,False,False
1785278557.6145916,1785278557.597666,False,True,False,False
1785278557.64407,1785278557.6218932,False,True,False,False
1785278557.64407,1785278557.6218932,False,True,False,False
1785278557.64407,1785278557.6218932,False,True,False,False
1785278557.6742232,1785278557.6580696,False,True,False,False
1785278557.6742232,1785278557.6580696,False,True,False,False
1785278557.6742232,1785278557.6580696,False,True,False,False
1785278557.6742232,1785278557.6580696,False,True,False,False
1785278557.6742232,1785278557.6580696,False,True,False,False
1785278557.7240105,1785278557.70804,False,True,False,False
1785278557.7240105,1785278557.70804,False,True,False,False
1785278557.7240105,1785278557.70804,False,True,False,False
1785278557.7536805,1785278557.7379267,False,True,False,False
1785278557.7536805,1785278557.7379267,False,True,False,False
1785278557.7536805,1785278557.7379267,False,True,False,False
1785278557.7841623,1785278557.762455,False,True,False,False
1785278557.7841623,1785278557.762455,False,True,False,False
1785278557.7841623,1785278557.762455,False,True,False,False
1785278557.8141422,1785278557.792061,False,True,False,False
1785278557.8141422,1785278557.792061,False,True,False,False
1785278557.8141422,1785278557.792061,False,True,False,False
1785278557.8443959,1785278557.8280528,False,True,False,False
1785278557.8443959,1785278557.8280528,False,True,False,False
1785278557.8443959,1785278557.8280528,False,True,False,False
1785278557.8740854,1785278557.8587418,False,False,False,False
1785278557.8740854,1785278557.8587418,False,False,False,False
1785278557.8740854,1785278557.8587418,False,False,False,False
1785278557.9043615,1785278557.8876703,False,False,False,False
1785278557.9043615,1785278557.8876703,False,False,False,False
1785278557.9043615,1785278557.8876703,False,False,False,False
1785278557.9043615,1785278557.8876703,False,False,False,False
1785278557.9441247,1785278557.9222841,True,False,False,False
1785278557.9441247,1785278557.9222841,True,False,False,False
1785278557.9441247,1785278557.9222841,True,False,False,False
1785278557.9742281,1785278557.9589143,True,False,False,False
1785278557.9742281,1785278557.9589143,True,False,False,False
1785278557.9742281,1785278557.9589143,True,False,False,False
1785278558.0045068,1785278557.9877646,True,False,False,False
1785278558.0045068,1785278557.9877646,True,False,False,False
1785278558.0045068,1785278557.9877646,True,False,False,False
1785278558.0341375,1785278558.0178168,True,False,False,False
1785278558.0341375,1785278558.0178168,True,False,False,False
1785278558.0341375,1785278558.0178168,True,False,False,False
1785278558.0646539,1785278558.0419743,True,False,False,False
1785278558.0646539,1785278558.0419743,True,False,False,False
1785278558.0646539,1785278558.0419743,True,False,False,False
1785278558.0646539,1785278558.0419743,True,False,False,False
1785278558.0646539,1785278558.0419743,True,False,False,False
1785278558.1140618,1785278558.097932,True,False,False,False
1785278558.1140618,1785278558.097932,True,False,False,False
1785278558.1140618,1785278558.097932,True,False,False,False
1785278558.144181,1785278558.1219256,True,False,False,False
1785278558.144181,1785278558.1219256,True,False,False,False
1785278558.144181,1785278558.1219256,True,False,False,False
1785278558.173988,1785278558.159619,True,False,False,False
1785278558.173988,1785278558.159619,True,False,False,False
1785278558.173988,1785278558.159619,True,False,False,False
1785278558.173988,1785278558.159619,True,False,False,False
1785278558.173988,1785278558.159619,True,False,False,False
1785278558.2240489,1785278558.2022047,True,False,False,False
1785278558.2240489,1785278558.2022047,True,False,False,False
1785278558.2240489,1785278558.2022047,True,False,False,False
1785278558.2536697,1785278558.2381468,True,False,False,False
1785278558.2536697,1785278558.2381468,True,False,False,False
1785278558.2536697,1785278558.2381468,True,False,False,False
1785278558.283823,1785278558.2621927,True,False,False,False
1785278558.283823,1785278558.2621927,True,False,False,False
1785278558.283823,1785278558.2621927,True,False,False,False
1785278558.3156352,1785278558.298861,True,False,False,False
1785278558.3156352,1785278558.298861,True,False,False,False
1785278558.3156352,1785278558.298861,True,False,False,False
1785278558.3446577,1785278558.3284538,True,False,False,False
1785278558.3446577,1785278558.3284538,True,False,False,False
1785278558.3446577,1785278558.3284538,True,False,False,False
1785278558.374143,1785278558.3524616,True,False,False,False
1785278558.374143,1785278558.3524616,True,False,False,False
1785278558.374143,1785278558.3524616,True,False,False,False
1785278558.4042492,1785278558.3819184,True,False,False,False
1785278558.4042492,1785278558.3819184,True,False,False,False
1785278558.4042492,1785278558.3819184,True,False,False,False
1785278558.4350502,1785278558.4182606,False,False,False,False
1785278558.4350502,1785278558.4182606,False,False,False,False
1785278558.4350502,1785278558.4182606,False,False,False,False
1785278558.4350502,1785278558.4182606,False,False,False,False
1785278558.4740546,1785278558.4519665,False,False,False,False
1785278558.4740546,1785278558.4519665,False,False,False,False
1785278558.4740546,1785278558.4519665,False,False,False,False
1785278558.5040636,1785278558.4883492,False,False,False,False
1785278558.5040636,1785278558.4883492,False,False,False,False
1785278558.5040636,1785278558.4883492,False,False,False,False
1785278558.5352936,1785278558.5177956,False,True,False,False
1785278558.5352936,1785278558.5177956,False,True,False,False
1785278558.5352936,1785278558.5177956,False,True,False,False
1785278558.5643454,1785278558.542424,False,True,False,False
1785278558.5643454,1785278558.542424,False,True,False,False
1785278558.5643454,1785278558.542424,False,True,False,False
1785278558.593976,1785278558.5777156,False,True,False,False
1785278558.593976,1785278558.5777156,False,True,False,False
1785278558.593976,1785278558.5777156,False,True,False,False
1785278558.624169,1785278558.6076472,False,True,False,False
1785278558.624169,1785278558.6076472,False,True,False,False
1785278558.624169,1785278558.6076472,False,True,False,False
1785278558.6546643,1785278558.6320128,True,True,False,False
1785278558.6546643,1785278558.6320128,True,True,False,False
1785278558.6546643,1785278558.6320128,True,True,False,False
1785278558.6840906,1785278558.6624374,False,True,False,False
1785278558.6840906,1785278558.6624374,False,True,False,False
1785278558.6840906,1785278558.6624374,False,True,False,False
1785278558.7141516,1785278558.6925242,False,True,False,False
1785278558.7141516,1785278558.6925242,False,True,False,False
1785278558.7141516,1785278558.6925242,False,True,False,False
1785278558.7141516,1785278558.6925242,False,True,False,False
1785278558.75462,1785278558.739927,False,True,False,False
1785278558.75462,1785278558.739927,False,True,False,False
1785278558.75462,1785278558.739927,False,True,False,False
1785278558.7838225,1785278558.762191,False,True,False,False
1785278558.7838225,1785278558.762191,False,True,False,False
1785278558.7838225,1785278558.762191,False,True,False,False
1785278558.8146574,1785278558.7920074,False,True,False,False
1785278558.8146574,1785278558.7920074,False,True,False,False
1785278558.8146574,1785278558.7920074,False,True,False,False
1785278558.843931,1785278558.8277845,False,True,False,False
1785278558.843931,1785278558.8277845,False,True,False,False
1785278558.843931,1785278558.8277845,False,True,False,False
1785278558.8750908,1785278558.8524506,False,True,False,False
1785278558.8750908,1785278558.8524506,False,True,False,False
1785278558.8750908,1785278558.8524506,False,True,False,False
1785278558.9042346,1785278558.8819222,False,True,False,False
1785278558.9042346,1785278558.8819222,False,True,False,False
1785278558.9042346,1785278558.8819222,False,True,False,False
1785278558.9340672,1785278558.9181454,False,True,False,False
1785278558.9340672,1785278558.9181454,False,True,False,False
1785278558.9340672,1785278558.9181454,False,True,False,False
1785278558.9656098,1785278558.9419146,False,False,False,False
1785278558.9656098,1785278558.9419146,False,False,False,False
1785278558.9656098,1785278558.9419146,False,False,False,False
1785278558.9656098,1785278558.9419146,False,False,False,False
1785278559.0040827,1785278558.988453,False,False,False,False
1785278559.0040827,1785278558.988453,False,False,False,False
1785278559.0040827,1785278558.988453,False,False,False,False
1785278559.0337396,1785278559.0122364,False,False,False,False
1785278559.0337396,1785278559.0122364,False,False,False,False
1785278559.0337396,1785278559.0122364,False,False,False,False
1785278559.0642025,1785278559.0420535,True,False,False,False
1785278559.0642025,1785278559.0420535,True,False,False,False
1785278559.0642025,1785278559.0420535,True,False,False,False
1785278559.0941172,1785278559.0778174,True,False,False,False
1785278559.0941172,1785278559.0778174,True,False,False,False
1785278559.0941172,1785278559.0778174,True,False,False,False
1785278559.124471,1785278559.1024256,True,False,False,False
1785278559.124471,1785278559.1024256,True,False,False,False
1785278559.124471,1785278559.1024256,True,False,False,False
1785278559.153669,1785278559.1322126,True,False,False,False
1785278559.153669,1785278559.1322126,True,False,False,False
1785278559.153669,1785278559.1322126,True,False,False,False
1785278559.184602,1785278559.1700492,True,False,False,False
1785278559.184602,1785278559.1700492,True,False,False,False
1785278559.184602,1785278559.1700492,True,False,False,False
1785278559.2141557,1785278559.1919441,True,False,False,False
1785278559.2141557,1785278559.1919441,True,False,False,False
1785278559.2141557,1785278559.1919441,True,False,False,False
1785278559.2141557,1785278559.1919441,True,False,False,False
1785278559.2141557,1785278559.1919441,True,False,False,False
1785278559.2637796,1785278559.2488654,True,False,False,False
1785278559.2637796,1785278559.2488654,True,False,False,False
1785278559.2637796,1785278559.2488654,True,False,False,False
1785278559.2937138,1785278559.2778428,True,False,False,False
1785278559.2937138,1785278559.2778428,True,False,False,False
1785278559.2937138,1785278559.2778428,True,False,False,False
1785278559.3241003,1785278559.3095112,True,False,False,False
1785278559.3241003,1785278559.3095112,True,False,False,False
1785278559.3241003,1785278559.3095112,True,False,False,False
1785278559.3541076,1785278559.337632,True,False,False,False
1785278559.3541076,1785278559.337632,True,False,False,False
1785278559.3541076,1785278559.337632,True,False,False,False
1785278559.384545,1785278559.3622298,True,False,False,False
1785278559.384545,1785278559.3622298,True,False,False,False
1785278559.384545,1785278559.3622298,True,False,False,False
1785278559.4152331,1785278559.3982425,True,False,False,False
1785278559.4152331,1785278559.3982425,True,False,False,False
1785278559.4152331,1785278559.3982425,True,False,False,False
1785278559.4441395,1785278559.42801,True,False,False,False
1785278559.4441395,1785278559.42801,True,False,False,False
1785278559.4441395,1785278559.42801,True,False,False,False
1785278559.4441395,1785278559.42801,True,False,False,False
1785278559.4835825,1785278559.4619303,True,False,False,False
1785278559.4835825,1785278559.4619303,True,False,False,False
1785278559.504472,1785278559.490951,True,False,False,False
1785278559.504472,1785278559.490951,False,False,False,False
1785278559.504472,1785278559.490951,False,False,False,False
1785278559.504472,1785278559.490951,False,False,False,False
1785278559.544166,1785278559.5221963,False,False,False,False
1785278559.544166,1785278559.5221963,False,False,False,False
1785278559.544166,1785278559.5221963,False,False,False,False
1785278559.573634,1785278559.5582714,False,False,False,False
1785278559.573634,1785278559.5582714,False,False,False,False
1785278559.573634,1785278559.5582714,False,False,False,False
1785278559.6061783,1785278559.5877683,False,False,False,False
1785278559.6061783,1785278559.5877683,False,False,False,False
1785278559.6061783,1785278559.5877683,False,False,False,False
1785278559.6061783,1785278559.5877683,False,False,False,False
1785278559.6061783,1785278559.5877683,False,False,False,False
1785278559.6546035,1785278559.6388364,False,True,False,False
1785278559.6546035,1785278559.6388364,False,True,False,False
1785278559.6546035,1785278559.6388364,False,True,False,False
1785278559.6840792,1785278559.6676424,False,True,False,False
1785278559.6840792,1785278559.6676424,False,True,False,False
1785278559.6840792,1785278559.6676424,False,True,False,False
1785278559.713924,1785278559.6977549,False,True,False,False
1785278559.713924,1785278559.6977549,False,True,False,False
1785278559.713924,1785278559.6977549,False,True,False,False
1785278559.7447524,1785278559.7283733,False,True,False,False
1785278559.7447524,1785278559.7283733,False,True,False,False
1785278559.7447524,1785278559.7283733,False,True,False,False
1785278559.7743144,1785278559.758375,True,True,False,False
1785278559.7743144,1785278559.758375,True,True,False,False
1785278559.7743144,1785278559.758375,True,True,False,False
1785278559.8043559,1785278559.7819908,False,True,False,False
1785278559.8043559,1785278559.7819908,False,True,False,False
1785278559.8043559,1785278559.7819908,False,True,False,False
1785278559.8043559,1785278559.7819908,False,True,False,False
1785278559.8439884,1785278559.827959,False,True,False,False
1785278559.8439884,1785278559.827959,False,True,False,False
1785278559.8439884,1785278559.827959,False,True,False,False
1785278559.874391,1785278559.8522284,False,True,False,False
1785278559.874391,1785278559.8522284,False,True,False,False
1785278559.874391,1785278559.8522284,False,True,False,False
1785278559.904291,1785278559.8891916,False,True,False,False
1785278559.904291,1785278559.8891916,False,True,False,False
1785278559.904291,1785278559.8891916,False,True,False,False
1785278559.9345276,1785278559.9182265,False,True,False,False
1785278559.9345276,1785278559.9182265,False,True,False,False
1785278559.9345276,1785278559.9182265,False,True,False,False
1785278559.9647467,1785278559.9482944,False,True,False,False
1785278559.9647467,1785278559.9482944,False,True,False,False
1785278559.9647467,1785278559.9482944,False,True,False,False
1785278559.9940486,1785278559.9783528,False,True,False,False
1785278559.9940486,1785278559.9783528,False,True,False,False
1785278559.9940486,1785278559.9783528,False,True,False,False
1785278560.0240915,1785278560.0082076,False,True,False,False
1785278560.0240915,1785278560.0082076,False,True,False,False
1785278560.0240915,1785278560.0082076,False,True,False,False
1785278560.0542545,1785278560.0392344,False,False,False,False
1785278560.0542545,1785278560.0392344,False,False,False,False
1785278560.0542545,1785278560.0392344,False,False,False,False
1785278560.0842695,1785278560.0699327,False,False,False,False
1785278560.0842695,1785278560.0699327,False,False,False,False
1785278560.0842695,1785278560.0699327,False,False,False,False
1785278560.1142743,1785278560.0924926,False,False,False,False
1785278560.1142743,1785278560.0924926,False,False,False,False
1785278560.1142743,1785278560.0924926,False,False,False,False
1785278560.1142743,1785278560.0924926,False,False,False,False
1785278560.154012,1785278560.132379,False,False,False,False
1785278560.154012,1785278560.132379,False,False,False,False
1785278560.1742196,1785278560.1580737,False,False,False,False
1785278560.1742196,1785278560.1580737,False,False,False,False
1785278560.1742196,1785278560.1580737,False,False,False,False
1785278560.1742196,1785278560.1580737,False,False,False,False
1785278560.2152138,1785278560.2001657,True,False,False,False
1785278560.2152138,1785278560.2001657,True,False,False,False
1785278560.2152138,1785278560.2001657,True,False,False,False
1785278560.2439938,1785278560.2285209,True,False,False,False
1785278560.2439938,1785278560.2285209,True,False,False,False
1785278560.2439938,1785278560.2285209,True,False,False,False
1785278560.2747962,1785278560.260193,True,False,False,False
1785278560.2747962,1785278560.260193,True,False,False,False
1785278560.2747962,1785278560.260193,True,False,False,False
1785278560.2747962,1785278560.260193,True,False,False,False
1785278560.2747962,1785278560.260193,True,False,False,False
1785278560.3242867,1785278560.3094795,True,False,False,False
1785278560.3242867,1785278560.3094795,True,False,False,False
1785278560.3242867,1785278560.3094795,True,False,False,False
1785278560.3544714,1785278560.337845,True,False,False,False
1785278560.3544714,1785278560.337845,True,False,False,False
1785278560.3544714,1785278560.337845,True,False,False,False
1785278560.3842103,1785278560.3696811,True,False,False,False
1785278560.3842103,1785278560.3696811,True,False,False,False
1785278560.3842103,1785278560.3696811,True,False,False,False
1785278560.4142656,1785278560.398753,True,False,False,False
1785278560.4142656,1785278560.398753,True,False,False,False
1785278560.4142656,1785278560.398753,True,False,False,False
1785278560.4445064,1785278560.4309366,True,False,False,False
1785278560.4445064,1785278560.4309366,True,False,False,False
1785278560.4445064,1785278560.4309366,True,False,False,False
1785278560.4743526,1785278560.4520066,True,False,False,False
1785278560.4743526,1785278560.4520066,True,False,False,False
1785278560.4743526,1785278560.4520066,True,False,False,False
1785278560.5149155,1785278560.4885929,True,False,False,False
1785278560.5149155,1785278560.4885929,True,False,False,False
1785278560.5149155,1785278560.4885929,True,False,False,False
1785278560.5149155,1785278560.4885929,True,False,False,False
1785278560.5441675,1785278560.522296,True,False,False,False
1785278560.5441675,1785278560.522296,True,False,False,False
1785278560.5441675,1785278560.522296,True,False,False,False
1785278560.574258,1785278560.5524435,True,False,False,False
1785278560.574258,1785278560.5524435,True,False,False,False
1785278560.574258,1785278560.5524435,True,False,False,False
1785278560.6042223,1785278560.5880363,True,False,False,False
1785278560.6042223,1785278560.5880363,True,False,False,False
1785278560.6042223,1785278560.5880363,True,False,False,False
1785278560.6343417,1785278560.6207278,True,False,False,False
1785278560.6343417,1785278560.6207278,True,False,False,False
1785278560.6343417,1785278560.6207278,True,False,False,False
1785278560.6647992,1785278560.6483195,True,False,False,False
1785278560.6647992,1785278560.6483195,True,False,False,False
1785278560.6647992,1785278560.6483195,True,False,False,False
1785278560.69438,1785278560.6781912,True,False,False,False
1785278560.69438,1785278560.6781912,True,False,False,False
1785278560.69438,1785278560.6781912,True,False,False,False
1785278560.724879,1785278560.7090297,True,False,False,False
1785278560.724879,1785278560.7090297,True,False,False,False
1785278560.724879,1785278560.7090297,True,False,False,False
1785278560.724879,1785278560.7090297,True,False,False,False
1785278560.7642705,1785278560.7488484,True,False,False,False
1785278560.7642705,1785278560.7488484,True,False,False,False
1785278560.7642705,1785278560.7488484,True,False,False,False
1785278560.7938616,1785278560.7779171,True,False,False,False
1785278560.7938616,1785278560.7779171,True,False,False,False
1785278560.7938616,1785278560.7779171,True,False,False,False
1785278560.823629,1785278560.8087256,True,False,False,False
1785278560.823629,1785278560.8087256,True,False,False,False
1785278560.823629,1785278560.8087256,True,False,False,False
1785278560.8542974,1785278560.8401384,True,False,False,False
1785278560.8542974,1785278560.8401384,True,False,False,False
1785278560.8542974,1785278560.8401384,True,False,False,False
1785278560.8836265,1785278560.8701987,True,False,False,False
1785278560.8836265,1785278560.8701987,True,False,False,False
1785278560.8836265,1785278560.8701987,True,False,False,False
1785278560.9141662,1785278560.898749,True,False,False,False
1785278560.9141662,1785278560.898749,True,False,False,False
1785278560.9141662,1785278560.898749,True,False,False,False
1785278560.9449353,1785278560.9282956,True,False,False,False
1785278560.9449353,1785278560.9282956,True,False,False,False
1785278560.9449353,1785278560.9282956,True,False,False,False
1785278560.9742687,1785278560.9576805,True,False,False,False
1785278560.9742687,1785278560.9576805,True,False,False,False
1785278560.9742687,1785278560.9576805,True,False,False,False
1785278561.0045373,1785278560.9890952,True,False,True,False
1785278561.0045373,1785278560.9890952,True,False,True,False
1785278561.0045373,1785278560.9890952,True,False,True,False
1785278561.0345619,1785278561.0187569,True,False,False,False
1785278561.0345619,1785278561.0187569,True,False,False,False
1785278561.0345619,1785278561.0187569,True,False,False,False
1785278561.0645201,1785278561.047724,False,False,False,False
1785278561.0645201,1785278561.047724,False,False,False,False
1785278561.0645201,1785278561.047724,False,False,False,False
1785278561.0645201,1785278561.047724,False,False,False,False
1785278561.1034377,1785278561.0880647,False,False,False,False
1785278561.1034377,1785278561.0880647,False,False,False,False
1785278561.1034377,1785278561.0880647,False,False,False,False
1785278561.1339617,1785278561.1176887,True,False,False,False
1785278561.1339617,1785278561.1176887,True,False,False,False
1785278561.1339617,1785278561.1176887,True,False,False,False
1785278561.1647387,1785278561.148696,False,False,False,False
1785278561.1647387,1785278561.148696,False,False,False,False
1785278561.1647387,1785278561.148696,False,False,False,False
1785278561.1942296,1785278561.178296,True,False,False,False
1785278561.1942296,1785278561.178296,True,False,False,False
1785278561.1942296,1785278561.178296,True,False,False,False
1785278561.2243388,1785278561.2024248,True,False,False,False
1785278561.2243388,1785278561.2024248,True,False,False,False
1785278561.2243388,1785278561.2024248,True,False,False,False
1785278561.2543612,1785278561.2391303,True,False,False,False
1785278561.2543612,1785278561.2391303,True,False,False,False
1785278561.2543612,1785278561.2391303,True,False,False,False
1785278561.2844,1785278561.268068,False,False,False,False
1785278561.2844,1785278561.268068,False,False,False,False
1785278561.2844,1785278561.268068,False,False,False,False
1785278561.314333,1785278561.2992032,False,False,False,False
1785278561.314333,1785278561.2992032,False,False,False,False
1785278561.314333,1785278561.2992032,False,False,False,False
1785278561.314333,1785278561.2992032,False,False,False,False
1785278561.35385,1785278561.3384285,True,False,False,False
1785278561.35385,1785278561.3384285,True,False,False,False
1785278561.3740098,1785278561.3606474,True,False,False,False
1785278561.3740098,1785278561.3606474,True,False,False,False
1785278561.3740098,1785278561.3606474,True,False,False,False
1785278561.3740098,1785278561.3606474,True,False,False,False
1785278561.4138484,1785278561.3991966,False,False,False,False
1785278561.4138484,1785278561.3991966,False,False,False,False
1785278561.4138484,1785278561.3991966,False,False,False,False
1785278561.4436455,1785278561.4287097,False,False,False,False
1785278561.4436455,1785278561.4287097,False,False,False,False
1785278561.4436455,1785278561.4287097,False,False,False,False
1785278561.4739363,1785278561.4592214,False,False,False,False
1785278561.4739363,1785278561.4592214,False,False,False,False
1785278561.4739363,1785278561.4592214,False,False,False,False
1785278561.5040116,1785278561.4896433,False,False,False,False
1785278561.5040116,1785278561.4896433,False,False,False,False
1785278561.5040116,1785278561.4896433,False,False,False,False
1785278561.5344622,1785278561.5178814,False,False,False,False
1785278561.5344622,1785278561.5178814,False,False,False,False
1785278561.5344622,1785278561.5178814,False,False,False,False
1785278561.5646384,1785278561.542654,False,False,False,False
1785278561.5646384,1785278561.542654,False,False,False,False
1785278561.5646384,1785278561.542654,False,False,False,False
1785278561.5941176,1785278561.5788646,False,False,False,False
1785278561.5941176,1785278561.5788646,False,False,False,False
1785278561.5941176,1785278561.5788646,False,False,False,False
1785278561.5941176,1785278561.5788646,False,False,False,False
1785278561.633859,1785278561.6127405,False,False,False,False
1785278561.633859,1785278561.6127405,False,False,False,False
1785278561.633859,1785278561.6127405,False,False,False,False
1785278561.663818,1785278561.6487646,False,False,False,False
1785278561.663818,1785278561.6487646,False,False,False,False
1785278561.663818,1785278561.6487646,False,False,False,False
1785278561.693878,1785278561.6803288,False,False,False,False
1785278561.693878,1785278561.6803288,False,False,False,False
1785278561.693878,1785278561.6803288,False,False,False,False
1785278561.7242138,1785278561.7083652,False,False,False,False
1785278561.7242138,1785278561.7083652,False,False,False,False
1785278561.7242138,1785278561.7083652,False,False,False,False
1785278561.7544293,1785278561.7390282,False,False,False,False
1785278561.7544293,1785278561.7390282,False,False,False,False
1785278561.7544293,1785278561.7390282,False,False,False,False
1785278561.7842953,1785278561.767829,False,False,False,False
1785278561.7842953,1785278561.767829,False,False,False,False
1785278561.7842953,1785278561.767829,False,False,False,False
1785278561.7842953,1785278561.767829,False,False,False,False
1785278561.7842953,1785278561.767829,False,False,False,False
1785278561.8339133,1785278561.819381,False,False,False,False
1785278561.8339133,1785278561.819381,False,False,False,False
1785278561.8339133,1785278561.819381,False,False,False,False
1785278561.8638647,1785278561.8479357,False,False,False,False
1785278561.8638647,1785278561.8479357,False,False,False,False
1785278561.8638647,1785278561.8479357,False,False,False,False
1785278561.8638647,1785278561.8479357,False,False,False,False
1785278561.8638647,1785278561.8479357,False,False,False,False
1785278561.9138217,1785278561.90094,False,False,False,False
1785278561.9138217,1785278561.90094,False,False,False,False
1785278561.9138217,1785278561.90094,False,False,False,False
1785278561.9441683,1785278561.9280505,False,False,False,False
1785278561.9441683,1785278561.9280505,False,False,False,False
1785278561.9441683,1785278561.9280505,False,False,False,False
1785278561.9739032,1785278561.952569,False,False,False,False
1785278561.9739032,1785278561.952569,False,False,False,False
1785278561.9739032,1785278561.952569,False,False,False,False
1785278562.0046668,1785278561.99078,False,False,False,False
1785278562.0046668,1785278561.99078,False,False,False,False
1785278562.0046668,1785278561.99078,False,False,False,False
1785278562.0046668,1785278561.99078,False,False,False,False
1785278562.0046668,1785278561.99078,False,False,False,False
1785278562.0543563,1785278562.0383985,False,False,False,False
1785278562.0543563,1785278562.0383985,False,False,False,False
1785278562.0543563,1785278562.0383985,False,False,False,False
1785278562.0843084,1785278562.070643,False,False,False,False
1785278562.0843084,1785278562.070643,False,False,False,False
1785278562.0843084,1785278562.070643,False,False,False,False
1785278562.1139069,1785278562.0996938,False,False,False,False
1785278562.1139069,1785278562.0996938,False,False,False,False
1785278562.1139069,1785278562.0996938,False,False,False,False
1785278562.1441698,1785278562.12239,False,False,False,False
1785278562.1441698,1785278562.12239,False,False,False,False
1785278562.1441698,1785278562.12239,False,False,False,False
1785278562.1441698,1785278562.12239,False,False,False,False
1785278562.1441698,1785278562.12239,False,False,False,False
1785278562.1933932,1785278562.1788316,False,False,False,False
1785278562.1933932,1785278562.1788316,False,False,False,False
1785278562.1933932,1785278562.1788316,False,False,False,False
1785278562.2233744,1785278562.2078433,False,False,False,False
1785278562.2233744,1785278562.2078433,False,False,False,False
1785278562.2233744,1785278562.2078433,False,False,False,False
1785278562.2540703,1785278562.2393699,False,False,False,False
1785278562.2540703,1785278562.2393699,False,False,False,False
1785278562.2540703,1785278562.2393699,False,False,False,False
1785278562.2540703,1785278562.2393699,False,False,False,False
1785278562.2540703,1785278562.2393699,False,False,False,False
1785278562.304092,1785278562.2826858,False,False,False,False
1785278562.304092,1785278562.2826858,False,False,False,False
1785278562.304092,1785278562.2826858,False,False,False,False
1785278562.33417,1785278562.3182156,False,False,False,False
1785278562.33417,1785278562.3182156,False,False,False,False
1785278562.33417,1785278562.3182156,False,False,False,False
1785278562.3646069,1785278562.349989,False,False,False,False
1785278562.3646069,1785278562.349989,False,False,False,False
1785278562.3646069,1785278562.349989,False,False,False,False
1785278562.3935626,1785278562.3781831,False,False,False,False
1785278562.3935626,1785278562.3781831,False,False,False,False
1785278562.3935626,1785278562.3781831,False,False,False,False
1785278562.4242463,1785278562.40913,False,False,False,False
1785278562.4242463,1785278562.40913,False,False,False,False
1785278562.4242463,1785278562.40913,False,False,False,False
1785278562.454783,1785278562.4405146,False,False,False,False
1785278562.454783,1785278562.4405146,False,False,False,False
1785278562.454783,1785278562.4405146,False,False,False,False
1785278562.4849877,1785278562.462019,False,False,False,False
1785278562.4849877,1785278562.462019,False,False,False,False
1785278562.4849877,1785278562.462019,False,False,False,False
1785278562.4849877,1785278562.462019,False,False,False,False
1785278562.5237668,1785278562.5087898,False,False,False,False
1785278562.5237668,1785278562.5087898,False,False,False,False
1785278562.5237668,1785278562.5087898,False,False,False,False
1785278562.5536003,1785278562.5324264,False,False,False,False
1785278562.5536003,1785278562.5324264,False,False,False,False
1785278562.5536003,1785278562.5324264,False,False,False,False
1785278562.5536003,1785278562.5324264,False,False,False,False
1785278562.5536003,1785278562.5324264,False,False,False,False
1785278562.5536003,1785278562.5324264,False,False,False,False
1785278562.5536003,1785278562.5324264,False,False,False,False
1785278562.5536003,1785278562.5324264,False,False,False,False
1785278562.5536003,1785278562.5324264,False,False,False,False
1785278562.5536003,1785278562.5324264,False,False,False,False
1785278562.5852559,1785278562.6409743,False,False,False,False
1785278562.6444933,1785278562.6509464,False,False,False,False
1785278562.6740317,1785278562.6610105,False,False,False,False
1785278562.6740317,1785278562.6610105,False,False,False,False
1785278562.6740317,1785278562.6610105,False,False,False,False
1785278562.6740317,1785278562.6610105,False,False,False,False
1785278562.6740317,1785278562.6610105,False,False,False,False
1785278562.723868,1785278562.707866,False,False,False,False
1785278562.723868,1785278562.707866,False,False,False,False
1785278562.723868,1785278562.707866,False,False,False,False
1785278562.7545698,1785278562.738682,False,False,False,False
1785278562.7545698,1785278562.738682,False,False,False,False
1785278562.7545698,1785278562.738682,False,False,False,False
1785278562.7841456,1785278562.7686646,False,False,False,False
1785278562.7841456,1785278562.7686646,False,False,False,False
1785278562.7841456,1785278562.7686646,False,False,False,False
1785278562.8140311,1785278562.7922556,False,False,False,False
1785278562.8140311,1785278562.7922556,False,False,False,False
1785278562.8140311,1785278562.7922556,False,False,False,False
1785278562.8443007,1785278562.8305933,False,False,False,False
1785278562.8443007,1785278562.8305933,False,False,False,False
1785278562.8443007,1785278562.8305933,False,False,False,False
1785278562.8743923,1785278562.8578093,False,False,False,False
1785278562.8743923,1785278562.8578093,False,False,False,False
1785278562.8743923,1785278562.8578093,False,False,False,False
1785278562.9040482,1785278562.8895876,False,False,False,False
1785278562.9040482,1785278562.8895876,False,False,False,False
1785278562.9040482,1785278562.8895876,False,False,False,False
1785278562.9343278,1785278562.9186277,False,False,False,False
1785278562.9343278,1785278562.9186277,False,False,False,False
1785278562.9343278,1785278562.9186277,False,False,False,False
1785278562.9343278,1785278562.9186277,False,False,False,False
1785278562.973418,1785278562.960287,False,False,False,False
1785278562.973418,1785278562.960287,False,False,False,False
1785278562.973418,1785278562.960287,False,False,False,False
1785278563.004142,1785278562.9907207,False,False,False,False
1785278563.004142,1785278562.9907207,False,False,False,False
1785278563.004142,1785278562.9907207,False,False,False,False
1785278563.03405,1785278563.0183675,False,False,False,False
1785278563.03405,1785278563.0183675,False,False,False,False
1785278563.03405,1785278563.0183675,False,False,False,False
1785278563.06393,1785278563.0476737,False,False,False,False
1785278563.06393,1785278563.0476737,False,False,False,False
1785278563.06393,1785278563.0476737,False,False,False,False
1785278563.0944965,1785278563.0790331,False,False,False,False
1785278563.0944965,1785278563.0790331,False,False,False,False
1785278563.0944965,1785278563.0790331,False,False,False,False
1785278563.1240296,1785278563.1103592,False,False,False,False
1785278563.1240296,1785278563.1103592,False,False,False,False
1785278563.1240296,1785278563.1103592,False,False,False,False
1785278563.1542153,1785278563.1376488,False,False,False,False
1785278563.1542153,1785278563.1376488,False,False,False,False
1785278563.1542153,1785278563.1376488,False,False,False,False
1785278563.1542153,1785278563.1376488,False,False,False,False
1785278563.1935608,1785278563.1781797,False,False,False,False
1785278563.1935608,1785278563.1781797,False,False,False,False
1785278563.1935608,1785278563.1781797,False,False,False,False
1785278563.2239237,1785278563.2098715,False,False,False,False
1785278563.2239237,1785278563.2098715,False,False,False,False
1785278563.2239237,1785278563.2098715,False,False,False,False
1785278563.253973,1785278563.2387788,False,False,False,False
1785278563.253973,1785278563.2387788,False,False,False,False
1785278563.253973,1785278563.2387788,False,False,False,False
1785278563.2842822,1785278563.268711,False,False,False,False
1785278563.2842822,1785278563.268711,False,False,False,False
1785278563.2842822,1785278563.268711,False,False,False,False
1785278563.3144746,1785278563.2981765,False,False,False,False
1785278563.3144746,1785278563.2981765,False,False,False,False
1785278563.3144746,1785278563.2981765,False,False,False,False
1785278563.3441892,1785278563.329097,False,False,False,False
1785278563.3441892,1785278563.329097,False,False,False,False
1785278563.3441892,1785278563.329097,False,False,False,False
1785278563.3441892,1785278563.329097,False,False,False,False
1785278563.3745694,1785278563.3619394,False,False,False,False
1785278563.3745694,1785278563.3619394,False,False,False,False
1785278563.3745694,1785278563.3619394,False,False,False,False
1785278563.4137316,1785278563.400432,False,False,False,False
1785278563.4137316,1785278563.400432,False,False,False,False
1785278563.4137316,1785278563.400432,False,False,False,False
1785278563.4137316,1785278563.400432,False,False,False,False
1785278563.4438787,1785278563.4409544,False,False,False,False
1785278563.4438787,1785278563.4409544,False,False,False,False
1785278563.474543,1785278563.4590855,False,False,False,False
1785278563.474543,1785278563.4590855,False,False,False,False
1785278563.474543,1785278563.4590855,False,False,False,False
1785278563.5044112,1785278563.4892557,False,False,False,False
1785278563.5044112,1785278563.4892557,False,False,False,False
1785278563.5044112,1785278563.4892557,False,False,False,False
1785278563.5044112,1785278563.4892557,False,False,False,False
1785278563.5044112,1785278563.4892557,False,False,False,False
1785278563.5541644,1785278563.540992,False,False,False,False
1785278563.5541644,1785278563.540992,False,False,False,False
1785278563.5541644,1785278563.540992,False,False,False,False
1785278563.5840223,1785278563.5704367,False,False,False,False
1785278563.5840223,1785278563.5704367,False,False,False,False
1785278563.5840223,1785278563.5704367,False,False,False,False
1785278563.6143184,1785278563.5987241,False,False,False,False
1785278563.6143184,1785278563.5987241,False,False,False,False
1785278563.6143184,1785278563.5987241,False,False,False,False
1785278563.6143184,1785278563.5987241,False,False,False,False
1785278563.6143184,1785278563.5987241,False,False,False,False
1785278563.6638045,1785278563.650972,False,False,False,False
1785278563.6638045,1785278563.650972,False,False,False,False
1785278563.6638045,1785278563.650972,False,False,False,False
1785278563.6935623,1785278563.6782482,False,False,False,False
1785278563.6935623,1785278563.6782482,False,False,False,False
1785278563.6935623,1785278563.6782482,False,False,False,False
1785278563.7246277,1785278563.708128,False,False,False,False
1785278563.7246277,1785278563.708128,False,False,False,False
1785278563.7246277,1785278563.708128,False,False,False,False
1785278563.7540987,1785278563.7388515,False,False,False,False
1785278563.7540987,1785278563.7388515,False,False,False,False
1785278563.7540987,1785278563.7388515,False,False,False,False
1785278563.7853193,1785278563.768917,False,False,False,False
1785278563.7853193,1785278563.768917,False,False,False,False
1785278563.7853193,1785278563.768917,False,False,False,False
1785278563.8145099,1785278563.797618,False,False,False,False
1785278563.8145099,1785278563.797618,False,False,False,False
1785278563.8145099,1785278563.797618,False,False,False,False
1785278563.8442457,1785278563.8294506,False,False,False,False
1785278563.8442457,1785278563.8294506,False,False,False,False
1785278563.8442457,1785278563.8294506,False,False,False,False
1785278563.8742673,1785278563.8579595,False,False,False,False
1785278563.8742673,1785278563.8579595,False,False,False,False
1785278563.8742673,1785278563.8579595,False,False,False,False
1785278563.8742673,1785278563.8579595,False,False,False,False
1785278563.914629,1785278563.8993201,False,False,False,False
1785278563.914629,1785278563.8993201,False,False,False,False
1785278563.914629,1785278563.8993201,False,False,False,False
1785278563.9442303,1785278563.9283004,False,False,False,False
1785278563.9442303,1785278563.9283004,False,False,False,False
1785278563.9442303,1785278563.9283004,False,False,False,False
1785278563.973658,1785278563.9580693,False,False,False,False
1785278563.973658,1785278563.9580693,False,False,False,False
1785278563.973658,1785278563.9580693,False,False,False,False
1785278564.004181,1785278563.989013,False,False,False,False
1785278564.004181,1785278563.989013,False,False,False,False
1785278564.004181,1785278563.989013,False,False,False,False
1785278564.004181,1785278563.989013,False,False,False,False
1785278564.004181,1785278563.989013,False,False,False,False
1785278564.0543501,1785278564.0381088,False,False,False,False
1785278564.0543501,1785278564.0381088,False,False,False,False
1785278564.0543501,1785278564.0381088,False,False,False,False
1785278564.0835795,1785278564.0621874,False,False,False,False
1785278564.0835795,1785278564.0621874,False,False,False,False
1785278564.0835795,1785278564.0621874,False,False,False,False
1785278564.1151202,1785278564.1002133,False,False,False,False
1785278564.1151202,1785278564.1002133,False,False,False,False
1785278564.1151202,1785278564.1002133,False,False,False,False
1785278564.1441014,1785278564.1283529,False,False,False,False
1785278564.1441014,1785278564.1283529,False,False,False,False
1785278564.1441014,1785278564.1283529,False,False,False,False
1785278564.1743314,1785278564.1592681,False,False,False,False
1785278564.1743314,1785278564.1592681,False,False,False,False
1785278564.1743314,1785278564.1592681,False,False,False,False
1785278564.2045448,1785278564.1882186,False,False,False,False
1785278564.2045448,1785278564.1882186,False,False,False,False
1785278564.2045448,1785278564.1882186,False,False,False,False
1785278564.2342143,1785278564.2199354,False,False,False,False
1785278564.2342143,1785278564.2199354,False,False,False,False
1785278564.2342143,1785278564.2199354,False,False,False,False
1785278564.2342143,1785278564.2199354,False,False,False,False
1785278564.2740874,1785278564.2586648,False,False,False,False
1785278564.2740874,1785278564.2586648,False,False,False,False
1785278564.2740874,1785278564.2586648,False,False,False,False
1785278564.3040116,1785278564.288575,False,False,False,False
1785278564.3040116,1785278564.288575,False,False,False,False
1785278564.3040116,1785278564.288575,False,False,False,False
1785278564.3351598,1785278564.3196359,False,False,False,False
1785278564.3351598,1785278564.3196359,False,False,False,False
1785278564.3351598,1785278564.3196359,False,False,False,False
1785278564.3642547,1785278564.3487341,False,False,False,False
1785278564.3642547,1785278564.3487341,False,False,False,False
1785278564.3642547,1785278564.3487341,False,False,False,False
1785278564.394565,1785278564.3725617,False,False,False,False
1785278564.394565,1785278564.3725617,False,False,False,False
1785278564.394565,1785278564.3725617,False,False,False,False
1785278564.4242527,1785278564.4095123,False,False,False,False
1785278564.4242527,1785278564.4095123,False,False,False,False
1785278564.4242527,1785278564.4095123,False,False,False,False
1785278564.4549155,1785278564.4409668,False,False,False,False
1785278564.4549155,1785278564.4409668,False,False,False,False
1785278564.4549155,1785278564.4409668,False,False,False,False
1785278564.4839826,1785278564.4679186,False,False,False,False
1785278564.4839826,1785278564.4679186,False,False,False,False
1785278564.4839826,1785278564.4679186,False,False,False,False
1785278564.4839826,1785278564.4679186,False,False,False,False
1785278564.4839826,1785278564.4679186,False,False,False,False
1785278564.524126,1785278564.5119967,False,False,False,False
1785278564.524126,1785278564.5119967,False,False,False,False
1785278564.5550358,1785278564.5382464,False,False,False,False
1785278564.5550358,1785278564.5382464,False,False,False,False
1785278564.5550358,1785278564.5382464,False,False,False,False
1785278564.584092,1785278564.5690641,False,False,False,False
1785278564.584092,1785278564.5690641,False,False,False,False
1785278564.584092,1785278564.5690641,False,False,False,False
1785278564.6138937,1785278564.5990043,False,False,False,False
1785278564.6138937,1785278564.5990043,False,False,False,False
1785278564.6138937,1785278564.5990043,False,False,False,False
1785278564.6138937,1785278564.5990043,False,False,False,False
1785278564.6138937,1785278564.5990043,False,False,False,False
1785278564.6651678,1785278564.64974,False,False,False,False
1785278564.6651678,1785278564.64974,False,False,False,False
1785278564.6651678,1785278564.64974,False,False,False,False
1785278564.6943974,1785278564.678514,False,False,False,False
1785278564.6943974,1785278564.678514,False,False,False,False
1785278564.6943974,1785278564.678514,False,False,False,False
1785278564.724179,1785278564.7088284,False,False,False,False
1785278564.724179,1785278564.7088284,False,False,False,False
1785278564.724179,1785278564.7088284,False,False,False,False
1785278564.7538955,1785278564.739851,False,False,False,False
1785278564.7538955,1785278564.739851,False,False,False,False
1785278564.7538955,1785278564.739851,False,False,False,False
1785278564.784215,1785278564.7704158,False,False,False,False
1785278564.784215,1785278564.7704158,False,False,False,False
1785278564.784215,1785278564.7704158,False,False,False,False
1785278564.8142354,1785278564.8009791,False,False,False,False
1785278564.8142354,1785278564.8009791,False,False,False,False
1785278564.8142354,1785278564.8009791,False,False,False,False
1785278564.8440404,1785278564.829341,False,False,False,False
1785278564.8440404,1785278564.829341,False,False,False,False
1785278564.8440404,1785278564.829341,False,False,False,False
1785278564.874284,1785278564.8604338,False,False,False,False
1785278564.874284,1785278564.8604338,False,False,False,False
1785278564.874284,1785278564.8604338,False,False,False,False
1785278564.874284,1785278564.8604338,False,False,False,False
1785278564.9143674,1785278564.8996863,False,False,False,False
1785278564.9143674,1785278564.8996863,False,False,False,False
1785278564.9143674,1785278564.8996863,False,False,False,False
1785278564.9437175,1785278564.928673,False,False,False,False
1785278564.9437175,1785278564.928673,False,False,False,False
1785278564.9437175,1785278564.928673,False,False,False,False
1785278564.9736204,1785278564.9606938,False,False,False,False
1785278564.9736204,1785278564.9606938,False,False,False,False
1785278564.9736204,1785278564.9606938,False,False,False,False
1785278564.9736204,1785278564.9606938,False,False,False,False
1785278564.9736204,1785278564.9606938,False,False,False,False
1785278565.0235503,1785278565.008779,False,False,False,False
1785278565.0235503,1785278565.008779,False,False,False,False
1785278565.0235503,1785278565.008779,False,False,False,False
1785278565.0544689,1785278565.039776,False,False,False,False
1785278565.0544689,1785278565.039776,False,False,False,False
1785278565.0544689,1785278565.039776,False,False,False,False
1785278565.0841897,1785278565.0621986,False,False,False,False
1785278565.0841897,1785278565.0621986,False,False,False,False
1785278565.0841897,1785278565.0621986,False,False,False,False
1785278565.1139607,1785278565.0994089,False,False,False,False
1785278565.1139607,1785278565.0994089,False,False,False,False
1785278565.1139607,1785278565.0994089,False,False,False,False
1785278565.1139607,1785278565.0994089,False,False,False,False
1785278565.1139607,1785278565.0994089,False,False,False,False
1785278565.1643088,1785278565.149834,False,False,False,False
1785278565.1643088,1785278565.149834,False,False,False,False
1785278565.1933901,1785278565.1687546,False,False,False,False
1785278565.1933901,1785278565.1687546,False,False,False,False
1785278565.2055392,1785278565.1905253,False,False,False,False
1785278565.2055392,1785278565.1905253,False,False,False,False
1785278565.2055392,1785278565.1905253,False,False,False,False
1785278565.2055392,1785278565.1905253,False,False,False,False
1785278565.2055392,1785278565.1905253,False,False,False,False
1785278565.244256,1785278565.2319698,False,False,False,False
1785278565.244256,1785278565.2319698,False,False,False,False
1785278565.27438,1785278565.258761,False,False,False,False
1785278565.27438,1785278565.258761,False,False,False,False
1785278565.27438,1785278565.258761,False,False,False,False
1785278565.3043835,1785278565.2904882,True,False,False,False
1785278565.3043835,1785278565.2904882,True,False,False,False
1785278565.3043835,1785278565.2904882,True,False,False,False
1785278565.3339202,1785278565.3125026,False,False,False,False
1785278565.3339202,1785278565.3125026,False,False,False,False
1785278565.3339202,1785278565.3125026,False,False,False,False
1785278565.3648973,1785278565.3490655,False,False,False,False
1785278565.3648973,1785278565.3490655,False,False,False,False
1785278565.3648973,1785278565.3490655,False,False,False,False
1785278565.3648973,1785278565.3490655,False,False,False,False
1785278565.3941662,1785278565.3810668,False,False,False,False
1785278565.3941662,1785278565.3810668,False,False,False,False
1785278565.4262035,1785278565.4095733,False,False,False,False
1785278565.4262035,1785278565.4095733,False,False,False,False
1785278565.4262035,1785278565.4095733,False,False,False,False
1785278565.4545293,1785278565.4383914,True,False,False,False
1785278565.4545293,1785278565.4383914,True,False,False,False
1785278565.4545293,1785278565.4383914,True,False,False,False
1785278565.4545293,1785278565.4383914,True,False,False,False
1785278565.4940462,1785278565.4799232,True,False,False,False
1785278565.4940462,1785278565.4799232,True,False,False,False
1785278565.4940462,1785278565.4799232,True,False,False,False
1785278565.5240881,1785278565.5106952,True,False,False,False
1785278565.5240881,1785278565.5106952,True,False,False,False
1785278565.5240881,1785278565.5106952,True,False,False,False
1785278565.5541677,1785278565.5385885,True,False,False,False
1785278565.5541677,1785278565.5385885,True,False,False,False
1785278565.5541677,1785278565.5385885,True,False,False,False
1785278565.584279,1785278565.5693507,True,False,False,False
1785278565.584279,1785278565.5693507,True,False,False,False
1785278565.584279,1785278565.5693507,True,False,False,False
1785278565.584279,1785278565.5693507,True,False,False,False
1785278565.584279,1785278565.5693507,True,False,False,False
1785278565.63372,1785278565.6188035,True,False,False,False
1785278565.63372,1785278565.6188035,True,False,False,False
1785278565.63372,1785278565.6188035,True,False,False,False
1785278565.664774,1785278565.6497934,True,False,False,False
1785278565.664774,1785278565.6497934,True,False,False,False
1785278565.664774,1785278565.6497934,True,False,False,False
1785278565.6941156,1785278565.6798806,True,False,False,False
1785278565.6941156,1785278565.6798806,True,False,False,False
1785278565.6941156,1785278565.6798806,True,False,False,False
1785278565.724096,1785278565.707954,True,False,False,False
1785278565.724096,1785278565.707954,True,False,False,False
1785278565.724096,1785278565.707954,True,False,False,False
1785278565.724096,1785278565.707954,True,False,False,False
1785278565.724096,1785278565.707954,True,False,False,False
1785278565.7740393,1785278565.7597013,False,False,False,False
1785278565.7740393,1785278565.7597013,False,False,False,False
1785278565.7740393,1785278565.7597013,False,False,False,False
1785278565.8045297,1785278565.788443,False,False,False,False
1785278565.8045297,1785278565.788443,False,False,False,False
1785278565.8045297,1785278565.788443,False,False,False,False
1785278565.8341258,1785278565.8178809,False,False,False,False
1785278565.8341258,1785278565.8178809,False,False,False,False
1785278565.8341258,1785278565.8178809,False,False,False,False
1785278565.865129,1785278565.8494282,False,False,False,False
1785278565.865129,1785278565.8494282,False,False,False,False
1785278565.865129,1785278565.8494282,False,False,False,False
1785278565.8944643,1785278565.880985,False,False,False,False
1785278565.8944643,1785278565.880985,False,False,False,False
1785278565.8944643,1785278565.880985,False,False,False,False
1785278565.9245267,1785278565.9093866,False,False,False,False
1785278565.9245267,1785278565.9093866,False,False,False,False
1785278565.9245267,1785278565.9093866,False,False,False,False
1785278565.954199,1785278565.9409852,False,False,False,False
1785278565.954199,1785278565.9409852,True,False,False,False
1785278565.954199,1785278565.9409852,True,False,False,False
1785278565.954199,1785278565.9409852,True,False,False,False
1785278565.9939232,1785278565.9794595,False,False,False,False
1785278565.9939232,1785278565.9794595,False,False,False,False
1785278565.9939232,1785278565.9794595,False,False,False,False
1785278566.0240676,1785278566.0106673,False,False,False,False
1785278566.0240676,1785278566.0106673,False,False,False,False
1785278566.0240676,1785278566.0106673,False,False,False,False
1785278566.0542538,1785278566.0381663,False,False,False,False
1785278566.0542538,1785278566.0381663,False,False,False,False
1785278566.0542538,1785278566.0381663,False,False,False,False
1785278566.0852578,1785278566.069958,False,False,False,False
1785278566.0852578,1785278566.069958,False,False,False,False
1785278566.0852578,1785278566.069958,False,False,False,False
1785278566.1144915,1785278566.1005745,False,False,False,False
1785278566.1144915,1785278566.1005745,False,False,False,False
1785278566.1144915,1785278566.1005745,False,False,False,False
1785278566.1444862,1785278566.1284485,False,False,False,False
1785278566.1444862,1785278566.1284485,False,False,False,False
1785278566.1444862,1785278566.1284485,False,False,False,False
1785278566.1746984,1785278566.159286,False,False,False,False
1785278566.1746984,1785278566.159286,False,False,False,False
1785278566.1746984,1785278566.159286,False,False,False,False
1785278566.1746984,1785278566.159286,False,False,False,False
1785278566.2141643,1785278566.2004097,False,False,False,False
1785278566.2141643,1785278566.2004097,False,False,False,False
1785278566.2141643,1785278566.2004097,False,False,False,False
1785278566.244281,1785278566.2302263,False,False,False,False
1785278566.244281,1785278566.2302263,False,False,False,False
1785278566.244281,1785278566.2302263,False,False,False,False
1785278566.2736614,1785278566.2592456,True,False,False,False
1785278566.2736614,1785278566.2592456,True,False,False,False
1785278566.2736614,1785278566.2592456,True,False,False,False
1785278566.3046508,1785278566.288126,True,False,False,False
1785278566.3046508,1785278566.288126,True,False,False,False
1785278566.3046508,1785278566.288126,True,False,False,False
1785278566.3342957,1785278566.3199878,True,False,False,False
1785278566.3342957,1785278566.3199878,True,False,False,False
1785278566.3342957,1785278566.3199878,True,False,False,False
1785278566.3342957,1785278566.3199878,True,False,False,False
1785278566.3342957,1785278566.3199878,True,False,False,False
1785278566.3839574,1785278566.3709996,True,False,False,False
1785278566.3839574,1785278566.3709996,True,False,False,False
1785278566.3839574,1785278566.3709996,True,False,False,False
1785278566.4152546,1785278566.4002783,True,False,False,False
1785278566.4152546,1785278566.4002783,True,False,False,False
1785278566.4152546,1785278566.4002783,True,False,False,False
1785278566.4438038,1785278566.4289083,True,False,False,False
1785278566.4438038,1785278566.4289083,True,False,False,False
1785278566.4438038,1785278566.4289083,True,False,False,False
1785278566.4745498,1785278566.4583058,True,False,False,False
1785278566.4745498,1785278566.4583058,True,False,False,False
1785278566.4745498,1785278566.4583058,True,False,False,False
1785278566.4745498,1785278566.4583058,True,False,False,False
1785278566.4745498,1785278566.4583058,True,False,False,False
1785278566.5249896,1785278566.5101662,True,False,False,False
1785278566.5249896,1785278566.5101662,True,False,False,False
1785278566.5249896,1785278566.5101662,True,False,False,False
1785278566.5547552,1785278566.5388963,True,False,False,False
1785278566.5547552,1785278566.5388963,True,False,False,False
1785278566.5547552,1785278566.5388963,True,False,False,False
1785278566.5843124,1785278566.5702395,True,False,False,False
1785278566.5843124,1785278566.5702395,True,False,False,False
1785278566.5843124,1785278566.5702395,True,False,False,False
1785278566.614352,1785278566.5989335,True,False,False,False
1785278566.614352,1785278566.5989335,True,False,False,False
1785278566.614352,1785278566.5989335,True,False,False,False
1785278566.6442056,1785278566.6292334,True,False,False,False
1785278566.6442056,1785278566.6292334,True,False,False,False
1785278566.6442056,1785278566.6292334,True,False,False,False
1785278566.6442056,1785278566.6292334,True,False,False,False
1785278566.6442056,1785278566.6292334,True,False,False,False
1785278566.6934757,1785278566.6794844,False,False,False,False
1785278566.6934757,1785278566.6794844,False,False,False,False
1785278566.6934757,1785278566.6794844,False,False,False,False
1785278566.723736,1785278566.7107806,False,False,False,False
1785278566.723736,1785278566.7107806,False,False,False,False
1785278566.723736,1785278566.7107806,False,False,False,False
1785278566.7549164,1785278566.7398884,False,False,False,False
1785278566.7549164,1785278566.7398884,False,False,False,False
1785278566.7549164,1785278566.7398884,False,False,False,False
1785278566.7845278,1785278566.769375,False,False,False,False
1785278566.7845278,1785278566.769375,False,False,False,False
1785278566.7845278,1785278566.769375,False,False,False,False
1785278566.814617,1785278566.7983484,False,True,False,True
1785278566.814617,1785278566.7983484,False,True,False,True
1785278566.814617,1785278566.7983484,False,True,False,True
1785278566.8441613,1785278566.829361,False,True,False,False
1785278566.8441613,1785278566.829361,False,True,False,False
1785278566.8441613,1785278566.829361,False,True,False,False
1785278566.8845153,1785278566.8594038,False,True,False,False
1785278566.8845153,1785278566.8594038,False,True,False,False
1785278566.8845153,1785278566.8594038,False,True,False,False
1785278566.8845153,1785278566.8594038,False,True,False,False
1785278566.9142616,1785278566.9005227,False,True,False,False
1785278566.9142616,1785278566.9005227,False,True,False,False
1785278566.9142616,1785278566.9005227,False,True,False,False
1785278566.9443893,1785278566.9290242,False,True,False,False
1785278566.9443893,1785278566.9290242,False,True,False,False
1785278566.9443893,1785278566.9290242,False,True,False,False
1785278566.9736893,1785278566.9593709,True,True,False,False
1785278566.9736893,1785278566.9593709,True,True,False,False
1785278566.9736893,1785278566.9593709,True,True,False,False
1785278567.0042,1785278566.9899077,False,True,False,False
1785278567.0042,1785278566.9899077,False,True,False,False
1785278567.0042,1785278566.9899077,False,True,False,False
1785278567.0042,1785278566.9899077,False,True,False,False
1785278567.0042,1785278566.9899077,False,True,False,False
1785278567.0042,1785278566.9899077,False,True,False,False
1785278567.0544975,1785278567.050229,False,True,False,False
1785278567.0544975,1785278567.050229,False,True,False,False
1785278567.0840921,1785278567.069581,False,True,False,False
1785278567.0840921,1785278567.069581,False,True,False,False
1785278567.0840921,1785278567.069581,False,True,False,False
1785278567.1141622,1785278567.0993195,False,True,False,False
1785278567.1141622,1785278567.0993195,False,True,False,False
1785278567.1141622,1785278567.0993195,False,True,False,False
1785278567.144346,1785278567.1281335,False,True,False,False
1785278567.144346,1785278567.1281335,False,True,False,False
1785278567.144346,1785278567.1281335,False,True,False,False
1785278567.144346,1785278567.1281335,False,True,False,False
1785278567.144346,1785278567.1281335,False,True,False,False
1785278567.1941607,1785278567.1796067,False,True,False,False
1785278567.1941607,1785278567.1796067,False,True,False,False
1785278567.1941607,1785278567.1796067,False,True,False,False
1785278567.2241132,1785278567.208224,False,True,False,False
1785278567.2241132,1785278567.208224,False,True,False,False
1785278567.2241132,1785278567.208224,False,True,False,False
1785278567.2535563,1785278567.2400923,False,True,False,False
1785278567.2535563,1785278567.2400923,False,True,False,False
1785278567.2535563,1785278567.2400923,False,True,False,False
1785278567.2535563,1785278567.2400923,False,True,False,False
1785278567.2535563,1785278567.2400923,False,True,False,False
1785278567.304633,1785278567.2884564,False,True,False,False
1785278567.304633,1785278567.2884564,False,True,False,False
1785278567.304633,1785278567.2884564,False,True,False,False
1785278567.3341727,1785278567.3201,False,False,False,False
1785278567.3341727,1785278567.3201,False,False,False,False
1785278567.3341727,1785278567.3201,False,False,False,False
1785278567.3640943,1785278567.3493361,False,False,False,False
1785278567.3640943,1785278567.3493361,False,False,False,False
1785278567.3640943,1785278567.3493361,False,False,False,False
1785278567.3640943,1785278567.3493361,False,False,False,False
1785278567.3640943,1785278567.3493361,False,False,False,False
1785278567.4139783,1785278567.4001515,True,False,False,False
1785278567.4139783,1785278567.4001515,True,False,False,False
1785278567.4139783,1785278567.4001515,True,False,False,False
1785278567.4448643,1785278567.4293573,True,False,False,False
1785278567.4448643,1785278567.4293573,True,False,False,False
1785278567.4448643,1785278567.4293573,True,False,False,False
1785278567.4735162,1785278567.4596813,True,False,False,False
1785278567.4735162,1785278567.4596813,True,False,False,False
1785278567.4735162,1785278567.4596813,True,False,False,False
1785278567.4735162,1785278567.4596813,True,False,False,False
1785278567.4735162,1785278567.4596813,True,False,False,False
1785278567.5240085,1785278567.5095782,True,False,False,False
1785278567.5240085,1785278567.5095782,True,False,False,False
1785278567.5240085,1785278567.5095782,True,False,False,False
1785278567.553998,1785278567.5384762,True,False,False,False
1785278567.553998,1785278567.5384762,True,False,False,False
1785278567.553998,1785278567.5384762,True,False,False,False
1785278567.5841973,1785278567.570304,True,False,False,False
1785278567.5841973,1785278567.570304,True,False,False,False
1785278567.5841973,1785278567.570304,True,False,False,False
1785278567.6152642,1785278567.5999792,True,False,False,False
1785278567.6152642,1785278567.5999792,True,False,False,False
1785278567.6152642,1785278567.5999792,True,False,False,False
1785278567.6440454,1785278567.6296306,True,False,False,False
1785278567.6440454,1785278567.6296306,True,False,False,False
1785278567.6440454,1785278567.6296306,True,False,False,False
1785278567.674318,1785278567.6595724,True,False,False,False
1785278567.674318,1785278567.6595724,True,False,False,False
1785278567.674318,1785278567.6595724,True,False,False,False
1785278567.7044165,1785278567.6893253,True,False,False,False
1785278567.7044165,1785278567.6893253,True,False,False,False
1785278567.7044165,1785278567.6893253,True,False,False,False
1785278567.7341938,1785278567.718198,True,False,False,False
1785278567.7341938,1785278567.718198,True,False,False,False
1785278567.7341938,1785278567.718198,True,False,False,False
1785278567.7645178,1785278567.7509758,True,False,False,False
1785278567.7645178,1785278567.7509758,True,False,False,False
1785278567.7645178,1785278567.7509758,True,False,False,False
1785278567.7645178,1785278567.7509758,True,False,False,False
1785278567.8033843,1785278567.7886145,True,False,False,False
1785278567.8033843,1785278567.7886145,True,False,False,False
1785278567.8033843,1785278567.7886145,True,False,False,False
1785278567.8347015,1785278567.8202338,True,False,False,False
1785278567.8347015,1785278567.8202338,True,False,False,False
1785278567.8347015,1785278567.8202338,True,False,False,False
1785278567.864388,1785278567.8491354,True,False,False,False
1785278567.864388,1785278567.8491354,True,False,False,False
1785278567.864388,1785278567.8491354,True,False,False,False
1785278567.894192,1785278567.8789697,False,False,False,False
1785278567.894192,1785278567.8789697,False,False,False,False
1785278567.894192,1785278567.8789697,False,False,False,False
1785278567.9243572,1785278567.9103856,False,True,False,False
1785278567.9243572,1785278567.9103856,False,True,False,False
1785278567.9243572,1785278567.9103856,False,True,False,False
1785278567.9544702,1785278567.9397078,False,True,False,False
1785278567.9544702,1785278567.9397078,False,True,False,False
1785278567.9544702,1785278567.9397078,False,True,False,False
1785278567.9544702,1785278567.9397078,False,True,False,False
1785278567.9936395,1785278567.980035,False,True,False,False
1785278567.9936395,1785278567.980035,False,True,False,False
1785278567.9936395,1785278567.980035,False,True,False,False
1785278568.0240881,1785278568.0101285,False,True,False,False
1785278568.0240881,1785278568.0101285,False,True,False,False
1785278568.0240881,1785278568.0101285,False,True,False,False
1785278568.05409,1785278568.0392134,False,True,False,False
1785278568.05409,1785278568.0392134,False,True,False,False
1785278568.05409,1785278568.0392134,False,True,False,False
1785278568.0842044,1785278568.068347,False,True,False,False
1785278568.0842044,1785278568.068347,False,True,False,False
1785278568.0842044,1785278568.068347,False,True,False,False
1785278568.11432,1785278568.0991282,False,True,False,False
1785278568.11432,1785278568.0991282,False,True,False,False
1785278568.11432,1785278568.0991282,False,True,False,False
1785278568.11432,1785278568.0991282,False,True,False,False
1785278568.11432,1785278568.0991282,False,True,False,False
1785278568.1651669,1785278568.1506898,False,True,False,False
1785278568.1651669,1785278568.1506898,False,True,False,False
1785278568.1651669,1785278568.1506898,False,True,False,False
1785278568.1934023,1785278568.1797998,False,True,False,False
1785278568.1934023,1785278568.1797998,False,True,False,False
1785278568.1934023,1785278568.1797998,False,True,False,False
1785278568.2242007,1785278568.209682,False,True,False,False
1785278568.2242007,1785278568.209682,False,True,False,False
1785278568.2242007,1785278568.209682,False,True,False,False
1785278568.2242007,1785278568.209682,False,True,False,False
1785278568.2242007,1785278568.209682,False,True,False,False
1785278568.2750478,1785278568.2597673,False,True,False,False
1785278568.2750478,1785278568.2597673,False,True,False,False
1785278568.2750478,1785278568.2597673,False,True,False,False
1785278568.3043191,1785278568.288516,False,True,False,False
1785278568.3043191,1785278568.288516,False,True,False,False
1785278568.3043191,1785278568.288516,False,True,False,False
1785278568.3337264,1785278568.3183446,False,True,False,False
1785278568.3337264,1785278568.3183446,False,True,False,False
1785278568.3337264,1785278568.3183446,False,True,False,False
1785278568.364519,1785278568.349158,False,True,False,False
1785278568.364519,1785278568.349158,False,True,False,False
1785278568.364519,1785278568.349158,False,True,False,False
1785278568.3945646,1785278568.3789635,False,True,False,False
1785278568.3945646,1785278568.3789635,False,True,False,False
1785278568.3945646,1785278568.3789635,False,True,False,False
1785278568.4243608,1785278568.4090688,False,True,False,False
1785278568.4243608,1785278568.4090688,False,True,False,False
1785278568.4243608,1785278568.4090688,False,True,False,False
1785278568.4243608,1785278568.4090688,False,True,False,False
1785278568.463863,1785278568.4503782,True,False,False,False
1785278568.463863,1785278568.4503782,True,False,False,False
1785278568.463863,1785278568.4503782,True,False,False,False
1785278568.4940321,1785278568.4807582,True,False,False,False
1785278568.4940321,1785278568.4807582,True,False,False,False
1785278568.4940321,1785278568.4807582,True,False,False,False
1785278568.5240169,1785278568.5100217,True,False,False,False
1785278568.5240169,1785278568.5100217,True,False,False,False
1785278568.5240169,1785278568.5100217,True,False,False,False
1785278568.5541468,1785278568.5386603,True,True,False,False
1785278568.5541468,1785278568.5386603,True,True,False,False
1785278568.5541468,1785278568.5386603,True,True,False,False
1785278568.5541468,1785278568.5386603,True,True,False,False
1785278568.584191,1785278568.580966,True,True,False,False
1785278568.584191,1785278568.580966,True,False,False,False
1785278568.6146023,1785278568.6009762,True,False,False,False
1785278568.6146023,1785278568.6009762,True,False,False,False
1785278568.6146023,1785278568.6009762,True,False,False,False
1785278568.6443436,1785278568.630995,True,False,False,False
1785278568.6443436,1785278568.630995,True,False,False,False
1785278568.6443436,1785278568.630995,True,False,False,False
1785278568.6443436,1785278568.630995,True,False,False,False
1785278568.6850016,1785278568.6702702,True,False,False,False
1785278568.6850016,1785278568.6702702,True,False,False,False
1785278568.6850016,1785278568.6702702,True,False,False,False
1785278568.7150824,1785278568.699298,True,False,False,False
1785278568.7150824,1785278568.699298,True,False,False,False
1785278568.7150824,1785278568.699298,True,False,False,False
1785278568.7436304,1785278568.7300143,True,False,False,False
1785278568.7436304,1785278568.7300143,True,False,False,False
1785278568.7436304,1785278568.7300143,True,False,False,False
1785278568.7736354,1785278568.7597547,True,False,False,False
1785278568.7736354,1785278568.7597547,True,False,False,False
1785278568.7736354,1785278568.7597547,True,False,False,False
1785278568.8040671,1785278568.790662,True,False,False,False
1785278568.8040671,1785278568.790662,True,False,False,False
1785278568.8040671,1785278568.790662,True,False,False,False
1785278568.834492,1785278568.8183823,True,False,False,False
1785278568.834492,1785278568.8183823,True,False,False,False
1785278568.834492,1785278568.8183823,True,False,False,False
1785278568.834492,1785278568.8183823,True,False,False,False
1785278568.873353,1785278568.8596153,True,False,False,False
1785278568.873353,1785278568.8596153,True,False,False,False
1785278568.873353,1785278568.8596153,True,False,False,False
1785278568.9034724,1785278568.8896976,True,False,False,False
1785278568.9034724,1785278568.8896976,True,False,False,False
1785278568.9034724,1785278568.8896976,True,False,False,False
1785278568.9349256,1785278568.919552,False,False,False,False
1785278568.9349256,1785278568.919552,False,False,False,False
1785278568.9349256,1785278568.919552,False,False,False,False
1785278568.9640803,1785278568.949376,False,False,False,False
1785278568.9640803,1785278568.949376,False,False,False,False
1785278568.9640803,1785278568.949376,False,False,False,False
1785278568.9942303,1785278568.9808817,False,False,False,False
1785278568.9942303,1785278568.9808817,False,False,False,False
1785278568.9942303,1785278568.9808817,False,False,False,False
1785278569.0243864,1785278569.0109818,False,False,False,False
1785278569.0243864,1785278569.0109818,False,True,False,False
1785278569.0243864,1785278569.0109818,False,True,False,False
1785278569.0544224,1785278569.0390491,False,True,False,False
1785278569.0544224,1785278569.0390491,False,True,False,False
1785278569.0544224,1785278569.0390491,False,True,False,False
1785278569.084539,1785278569.0691268,False,True,False,False
1785278569.084539,1785278569.0691268,False,True,False,False
1785278569.084539,1785278569.0691268,False,True,False,False
1785278569.084539,1785278569.0691268,False,True,False,False
1785278569.124141,1785278569.1110015,False,True,False,False
1785278569.124141,1785278569.1110015,False,True,False,False
1785278569.124141,1785278569.1110015,False,True,False,False
1785278569.1541786,1785278569.1394143,True,True,True,False
1785278569.1541786,1785278569.1394143,True,True,True,False
1785278569.1541786,1785278569.1394143,True,True,True,False
1785278569.184253,1785278569.1696687,False,True,False,False
1785278569.184253,1785278569.1696687,False,True,False,False
1785278569.184253,1785278569.1696687,False,True,False,False
1785278569.2146292,1785278569.2000217,False,True,False,False
1785278569.2146292,1785278569.2000217,False,True,False,False
1785278569.2146292,1785278569.2000217,False,True,False,False
1785278569.2436087,1785278569.2307792,False,True,False,False
1785278569.2436087,1785278569.2307792,False,True,False,False
1785278569.2436087,1785278569.2307792,False,True,False,False
1785278569.274715,1785278569.2599154,False,True,False,False
1785278569.274715,1785278569.2599154,False,True,False,False
1785278569.274715,1785278569.2599154,False,True,False,False
1785278569.3043318,1785278569.2891676,False,True,False,False
1785278569.3043318,1785278569.2891676,False,True,False,False
1785278569.3043318,1785278569.2891676,False,True,False,False
1785278569.3343515,1785278569.3199646,False,True,False,False
1785278569.3343515,1785278569.3199646,False,True,False,False
1785278569.3343515,1785278569.3199646,False,True,False,False
1785278569.365001,1785278569.3493106,False,True,False,False
1785278569.365001,1785278569.3493106,False,True,False,False
1785278569.365001,1785278569.3493106,False,True,False,False
1785278569.365001,1785278569.3493106,False,True,False,False
1785278569.4035664,1785278569.390326,False,True,False,False
1785278569.4035664,1785278569.390326,False,True,False,False
1785278569.4035664,1785278569.390326,False,True,False,False
1785278569.4331717,1785278569.4196656,False,True,False,False
1785278569.4331717,1785278569.4196656,False,True,False,False
1785278569.4331717,1785278569.4196656,False,True,False,False
1785278569.4644952,1785278569.4493537,False,True,False,False
1785278569.4644952,1785278569.4493537,False,True,False,False
1785278569.4644952,1785278569.4493537,False,True,False,False
1785278569.49336,1785278569.4789202,False,False,False,False
1785278569.49336,1785278569.4789202,False,False,False,False
1785278569.49336,1785278569.4789202,False,False,False,False
1785278569.49336,1785278569.4789202,False,False,False,False
1785278569.49336,1785278569.4789202,False,False,False,False
1785278569.543304,1785278569.5310082,False,False,False,False
1785278569.543304,1785278569.5310082,False,False,False,False
1785278569.543304,1785278569.5310082,False,False,False,False
1785278569.5738332,1785278569.560378,True,False,False,False
1785278569.5738332,1785278569.560378,True,False,False,False
1785278569.5738332,1785278569.560378,True,False,False,False
1785278569.6045191,1785278569.590008,True,False,False,False
1785278569.6045191,1785278569.590008,True,False,False,False
1785278569.6045191,1785278569.590008,True,False,False,False
1785278569.6339707,1785278569.618876,True,False,False,False
1785278569.6339707,1785278569.618876,True,False,False,False
1785278569.6339707,1785278569.618876,True,False,False,False
1785278569.6641524,1785278569.6507647,True,False,False,False
1785278569.6641524,1785278569.6507647,True,False,False,False
1785278569.6641524,1785278569.6507647,True,False,False,False
1785278569.6959524,1785278569.679636,True,False,False,False
1785278569.6959524,1785278569.679636,True,False,False,False
1785278569.6959524,1785278569.679636,True,False,False,False
1785278569.7243042,1785278569.709201,True,False,False,False
1785278569.7243042,1785278569.709201,True,False,False,False
1785278569.7243042,1785278569.709201,True,False,False,False
1785278569.7243042,1785278569.709201,True,False,False,False
1785278569.764094,1785278569.7507086,True,False,False,False
1785278569.764094,1785278569.7507086,True,False,False,False
1785278569.764094,1785278569.7507086,True,False,False,False
1785278569.7935483,1785278569.7805169,True,False,False,False
1785278569.7935483,1785278569.7805169,True,False,False,False
1785278569.7935483,1785278569.7805169,True,False,False,False
1785278569.8237066,1785278569.8085034,True,False,False,False
1785278569.8237066,1785278569.8085034,True,False,False,False
1785278569.8237066,1785278569.8085034,True,False,False,False
1785278569.8542144,1785278569.840128,True,False,False,False
1785278569.8542144,1785278569.840128,True,False,False,False
1785278569.8542144,1785278569.840128,True,False,False,False
1785278569.8542144,1785278569.840128,True,False,False,False
1785278569.8542144,1785278569.840128,True,False,False,False
1785278569.9040291,1785278569.8910189,True,False,False,False
1785278569.9040291,1785278569.8910189,True,False,False,False
1785278569.9040291,1785278569.8910189,True,False,False,False
1785278569.9341648,1785278569.9200091,True,False,False,False
1785278569.9341648,1785278569.9200091,True,False,False,False
1785278569.9341648,1785278569.9200091,True,False,False,False
1785278569.9640512,1785278569.9490025,True,False,False,False
1785278569.9640512,1785278569.9490025,True,False,False,False
1785278569.9640512,1785278569.9490025,True,False,False,False
1785278569.9944463,1785278569.9805486,True,False,False,False
1785278569.9944463,1785278569.9805486,True,False,False,False
1785278569.9944463,1785278569.9805486,True,False,False,False
1785278570.0241704,1785278570.0101233,True,False,False,False
1785278570.0241704,1785278570.0101233,True,False,False,False
1785278570.0241704,1785278570.0101233,True,False,False,False
1785278570.0544477,1785278570.0398178,False,False,False,False
1785278570.0544477,1785278570.0398178,False,False,False,False
1785278570.0544477,1785278570.0398178,False,False,False,False
1785278570.0844448,1785278570.070725,False,False,False,False
1785278570.0844448,1785278570.070725,False,False,False,False
1785278570.0844448,1785278570.070725,False,False,False,False
1785278570.0844448,1785278570.070725,False,False,False,False
1785278570.1235213,1785278570.1109693,False,False,False,False
1785278570.1235213,1785278570.1109693,False,True,False,False
1785278570.1235213,1785278570.1109693,False,True,False,False
1785278570.1537523,1785278570.1390245,False,True,False,False
1785278570.1537523,1785278570.1390245,False,True,False,False
1785278570.1537523,1785278570.1390245,False,True,False,False
1785278570.1842124,1785278570.1697862,False,True,False,False
1785278570.1842124,1785278570.1697862,False,True,False,False
1785278570.1842124,1785278570.1697862,False,True,False,False
1785278570.2147481,1785278570.1996179,False,True,False,False
1785278570.2147481,1785278570.1996179,False,True,False,False
1785278570.2147481,1785278570.1996179,False,True,False,False
1785278570.2446542,1785278570.2309976,False,True,False,False
1785278570.2446542,1785278570.2309976,False,True,False,False
1785278570.2446542,1785278570.2309976,False,True,False,False
1785278570.2741396,1785278570.2609715,False,True,False,False
1785278570.2741396,1785278570.2609715,False,True,False,False
1785278570.2741396,1785278570.2609715,False,True,False,False
1785278570.2741396,1785278570.2609715,False,True,False,False
1785278570.3140202,1785278570.300738,False,True,False,False
1785278570.3140202,1785278570.300738,False,True,False,False
1785278570.3140202,1785278570.300738,False,True,False,False
1785278570.34351,1785278570.3303692,False,True,False,False
1785278570.34351,1785278570.3303692,False,True,False,False
1785278570.34351,1785278570.3303692,False,True,False,False
1785278570.34351,1785278570.3303692,False,True,False,False
1785278570.34351,1785278570.3303692,False,True,False,False
1785278570.34351,1785278570.3303692,False,True,False,False
1785278570.34351,1785278570.3303692,False,True,False,False
1785278570.34351,1785278570.3303692,False,True,False,False
1785278570.34351,1785278570.3303692,False,True,False,False
1785278570.34351,1785278570.3303692,False,True,False,False
1785278570.373764,1785278570.429313,False,True,False,False
1785278570.4336855,1785278570.4329047,False,True,False,False
1785278570.4336855,1785278570.4329047,False,True,False,False
1785278570.4336855,1785278570.4329047,False,True,False,False
1785278570.4841175,1785278570.4688327,False,True,False,False
1785278570.4841175,1785278570.4688327,False,True,False,False
1785278570.4841175,1785278570.4688327,False,True,False,False
1785278570.514574,1785278570.500275,False,True,False,False
1785278570.514574,1785278570.500275,False,True,False,False
1785278570.514574,1785278570.500275,False,True,False,False
1785278570.5437741,1785278570.529283,False,True,False,False
1785278570.5437741,1785278570.529283,False,True,False,False
1785278570.5437741,1785278570.529283,False,True,False,False
1785278570.5742438,1785278570.5609775,False,True,False,False
1785278570.5742438,1785278570.5609775,False,True,False,False
1785278570.5742438,1785278570.5609775,False,True,False,False
1785278570.6041481,1785278570.58987,False,False,False,False
1785278570.6041481,1785278570.58987,False,False,False,False
1785278570.6041481,1785278570.58987,False,False,False,False
1785278570.633927,1785278570.6195807,False,False,False,False
1785278570.633927,1785278570.6195807,False,False,False,False
1785278570.633927,1785278570.6195807,False,False,False,False
1785278570.6644628,1785278570.650408,True,False,False,False
1785278570.6644628,1785278570.650408,True,False,False,False
1785278570.6644628,1785278570.650408,True,False,False,False
1785278570.6644628,1785278570.650408,True,False,False,False
1785278570.7037687,1785278570.6902387,True,False,False,False
1785278570.7037687,1785278570.6902387,True,False,False,False
1785278570.7037687,1785278570.6902387,True,False,False,False
1785278570.734138,1785278570.7209883,True,False,False,False
1785278570.734138,1785278570.7209883,True,False,False,False
1785278570.734138,1785278570.7209883,True,False,False,False
1785278570.7651775,1785278570.7508523,True,False,False,False
1785278570.7651775,1785278570.7508523,True,False,False,False
1785278570.7651775,1785278570.7508523,True,False,False,False
1785278570.7941718,1785278570.7795687,True,False,False,False
1785278570.7941718,1785278570.7795687,True,False,False,False
1785278570.7941718,1785278570.7795687,True,False,False,False
1785278570.8240569,1785278570.8109546,True,False,False,False
1785278570.8240569,1785278570.8109546,True,False,False,False
1785278570.8240569,1785278570.8109546,True,False,False,False
1785278570.8541307,1785278570.839733,True,False,False,False
1785278570.8541307,1785278570.839733,True,False,False,False
1785278570.8541307,1785278570.839733,True,False,False,False
1785278570.8541307,1785278570.839733,True,False,False,False
1785278570.89312,1785278570.8809497,True,False,False,False
1785278570.89312,1785278570.8809497,True,False,False,False
1785278570.89312,1785278570.8809497,True,False,False,False
1785278570.9241605,1785278570.9099755,True,False,False,False
1785278570.9241605,1785278570.9099755,True,False,False,False
1785278570.9241605,1785278570.9099755,True,False,False,False
1785278570.9545267,1785278570.939921,True,False,False,False
1785278570.9545267,1785278570.939921,True,False,False,False
1785278570.9545267,1785278570.939921,True,False,False,False
1785278570.9842305,1785278570.9686275,True,False,False,False
1785278570.9842305,1785278570.9686275,True,False,False,False
1785278570.9842305,1785278570.9686275,True,False,False,False
1785278571.0145862,1785278571.0005417,True,False,False,False
1785278571.0145862,1785278571.0005417,True,False,False,False
1785278571.0145862,1785278571.0005417,True,False,False,False
1785278571.0437279,1785278571.0292058,True,False,False,False
1785278571.0437279,1785278571.0292058,True,False,False,False
1785278571.0437279,1785278571.0292058,True,False,False,False
1785278571.0741038,1785278571.0591638,True,False,False,False
1785278571.0741038,1785278571.0591638,True,False,False,False
1785278571.0741038,1785278571.0591638,True,False,False,False
1785278571.1041362,1785278571.0897336,True,False,False,False
1785278571.1041362,1785278571.0897336,True,False,False,False
1785278571.1041362,1785278571.0897336,True,False,False,False
1785278571.134058,1785278571.120246,True,False,False,False
1785278571.134058,1785278571.120246,True,False,False,False
1785278571.134058,1785278571.120246,True,False,False,False
1785278571.1645901,1785278571.1503644,True,False,False,False
1785278571.1645901,1785278571.1503644,True,False,False,False
1785278571.1645901,1785278571.1503644,True,False,False,False
1785278571.1944468,1785278571.180087,False,False,False,False
1785278571.1944468,1785278571.180087,False,False,False,False
1785278571.1944468,1785278571.180087,False,False,False,False
1785278571.1944468,1785278571.180087,False,False,False,False
1785278571.234378,1785278571.218793,False,True,False,False
1785278571.234378,1785278571.218793,False,True,False,False
1785278571.234378,1785278571.218793,False,True,False,False
1785278571.264167,1785278571.2504492,False,True,False,False
1785278571.264167,1785278571.2504492,False,True,False,False
1785278571.264167,1785278571.2504492,False,True,False,False
1785278571.2936327,1785278571.279521,False,True,False,False
1785278571.2936327,1785278571.279521,False,True,False,False
1785278571.2936327,1785278571.279521,False,True,False,False
1785278571.3236856,1785278571.310952,False,True,False,False
1785278571.3236856,1785278571.310952,False,True,False,False
1785278571.3236856,1785278571.310952,False,True,False,False
1785278571.3539717,1785278571.3398542,False,True,False,False
1785278571.3539717,1785278571.3398542,False,True,False,False
1785278571.3539717,1785278571.3398542,False,True,False,False
1785278571.3844104,1785278571.3709602,False,True,False,False
1785278571.3844104,1785278571.3709602,False,True,False,False
1785278571.3844104,1785278571.3709602,False,True,False,False
1785278571.4145021,1785278571.3988786,False,True,False,False
1785278571.4145021,1785278571.3988786,False,True,False,False
1785278571.4145021,1785278571.3988786,False,True,False,False
1785278571.4440181,1785278571.430292,False,True,False,False
1785278571.4440181,1785278571.430292,False,True,False,False
1785278571.4440181,1785278571.430292,False,True,False,False
1785278571.4440181,1785278571.430292,False,True,False,False
1785278571.4844172,1785278571.4692593,False,True,False,False
1785278571.4844172,1785278571.4692593,False,True,False,False
1785278571.4844172,1785278571.4692593,False,True,False,False
1785278571.5145423,1785278571.5009568,False,True,False,False
1785278571.5145423,1785278571.5009568,False,True,False,False
1785278571.5145423,1785278571.5009568,False,True,False,False
1785278571.5433776,1785278571.5309937,False,True,False,False
1785278571.5433776,1785278571.5309937,False,True,False,False
1785278571.5433776,1785278571.5309937,False,True,False,False
1785278571.5742395,1785278571.5609632,False,True,False,False
1785278571.5742395,1785278571.5609632,False,True,False,False
1785278571.5742395,1785278571.5609632,False,True,False,False
1785278571.6040173,1785278571.5898778,False,True,False,False
1785278571.6040173,1785278571.5898778,False,True,False,False
1785278571.6040173,1785278571.5898778,False,True,False,False
1785278571.6040173,1785278571.5898778,False,True,False,False
1785278571.6040173,1785278571.5898778,False,True,False,False
1785278571.6535223,1785278571.6409636,False,True,False,False
1785278571.6535223,1785278571.6409636,False,True,False,False
1785278571.6535223,1785278571.6409636,False,True,False,False
1785278571.6839898,1785278571.6701965,False,True,False,False
1785278571.6839898,1785278571.6701965,False,True,False,False
1785278571.6839898,1785278571.6701965,False,True,False,False
1785278571.7141082,1785278571.7004008,False,True,False,False
1785278571.7141082,1785278571.7004008,False,True,False,False
1785278571.7141082,1785278571.7004008,False,True,False,False
1785278571.7440565,1785278571.7285786,False,False,False,False
1785278571.7440565,1785278571.7285786,False,False,False,False
1785278571.7440565,1785278571.7285786,False,False,False,False
1785278571.7747216,1785278571.760947,False,False,False,False
1785278571.7747216,1785278571.760947,False,False,False,False
1785278571.7747216,1785278571.760947,False,False,False,False
1785278571.8044736,1785278571.7892458,True,False,False,False
1785278571.8044736,1785278571.7892458,True,False,False,False
1785278571.8044736,1785278571.7892458,True,False,False,False
1785278571.8044736,1785278571.7892458,True,False,False,False
1785278571.8436313,1785278571.8309047,True,False,False,False
1785278571.8436313,1785278571.8309047,True,False,False,False
1785278571.8436313,1785278571.8309047,True,False,False,False
1785278571.8736339,1785278571.860966,True,False,False,False
1785278571.8736339,1785278571.860966,True,False,False,False
1785278571.8736339,1785278571.860966,True,False,False,False
1785278571.904111,1785278571.8909512,True,False,False,False
1785278571.904111,1785278571.8909512,True,True,False,False
1785278571.904111,1785278571.8909512,True,True,False,False
1785278571.9336348,1785278571.9209485,True,True,False,False
1785278571.9336348,1785278571.9209485,True,False,False,False
1785278571.9336348,1785278571.9209485,True,False,False,False
1785278571.9637942,1785278571.9509752,True,False,False,False
1785278571.9637942,1785278571.9509752,True,False,False,False
1785278571.9637942,1785278571.9509752,True,False,False,False
1785278571.9943113,1785278571.979323,True,False,False,False
1785278571.9943113,1785278571.979323,True,False,False,False
1785278571.9943113,1785278571.979323,True,False,False,False
1785278572.024121,1785278572.0105247,True,False,False,False
1785278572.024121,1785278572.0105247,True,False,False,False
1785278572.024121,1785278572.0105247,True,False,False,False
1785278572.0545094,1785278572.0405824,True,False,False,False
1785278572.0545094,1785278572.0405824,True,False,False,False
1785278572.0545094,1785278572.0405824,True,False,False,False
1785278572.0843008,1785278572.070016,True,False,False,False
1785278572.0843008,1785278572.070016,True,False,False,False
1785278572.0843008,1785278572.070016,True,False,False,False
1785278572.1141841,1785278572.0997317,True,False,False,False
1785278572.1141841,1785278572.0997317,True,False,False,False
1785278572.1141841,1785278572.0997317,True,False,False,False
1785278572.1141841,1785278572.0997317,True,False,False,False
1785278572.154087,1785278572.1393235,True,False,False,False
1785278572.154087,1785278572.1393235,True,False,False,False
1785278572.154087,1785278572.1393235,True,False,False,False
1785278572.1842523,1785278572.1703248,True,False,False,False
1785278572.1842523,1785278572.1703248,True,False,False,False
1785278572.1842523,1785278572.1703248,True,False,False,False
1785278572.2141128,1785278572.1997747,True,False,False,False
1785278572.2141128,1785278572.1997747,True,False,False,False
1785278572.2141128,1785278572.1997747,True,False,False,False
1785278572.2437353,1785278572.2286322,True,False,False,False
1785278572.2437353,1785278572.2286322,True,False,False,False
1785278572.2437353,1785278572.2286322,True,False,False,False
1785278572.2734437,1785278572.260289,True,False,False,False
1785278572.2734437,1785278572.260289,True,False,False,False
1785278572.2734437,1785278572.260289,True,False,False,False
1785278572.2734437,1785278572.260289,True,False,False,False
1785278572.2734437,1785278572.260289,True,False,False,False
1785278572.3240855,1785278572.3109736,True,False,False,False
1785278572.3240855,1785278572.3109736,True,False,False,False
1785278572.3240855,1785278572.3109736,True,False,False,False
1785278572.3543184,1785278572.3403974,False,True,False,True
1785278572.3543184,1785278572.3403974,False,True,False,True
1785278572.3543184,1785278572.3403974,False,True,False,True
1785278572.3846908,1785278572.3697555,False,True,False,False
1785278572.3846908,1785278572.3697555,False,True,False,False
1785278572.3846908,1785278572.3697555,False,True,False,False
1785278572.4144773,1785278572.4009535,False,True,False,False
1785278572.4144773,1785278572.4009535,False,True,False,False
1785278572.4144773,1785278572.4009535,False,True,False,False
1785278572.444399,1785278572.4303572,False,True,False,False
1785278572.444399,1785278572.4303572,False,True,False,False
1785278572.444399,1785278572.4303572,False,True,False,False
1785278572.474162,1785278572.4592955,True,True,False,False
1785278572.474162,1785278572.4592955,True,True,False,False
1785278572.474162,1785278572.4592955,True,True,False,False
1785278572.504298,1785278572.4910219,True,True,False,False
1785278572.504298,1785278572.4910219,False,True,False,False
1785278572.504298,1785278572.4910219,False,True,False,False
1785278572.5349586,1785278572.5196986,False,True,False,False
1785278572.5349586,1785278572.5196986,False,True,False,False
1785278572.5349586,1785278572.5196986,False,True,False,False
1785278572.5349586,1785278572.5196986,False,True,False,False
1785278572.5742857,1785278572.5590951,False,True,False,False
1785278572.5742857,1785278572.5590951,False,True,False,False
1785278572.5742857,1785278572.5590951,False,True,False,False
1785278572.6040664,1785278572.590065,False,True,False,False
1785278572.6040664,1785278572.590065,False,True,False,False
1785278572.6040664,1785278572.590065,False,True,False,False
1785278572.633623,1785278572.6197782,False,True,False,False
1785278572.633623,1785278572.6197782,False,True,False,False
1785278572.633623,1785278572.6197782,False,True,False,False
1785278572.6644213,1785278572.6486864,False,True,False,False
1785278572.6644213,1785278572.6486864,False,True,False,False
1785278572.6644213,1785278572.6486864,False,True,False,False
1785278572.6644213,1785278572.6486864,False,True,False,False
1785278572.6644213,1785278572.6486864,False,True,False,False
1785278572.7137768,1785278572.700952,False,True,False,False
1785278572.7137768,1785278572.700952,False,True,False,False
1785278572.7137768,1785278572.700952,False,True,False,False
1785278572.7442381,1785278572.7307389,False,True,False,False
1785278572.7442381,1785278572.7307389,False,True,False,False
1785278572.7442381,1785278572.7307389,False,True,False,False
1785278572.7734137,1785278572.7609081,False,True,False,False
1785278572.7734137,1785278572.7609081,False,True,False,False
1785278572.7734137,1785278572.7609081,False,True,False,False
1785278572.8048303,1785278572.7909496,False,True,False,False
1785278572.8048303,1785278572.7909496,False,True,False,False
1785278572.8048303,1785278572.7909496,False,True,False,False
1785278572.8048303,1785278572.7909496,False,True,False,False
1785278572.8048303,1785278572.7909496,False,True,False,False
1785278572.8543503,1785278572.8405683,False,True,False,False
1785278572.8543503,1785278572.8405683,False,True,False,False
1785278572.8543503,1785278572.8405683,False,True,False,False
1785278572.884387,1785278572.870245,False,True,False,False
1785278572.884387,1785278572.870245,False,True,False,False
1785278572.884387,1785278572.870245,False,True,False,False
1785278572.9143918,1785278572.90095,False,True,False,False
1785278572.9143918,1785278572.90095,True,True,False,False
1785278572.9143918,1785278572.90095,True,True,False,False
1785278572.9143918,1785278572.90095,True,True,False,False
1785278572.9537938,1785278572.9409785,True,True,False,False
1785278572.9537938,1785278572.9409785,True,False,False,False
1785278572.9537938,1785278572.9409785,True,False,False,False
1785278572.9537938,1785278572.9409785,True,False,False,False
1785278572.9933014,1785278572.9807937,True,False,False,False
1785278572.9933014,1785278572.9807937,True,False,False,False
1785278572.9933014,1785278572.9807937,True,False,False,False
1785278573.0243032,1785278573.010503,True,True,False,False
1785278573.0243032,1785278573.010503,True,True,False,False
1785278573.0243032,1785278573.010503,True,True,False,False
1785278573.0243032,1785278573.010503,True,True,False,False
1785278573.0243032,1785278573.010503,True,True,False,False
1785278573.0735204,1785278573.0609536,True,True,False,False
1785278573.0735204,1785278573.0609536,True,False,False,False
1785278573.0735204,1785278573.0609536,True,False,False,False
1785278573.104476,1785278573.0902066,True,False,False,False
1785278573.104476,1785278573.0902066,True,False,False,False
1785278573.104476,1785278573.0902066,True,False,False,False
1785278573.13427,1785278573.1198828,True,False,False,False
1785278573.13427,1785278573.1198828,True,False,False,False
1785278573.13427,1785278573.1198828,True,False,False,False
1785278573.164334,1785278573.150691,True,False,False,False
1785278573.164334,1785278573.150691,True,False,False,False
1785278573.164334,1785278573.150691,True,False,False,False
1785278573.164334,1785278573.150691,True,False,False,False
1785278573.164334,1785278573.150691,True,False,False,False
1785278573.2146294,1785278573.2009487,True,False,False,False
1785278573.2146294,1785278573.2009487,True,False,False,False
1785278573.2146294,1785278573.2009487,True,False,False,False
1785278573.2440577,1785278573.2289846,True,False,False,False
1785278573.2440577,1785278573.2289846,True,False,False,False
1785278573.2440577,1785278573.2289846,True,False,False,False
1785278573.2743413,1785278573.2607105,True,False,False,False
1785278573.2743413,1785278573.2607105,True,False,False,False
1785278573.2743413,1785278573.2607105,True,False,False,False
1785278573.3048398,1785278573.2895234,True,False,False,False
1785278573.3048398,1785278573.2895234,True,False,False,False
1785278573.3048398,1785278573.2895234,True,False,False,False
1785278573.3346176,1785278573.3195732,True,False,False,False
1785278573.3346176,1785278573.3195732,True,False,False,False
1785278573.3346176,1785278573.3195732,True,False,False,False
1785278573.3643334,1785278573.3500578,True,False,False,False
1785278573.3643334,1785278573.3500578,True,False,False,False
1785278573.3643334,1785278573.3500578,True,False,False,False
1785278573.3643334,1785278573.3500578,True,False,False,False
1785278573.4033625,1785278573.3908653,True,False,False,False
1785278573.4033625,1785278573.3908653,True,False,False,False
1785278573.4033625,1785278573.3908653,True,False,False,False
1785278573.4341676,1785278573.4203515,True,False,False,False
1785278573.4341676,1785278573.4203515,True,False,False,False
1785278573.4341676,1785278573.4203515,True,False,False,False
1785278573.4644294,1785278573.4502032,True,False,False,False
1785278573.4644294,1785278573.4502032,True,False,False,False
1785278573.4644294,1785278573.4502032,True,False,False,False
1785278573.4941444,1785278573.4791389,False,True,False,True
1785278573.4941444,1785278573.4791389,False,True,False,True
1785278573.4941444,1785278573.4791389,False,True,False,True
1785278573.4941444,1785278573.4791389,False,True,False,True
1785278573.4941444,1785278573.4791389,False,True,False,True
1785278573.543962,1785278573.5303912,False,True,False,False
1785278573.543962,1785278573.5303912,False,True,False,False
1785278573.543962,1785278573.5303912,False,True,False,False
1785278573.5736277,1785278573.5591393,False,True,False,False
1785278573.5736277,1785278573.5591393,False,True,False,False
1785278573.5736277,1785278573.5591393,False,True,False,False
1785278573.603825,1785278573.5907636,False,True,False,False
1785278573.603825,1785278573.5907636,False,True,False,False
1785278573.603825,1785278573.5907636,False,True,False,False
1785278573.6352565,1785278573.6199546,False,True,False,False
1785278573.6352565,1785278573.6199546,False,True,False,False
1785278573.6352565,1785278573.6199546,False,True,False,False
1785278573.6637838,1785278573.6489086,False,True,False,False
1785278573.6637838,1785278573.6489086,False,True,False,False
1785278573.6637838,1785278573.6489086,False,True,False,False
1785278573.694247,1785278573.680902,False,True,False,False
1785278573.694247,1785278573.680902,False,True,False,False
1785278573.694247,1785278573.680902,False,True,False,False
1785278573.724086,1785278573.7109566,False,True,False,False
1785278573.724086,1785278573.7109566,False,True,False,False
1785278573.724086,1785278573.7109566,False,True,False,False
1785278573.724086,1785278573.7109566,False,True,False,False
1785278573.763636,1785278573.7505488,False,True,False,False
1785278573.763636,1785278573.7505488,False,True,False,False
1785278573.763636,1785278573.7505488,False,True,False,False
1785278573.7933643,1785278573.7804525,False,True,False,False
1785278573.7933643,1785278573.7804525,False,True,False,False
1785278573.7933643,1785278573.7804525,False,True,False,False
1785278573.823467,1785278573.810951,False,True,False,False
1785278573.823467,1785278573.810951,False,True,False,False
1785278573.823467,1785278573.810951,False,True,False,False
1785278573.854313,1785278573.8409505,False,True,False,False
1785278573.854313,1785278573.8409505,False,True,False,False
1785278573.854313,1785278573.8409505,False,True,False,False
1785278573.883638,1785278573.8695786,False,True,False,False
1785278573.883638,1785278573.8695786,False,True,False,False
1785278573.883638,1785278573.8695786,False,True,False,False
1785278573.9141195,1785278573.900962,False,True,False,False
1785278573.9141195,1785278573.900962,False,True,False,False
1785278573.9141195,1785278573.900962,False,True,False,False
1785278573.9441793,1785278573.9309492,False,True,False,False
1785278573.9441793,1785278573.9309492,False,True,False,False
1785278573.9441793,1785278573.9309492,False,True,False,False
1785278573.9743345,1785278573.9609492,False,True,False,False
1785278573.9743345,1785278573.9609492,False,True,False,False
1785278573.9743345,1785278573.9609492,False,True,False,False
1785278574.0042472,1785278573.9909904,False,True,False,False
1785278574.0042472,1785278573.9909904,False,True,False,False
1785278574.0042472,1785278573.9909904,False,True,False,False
1785278574.0042472,1785278573.9909904,False,True,False,False
1785278574.0438206,1785278574.030288,False,False,False,False
1785278574.0438206,1785278574.030288,False,False,False,False
1785278574.0438206,1785278574.030288,False,False,False,False
1785278574.0748196,1785278574.0598853,True,False,False,False
1785278574.0748196,1785278574.0598853,True,False,False,False
1785278574.0748196,1785278574.0598853,True,False,False,False
1785278574.1043358,1785278574.0909026,True,False,False,False
1785278574.1043358,1785278574.0909026,True,False,False,False
1785278574.1043358,1785278574.0909026,True,False,False,False
1785278574.1341853,1785278574.1196783,True,False,False,False
1785278574.1341853,1785278574.1196783,True,False,False,False
1785278574.1341853,1785278574.1196783,True,False,False,False
1785278574.16479,1785278574.150074,True,False,False,False
1785278574.16479,1785278574.150074,True,False,False,False
1785278574.16479,1785278574.150074,True,False,False,False
1785278574.1940308,1785278574.1802115,True,False,False,False
1785278574.1940308,1785278574.1802115,True,False,False,False
1785278574.1940308,1785278574.1802115,True,False,False,False
1785278574.224107,1785278574.2101517,True,False,False,False
1785278574.224107,1785278574.2101517,True,False,False,False
1785278574.224107,1785278574.2101517,True,False,False,False
1785278574.2544546,1785278574.2408187,True,False,False,False
1785278574.2544546,1785278574.2408187,True,False,False,False
1785278574.2544546,1785278574.2408187,True,False,False,False
1785278574.2544546,1785278574.2408187,True,False,False,False
1785278574.2943032,1785278574.2803802,True,False,False,False
1785278574.2943032,1785278574.2803802,True,False,False,False
1785278574.2943032,1785278574.2803802,True,False,False,False
1785278574.3244283,1785278574.3092325,True,False,False,False
1785278574.3244283,1785278574.3092325,True,False,False,False
1785278574.3244283,1785278574.3092325,True,False,False,False
1785278574.354211,1785278574.3409743,True,False,False,False
1785278574.354211,1785278574.3409743,True,False,False,False
1785278574.354211,1785278574.3409743,True,False,False,False
1785278574.354211,1785278574.3409743,True,False,False,False
1785278574.354211,1785278574.3409743,True,False,False,False
1785278574.4040875,1785278574.3896494,True,False,False,False
1785278574.4040875,1785278574.3896494,True,False,False,False
1785278574.4040875,1785278574.3896494,True,False,False,False
1785278574.4334052,1785278574.4208803,True,False,False,False
1785278574.4334052,1785278574.4208803,True,False,False,False
1785278574.4334052,1785278574.4208803,True,False,False,False
1785278574.4646032,1785278574.4497871,True,False,False,False
1785278574.4646032,1785278574.4497871,True,False,False,False
1785278574.4646032,1785278574.4497871,True,False,False,False
1785278574.4942555,1785278574.480969,True,False,False,False
1785278574.4942555,1785278574.480969,True,False,False,False
1785278574.4942555,1785278574.480969,True,False,False,False
1785278574.5245352,1785278574.5107694,True,False,False,False
1785278574.5245352,1785278574.5107694,True,False,False,False
1785278574.5245352,1785278574.5107694,True,False,False,False
1785278574.5245352,1785278574.5107694,True,False,False,False
1785278574.5245352,1785278574.5107694,True,False,False,False
1785278574.5735414,1785278574.560985,True,False,False,False
1785278574.5735414,1785278574.560985,True,False,False,False
1785278574.5735414,1785278574.560985,True,False,False,False
1785278574.6035595,1785278574.5904958,True,False,False,False
1785278574.6035595,1785278574.5904958,True,False,False,False
1785278574.6035595,1785278574.5904958,True,False,False,False
1785278574.6339228,1785278574.6203318,False,True,False,False
1785278574.6339228,1785278574.6203318,False,True,False,False
1785278574.6339228,1785278574.6203318,False,True,False,False
1785278574.6634355,1785278574.6509597,False,True,False,False
1785278574.6634355,1785278574.6509597,False,True,False,False
1785278574.6634355,1785278574.6509597,False,True,False,False
1785278574.6942685,1785278574.6807694,False,True,False,False
1785278574.6942685,1785278574.6807694,False,True,False,False
1785278574.6942685,1785278574.6807694,False,True,False,False
1785278574.6942685,1785278574.6807694,False,True,False,False
1785278574.6942685,1785278574.6807694,False,True,False,False
1785278574.7442122,1785278574.7309477,False,True,False,False
1785278574.7442122,1785278574.7309477,False,True,False,False
1785278574.7442122,1785278574.7309477,False,True,False,False
1785278574.7737439,1785278574.760969,False,True,False,False
1785278574.7737439,1785278574.760969,False,True,False,False
1785278574.7737439,1785278574.760969,False,True,False,False
1785278574.8041313,1785278574.7909963,False,True,False,False
1785278574.8041313,1785278574.7909963,False,True,False,False
1785278574.8041313,1785278574.7909963,False,True,False,False
1785278574.8041313,1785278574.7909963,False,True,False,False
1785278574.8041313,1785278574.7909963,False,True,False,False
1785278574.8544087,1785278574.8409555,False,True,False,False
1785278574.8544087,1785278574.8409555,False,True,False,False
1785278574.8544087,1785278574.8409555,False,True,False,False
1785278574.8847866,1785278574.8709602,False,True,False,False
1785278574.8847866,1785278574.8709602,False,True,False,False
1785278574.8847866,1785278574.8709602,False,True,False,False
1785278574.9147,1785278574.9009607,False,True,False,False
1785278574.9147,1785278574.9009607,False,True,False,False
1785278574.9147,1785278574.9009607,False,True,False,False
1785278574.9455655,1785278574.9304266,False,True,False,False
1785278574.9455655,1785278574.9304266,False,True,False,False
1785278574.9455655,1785278574.9304266,False,True,False,False
1785278574.974102,1785278574.9608114,False,True,False,False
1785278574.974102,1785278574.9608114,False,True,False,False
1785278574.974102,1785278574.9608114,False,True,False,False
1785278575.0045893,1785278574.9909515,False,True,False,False
1785278575.0045893,1785278574.9909515,False,True,False,False
1785278575.0045893,1785278574.9909515,False,True,False,False
1785278575.0045893,1785278574.9909515,False,True,False,False
1785278575.0431817,1785278575.0300894,False,True,False,False
1785278575.0431817,1785278575.0300894,False,True,False,False
1785278575.0431817,1785278575.0300894,False,True,False,False
1785278575.0734117,1785278575.0595896,False,True,False,False
1785278575.0734117,1785278575.0595896,False,True,False,False
1785278575.0734117,1785278575.0595896,False,True,False,False
1785278575.1040094,1785278575.0909512,False,True,False,False
1785278575.1040094,1785278575.0909512,False,True,False,False
1785278575.1040094,1785278575.0909512,False,True,False,False
1785278575.1344683,1785278575.12022,False,True,False,False
1785278575.1344683,1785278575.12022,False,True,False,False
1785278575.1344683,1785278575.12022,False,True,False,False
1785278575.1344683,1785278575.12022,False,True,False,False
1785278575.1344683,1785278575.12022,False,True,False,False
1785278575.1836748,1785278575.1709528,False,True,False,False
1785278575.1836748,1785278575.1709528,True,True,False,False
1785278575.1836748,1785278575.1709528,True,True,False,False
1785278575.2146013,1785278575.199902,True,False,False,False
1785278575.2146013,1785278575.199902,True,False,False,False
1785278575.2146013,1785278575.199902,True,False,False,False
1785278575.2435763,1785278575.2309556,True,False,False,False
1785278575.2435763,1785278575.2309556,True,False,False,False
1785278575.2435763,1785278575.2309556,True,False,False,False
1785278575.274161,1785278575.260993,True,False,False,False
1785278575.274161,1785278575.260993,True,False,False,False
1785278575.274161,1785278575.260993,True,False,False,False
1785278575.274161,1785278575.260993,True,False,False,False
1785278575.274161,1785278575.260993,True,False,False,False
1785278575.3238997,1785278575.3109603,True,False,False,False
1785278575.3238997,1785278575.3109603,True,False,False,False
1785278575.3238997,1785278575.3109603,True,False,False,False
1785278575.3542717,1785278575.3409612,True,False,False,False
1785278575.3542717,1785278575.3409612,True,False,False,False
1785278575.3542717,1785278575.3409612,True,False,False,False
1785278575.3856523,1785278575.3702586,True,False,False,False
1785278575.3856523,1785278575.3702586,True,False,False,False
1785278575.3856523,1785278575.3702586,True,False,False,False
1785278575.413889,1785278575.4009519,True,False,False,False
1785278575.413889,1785278575.4009519,True,False,False,False
1785278575.413889,1785278575.4009519,True,False,False,False
1785278575.413889,1785278575.4009519,True,False,False,False
1785278575.413889,1785278575.4009519,True,False,False,False
1785278575.4640043,1785278575.4509637,True,False,False,False
1785278575.4640043,1785278575.4509637,True,False,False,False
1785278575.4640043,1785278575.4509637,True,False,False,False
1785278575.49428,1785278575.4809926,True,False,False,False
1785278575.49428,1785278575.4809926,True,False,False,False
1785278575.49428,1785278575.4809926,True,False,False,False
1785278575.5240836,1785278575.510962,True,False,False,False
1785278575.5240836,1785278575.510962,True,False,False,False
1785278575.5240836,1785278575.510962,True,False,False,False
1785278575.5240836,1785278575.510962,True,False,False,False
1785278575.5240836,1785278575.510962,True,False,False,False
1785278575.5746565,1785278575.5609615,True,False,False,False
1785278575.5746565,1785278575.5609615,True,False,False,False
1785278575.5746565,1785278575.5609615,True,False,False,False
1785278575.6040854,1785278575.5907385,True,False,False,False
1785278575.6040854,1785278575.5907385,True,False,False,False
1785278575.6040854,1785278575.5907385,True,False,False,False
1785278575.6341724,1785278575.6204255,True,False,False,False
1785278575.6341724,1785278575.6204255,True,False,False,False
1785278575.6341724,1785278575.6204255,True,False,False,False
1785278575.66404,1785278575.6493285,True,False,False,False
1785278575.66404,1785278575.6493285,True,False,False,False
1785278575.66404,1785278575.6493285,True,False,False,False
1785278575.6941683,1785278575.6809592,True,False,False,False
1785278575.6941683,1785278575.6809592,True,False,False,False
1785278575.6941683,1785278575.6809592,True,False,False,False
1785278575.72456,1785278575.7097616,False,False,False,False
1785278575.72456,1785278575.7097616,False,False,False,False
1785278575.72456,1785278575.7097616,False,False,False,False
1785278575.7545154,1785278575.7409737,False,False,False,False
1785278575.7545154,1785278575.7409737,False,True,False,False
1785278575.7545154,1785278575.7409737,False,True,False,False
1785278575.7846625,1785278575.770416,False,True,False,False
1785278575.7846625,1785278575.770416,False,True,False,False
1785278575.7846625,1785278575.770416,False,True,False,False
1785278575.7846625,1785278575.770416,False,True,False,False
1785278575.8240354,1785278575.8100178,False,True,False,False
1785278575.8240354,1785278575.8100178,False,True,False,False
1785278575.8240354,1785278575.8100178,False,True,False,False
1785278575.8541691,1785278575.840757,False,True,False,False
1785278575.8541691,1785278575.840757,False,True,False,False
1785278575.8541691,1785278575.840757,False,True,False,False
1785278575.883942,1785278575.870517,True,True,False,False
1785278575.883942,1785278575.870517,True,True,False,False
1785278575.883942,1785278575.870517,True,True,False,False
1785278575.914626,1785278575.900959,True,True,False,False
1785278575.914626,1785278575.900959,False,True,False,False
1785278575.914626,1785278575.900959,False,True,False,False
1785278575.9440231,1785278575.9309494,False,True,False,False
1785278575.9440231,1785278575.9309494,False,True,False,False
1785278575.9440231,1785278575.9309494,False,True,False,False
1785278575.9744205,1785278575.9598281,False,True,False,False
1785278575.9744205,1785278575.9598281,False,True,False,False
1785278575.9744205,1785278575.9598281,False,True,False,False
1785278575.9744205,1785278575.9598281,False,True,False,False
1785278575.9744205,1785278575.9598281,False,True,False,False
1785278576.0235295,1785278576.010954,False,True,False,False
1785278576.0235295,1785278576.010954,False,True,False,False
1785278576.0235295,1785278576.010954,False,True,False,False
1785278576.0543566,1785278576.040354,False,True,False,False
1785278576.0543566,1785278576.040354,False,True,False,False
1785278576.0543566,1785278576.040354,False,True,False,False
1785278576.0841727,1785278576.070962,False,True,False,False
1785278576.0841727,1785278576.070962,False,True,False,False
1785278576.0841727,1785278576.070962,False,True,False,False
1785278576.1139681,1785278576.1006453,False,True,False,False
1785278576.1139681,1785278576.1006453,False,True,False,False
1785278576.1139681,1785278576.1006453,False,True,False,False
1785278576.1442752,1785278576.1306322,False,True,False,False
1785278576.1442752,1785278576.1306322,False,True,False,False
1785278576.1442752,1785278576.1306322,False,True,False,False
1785278576.1743941,1785278576.1609526,False,True,False,False
1785278576.1743941,1785278576.1609526,False,True,False,False
1785278576.1743941,1785278576.1609526,False,True,False,False
1785278576.2045765,1785278576.1907866,False,True,False,False
1785278576.2045765,1785278576.1907866,False,True,False,False
1785278576.2045765,1785278576.1907866,False,True,False,False
1785278576.2045765,1785278576.1907866,False,True,False,False
1785278576.2439325,1785278576.2309475,False,True,False,False
1785278576.2439325,1785278576.2309475,False,True,False,False
1785278576.2439325,1785278576.2309475,False,True,False,False
1785278576.2743425,1785278576.2609499,False,True,False,False
1785278576.2743425,1785278576.2609499,False,False,False,False
1785278576.2743425,1785278576.2609499,False,False,False,False
1785278576.3041582,1785278576.2900305,True,False,True,False
1785278576.3041582,1785278576.2900305,True,False,True,False
1785278576.3041582,1785278576.2900305,True,False,True,False
1785278576.3342996,1785278576.3209531,True,False,True,False
1785278576.3342996,1785278576.3209531,True,False,False,False
1785278576.3342996,1785278576.3209531,True,False,False,False
1785278576.3653417,1785278576.3505776,True,False,False,False
1785278576.3653417,1785278576.3505776,True,False,False,False
1785278576.3653417,1785278576.3505776,True,False,False,False
1785278576.394507,1785278576.3803406,True,False,False,False
1785278576.394507,1785278576.3803406,True,False,False,False
1785278576.394507,1785278576.3803406,True,False,False,False
1785278576.4241755,1785278576.4109542,True,False,False,False
1785278576.4241755,1785278576.4109542,True,False,False,False
1785278576.4241755,1785278576.4109542,True,False,False,False
1785278576.4541907,1785278576.4408748,True,False,False,False
1785278576.4541907,1785278576.4408748,True,False,False,False
1785278576.4541907,1785278576.4408748,True,False,False,False
1785278576.4541907,1785278576.4408748,True,False,False,False
1785278576.4935806,1785278576.4809794,True,False,False,False
1785278576.4935806,1785278576.4809794,True,False,False,False
1785278576.4935806,1785278576.4809794,True,False,False,False
1785278576.524177,1785278576.510967,True,False,False,False
1785278576.524177,1785278576.510967,True,False,False,False
1785278576.524177,1785278576.510967,True,False,False,False
1785278576.5542526,1785278576.5402842,True,False,False,False
1785278576.5542526,1785278576.5402842,True,False,False,False
1785278576.5542526,1785278576.5402842,True,False,False,False
1785278576.5851293,1785278576.5709715,True,False,False,False
1785278576.5851293,1785278576.5709715,True,False,False,False
1785278576.5851293,1785278576.5709715,True,False,False,False
1785278576.6144009,1785278576.600906,True,False,False,False
1785278576.6144009,1785278576.600906,True,False,False,False
1785278576.6144009,1785278576.600906,True,False,False,False
1785278576.6444602,1785278576.6305127,True,False,False,False
1785278576.6444602,1785278576.6305127,True,False,False,False
1785278576.6444602,1785278576.6305127,True,False,False,False
1785278576.6744351,1785278576.6609588,True,False,False,False
1785278576.6744351,1785278576.6609588,True,False,False,False
1785278576.6744351,1785278576.6609588,True,False,False,False
1785278576.6744351,1785278576.6609588,True,False,False,False
1785278576.713828,1785278576.7007754,True,False,False,False
1785278576.713828,1785278576.7007754,True,False,False,False
1785278576.713828,1785278576.7007754,True,False,False,False
1785278576.7440932,1785278576.7294972,True,False,False,False
1785278576.7440932,1785278576.7294972,True,False,False,False
1785278576.7440932,1785278576.7294972,True,False,False,False
1785278576.7740211,1785278576.760947,True,False,False,False
1785278576.7740211,1785278576.760947,True,False,False,False
1785278576.7740211,1785278576.760947,True,False,False,False
1785278576.7740211,1785278576.760947,True,False,False,False
1785278576.7740211,1785278576.760947,True,False,False,False
1785278576.8236241,1785278576.810483,False,False,False,False
1785278576.8236241,1785278576.810483,False,False,False,False
1785278576.8236241,1785278576.810483,False,False,False,False
1785278576.854218,1785278576.8409853,False,False,False,False
1785278576.854218,1785278576.8409853,False,False,False,False
1785278576.854218,1785278576.8409853,False,False,False,False
1785278576.8842762,1785278576.8701513,False,True,False,True
1785278576.8842762,1785278576.8701513,False,True,False,True
1785278576.8842762,1785278576.8701513,False,True,False,True
1785278576.9157076,1785278576.9010117,False,True,False,True
1785278576.9157076,1785278576.9010117,False,True,False,False
1785278576.9157076,1785278576.9010117,False,True,False,False
1785278576.9448466,1785278576.9307933,False,True,False,False
1785278576.9448466,1785278576.9307933,False,True,False,False
1785278576.9448466,1785278576.9307933,False,True,False,False
1785278576.974061,1785278576.960726,False,True,False,False
1785278576.974061,1785278576.960726,False,True,False,False
1785278576.974061,1785278576.960726,False,True,False,False
1785278577.0043635,1785278576.9909632,False,True,False,False
1785278577.0043635,1785278576.9909632,False,True,False,False
1785278577.0043635,1785278576.9909632,False,True,False,False
1785278577.0346081,1785278577.0209513,False,True,False,False
1785278577.0346081,1785278577.0209513,False,True,False,False
1785278577.0346081,1785278577.0209513,False,True,False,False
1785278577.0346081,1785278577.0209513,False,True,False,False
1785278577.073535,1785278577.0604954,False,True,False,False
1785278577.073535,1785278577.0604954,False,True,False,False
1785278577.073535,1785278577.0604954,False,True,False,False
1785278577.104455,1785278577.0909617,False,True,False,False
1785278577.104455,1785278577.0909617,False,True,False,False
1785278577.104455,1785278577.0909617,False,True,False,False
1785278577.135206,1785278577.1208146,False,True,False,False
1785278577.135206,1785278577.1208146,False,True,False,False
1785278577.135206,1785278577.1208146,False,True,False,False
1785278577.1641517,1785278577.1509576,False,True,False,False
1785278577.1641517,1785278577.1509576,False,True,False,False
1785278577.1641517,1785278577.1509576,False,True,False,False
1785278577.1942623,1785278577.180948,False,True,False,False
1785278577.1942623,1785278577.180948,False,True,False,False
1785278577.1942623,1785278577.180948,False,True,False,False
1785278577.2237213,1785278577.2109485,False,True,False,False
1785278577.2237213,1785278577.2109485,False,True,False,False
1785278577.2237213,1785278577.2109485,False,True,False,False
1785278577.2237213,1785278577.2109485,False,True,False,False
1785278577.2237213,1785278577.2109485,False,True,False,False
1785278577.2743838,1785278577.2609463,False,True,False,False
1785278577.2743838,1785278577.2609463,False,True,False,False
1785278577.2743838,1785278577.2609463,False,True,False,False
1785278577.303705,1785278577.2902017,False,True,False,False
1785278577.303705,1785278577.2902017,False,True,False,False
1785278577.303705,1785278577.2902017,False,True,False,False
1785278577.3341005,1785278577.319888,False,True,False,False
1785278577.3341005,1785278577.319888,False,True,False,False
1785278577.3341005,1785278577.319888,False,True,False,False
1785278577.3647137,1785278577.350794,False,True,False,False
1785278577.3647137,1785278577.350794,False,True,False,False
1785278577.3647137,1785278577.350794,False,True,False,False
1785278577.394012,1785278577.38055,False,False,False,False
1785278577.394012,1785278577.38055,False,False,False,False
1785278577.394012,1785278577.38055,False,False,False,False
1785278577.4244397,1785278577.410961,False,False,False,False
1785278577.4244397,1785278577.410961,False,False,False,False
1785278577.4244397,1785278577.410961,False,False,False,False
1785278577.4542341,1785278577.4409578,False,False,False,False
1785278577.4542341,1785278577.4409578,True,False,False,False
1785278577.4542341,1785278577.4409578,True,False,False,False
1785278577.4542341,1785278577.4409578,True,False,False,False
1785278577.4932888,1785278577.4798164,True,False,False,False
1785278577.4932888,1785278577.4798164,True,False,False,False
1785278577.4932888,1785278577.4798164,True,False,False,False
1785278577.5242202,1785278577.510954,True,False,False,False
1785278577.5242202,1785278577.510954,True,False,False,False
1785278577.5242202,1785278577.510954,True,False,False,False
1785278577.5542572,1785278577.54095,True,False,False,False
1785278577.5542572,1785278577.54095,True,False,False,False
1785278577.5542572,1785278577.54095,True,False,False,False
1785278577.5843072,1785278577.57099,True,False,False,False
1785278577.5843072,1785278577.57099,True,False,False,False
1785278577.5843072,1785278577.57099,True,False,False,False
1785278577.6144822,1785278577.6008244,True,False,False,False
1785278577.6144822,1785278577.6008244,True,False,False,False
1785278577.6144822,1785278577.6008244,True,False,False,False
1785278577.6144822,1785278577.6008244,True,False,False,False
1785278577.6144822,1785278577.6008244,True,False,False,False
1785278577.6638849,1785278577.650959,True,False,False,False
1785278577.6638849,1785278577.650959,True,False,False,False
1785278577.6638849,1785278577.650959,True,False,False,False
1785278577.6941907,1785278577.680943,True,False,False,False
1785278577.6941907,1785278577.680943,True,False,False,False
1785278577.6941907,1785278577.680943,True,False,False,False
1785278577.7241518,1785278577.7105472,True,False,False,False
1785278577.7241518,1785278577.7105472,True,False,False,False
1785278577.7241518,1785278577.7105472,True,False,False,False
1785278577.7241518,1785278577.7105472,True,False,False,False
1785278577.7241518,1785278577.7105472,True,False,False,False
1785278577.7744246,1785278577.7609575,True,False,False,False
1785278577.7744246,1785278577.7609575,True,False,False,False
1785278577.7744246,1785278577.7609575,True,False,False,False
1785278577.8039746,1785278577.7902956,True,False,False,False
1785278577.8039746,1785278577.7902956,True,False,False,False
1785278577.8039746,1785278577.7902956,True,False,False,False
1785278577.834234,1785278577.8209484,True,False,False,False
1785278577.834234,1785278577.8209484,True,False,False,False
1785278577.834234,1785278577.8209484,True,False,False,False
1785278577.8642974,1785278577.8508477,True,False,False,False
1785278577.8642974,1785278577.8508477,True,False,False,False
1785278577.8642974,1785278577.8508477,True,False,False,False
1785278577.8642974,1785278577.8508477,True,False,False,False
1785278577.8642974,1785278577.8508477,True,False,False,False
1785278577.9147515,1785278577.900967,True,False,False,False
1785278577.9147515,1785278577.900967,True,False,False,False
1785278577.9147515,1785278577.900967,True,False,False,False
1785278577.9441717,1785278577.9309604,True,False,False,False
1785278577.9441717,1785278577.9309604,False,False,False,False
1785278577.9441717,1785278577.9309604,False,False,False,False
1785278577.9743383,1785278577.960654,False,False,False,False
1785278577.9743383,1785278577.960654,False,False,False,False
1785278577.9743383,1785278577.960654,False,False,False,False
1785278577.9743383,1785278577.960654,False,False,False,False
1785278577.9743383,1785278577.960654,False,False,False,False
1785278578.024173,1785278578.010989,False,False,False,False
1785278578.024173,1785278578.010989,False,True,False,False
1785278578.024173,1785278578.010989,False,True,False,False
1785278578.0541503,1785278578.040291,False,True,False,False
1785278578.0541503,1785278578.040291,False,True,False,False
1785278578.0541503,1785278578.040291,False,True,False,False
1785278578.0838203,1785278578.0709686,False,True,False,False
1785278578.0838203,1785278578.0709686,False,True,False,False
1785278578.0838203,1785278578.0709686,False,True,False,False
1785278578.1152735,1785278578.1008444,False,True,False,False
1785278578.1152735,1785278578.1008444,False,True,False,False
1785278578.1152735,1785278578.1008444,False,True,False,False
1785278578.1444175,1785278578.1309478,False,True,False,False
1785278578.1444175,1785278578.1309478,False,True,False,False
1785278578.1444175,1785278578.1309478,False,True,False,False
1785278578.1743793,1785278578.1609485,False,True,False,False
1785278578.1743793,1785278578.1609485,False,True,False,False
1785278578.1743793,1785278578.1609485,False,True,False,False
1785278578.2042682,1785278578.190947,False,True,False,False
1785278578.2042682,1785278578.190947,False,True,False,False
1785278578.2042682,1785278578.190947,False,True,False,False
1785278578.2042682,1785278578.190947,False,True,False,False
1785278578.2441187,1785278578.2298758,False,True,False,False
1785278578.2441187,1785278578.2298758,False,True,False,False
1785278578.2441187,1785278578.2298758,False,True,False,False
1785278578.2741618,1785278578.260972,False,True,False,False
1785278578.2741618,1785278578.260972,False,True,False,False
1785278578.2741618,1785278578.260972,False,True,False,False
1785278578.3041482,1785278578.290307,False,True,False,False
1785278578.3041482,1785278578.290307,False,True,False,False
1785278578.3041482,1785278578.290307,False,True,False,False
1785278578.3351896,1785278578.3209505,False,True,False,False
1785278578.3351896,1785278578.3209505,False,True,False,False
1785278578.3351896,1785278578.3209505,False,True,False,False
1785278578.364424,1785278578.3509493,False,True,False,False
1785278578.364424,1785278578.3509493,False,True,False,False
1785278578.364424,1785278578.3509493,False,True,False,False
1785278578.3941724,1785278578.380569,False,True,False,False
1785278578.3941724,1785278578.380569,False,True,False,False
1785278578.3941724,1785278578.380569,False,True,False,False
1785278578.4243624,1785278578.410953,False,True,False,False
1785278578.4243624,1785278578.410953,False,True,False,False
1785278578.4243624,1785278578.410953,False,True,False,False
1785278578.4243624,1785278578.410953,False,True,False,False
1785278578.4243624,1785278578.410953,False,True,False,False
1785278578.4740324,1785278578.4608035,False,False,False,False
1785278578.4740324,1785278578.4608035,False,False,False,False
1785278578.4740324,1785278578.4608035,False,False,False,False
1785278578.504161,1785278578.4909813,False,False,False,False
1785278578.504161,1785278578.4909813,False,False,False,False
1785278578.504161,1785278578.4909813,False,False,False,False
1785278578.5346622,1785278578.520963,False,False,False,False
1785278578.5346622,1785278578.520963,False,False,False,False
1785278578.5346622,1785278578.520963,False,False,False,False
1785278578.5644884,1785278578.5509536,False,False,False,False
1785278578.5644884,1785278578.5509536,True,False,False,False
1785278578.5644884,1785278578.5509536,True,False,False,False
1785278578.594217,1785278578.5809617,True,False,False,False
1785278578.594217,1785278578.5809617,True,False,False,False
1785278578.594217,1785278578.5809617,True,False,False,False
1785278578.6246297,1785278578.610618,True,False,False,False
1785278578.6246297,1785278578.610618,True,False,False,False
1785278578.6246297,1785278578.610618,True,False,False,False
1785278578.654054,1785278578.640963,True,False,False,False
1785278578.654054,1785278578.640963,True,False,False,False
1785278578.654054,1785278578.640963,True,False,False,False
1785278578.654054,1785278578.640963,True,False,False,False
1785278578.6937947,1785278578.6809616,True,False,False,False
1785278578.6937947,1785278578.6809616,True,False,False,False
1785278578.6937947,1785278578.6809616,True,False,False,False
1785278578.7236776,1785278578.7109492,True,False,False,False
1785278578.7236776,1785278578.7109492,True,False,False,False
1785278578.7236776,1785278578.7109492,True,False,False,False
1785278578.7542198,1785278578.7409482,True,False,False,False
1785278578.7542198,1785278578.7409482,True,False,False,False
1785278578.7542198,1785278578.7409482,True,False,False,False
1785278578.7837877,1785278578.7709477,True,False,False,False
1785278578.7837877,1785278578.7709477,True,False,False,False
1785278578.7837877,1785278578.7709477,True,False,False,False
1785278578.8142054,1785278578.8002036,True,False,False,False
1785278578.8142054,1785278578.8002036,True,False,False,False
1785278578.8142054,1785278578.8002036,True,False,False,False
1785278578.8443139,1785278578.8309464,True,False,False,False
1785278578.8443139,1785278578.8309464,True,False,False,False
1785278578.8443139,1785278578.8309464,True,False,False,False
1785278578.87424,1785278578.8609743,True,False,False,False
1785278578.87424,1785278578.8609743,True,False,False,False
1785278578.87424,1785278578.8609743,True,False,False,False
1785278578.87424,1785278578.8609743,True,False,False,False
1785278578.9137275,1785278578.9009671,True,False,False,False
1785278578.9137275,1785278578.9009671,True,False,False,False
1785278578.9137275,1785278578.9009671,True,False,False,False
1785278578.9442432,1785278578.9309638,True,False,False,False
1785278578.9442432,1785278578.9309638,True,False,False,False
1785278578.9442432,1785278578.9309638,True,False,False,False
1785278578.97407,1785278578.9609497,True,False,False,False
1785278578.97407,1785278578.9609497,True,False,False,False
1785278578.97407,1785278578.9609497,True,False,False,False
1785278579.004587,1785278578.9909585,True,False,False,False
1785278579.004587,1785278578.9909585,False,False,False,False
1785278579.004587,1785278578.9909585,False,False,False,False
1785278579.03425,1785278579.020963,False,False,False,False
1785278579.03425,1785278579.020963,False,False,False,False
1785278579.03425,1785278579.020963,False,False,False,False
1785278579.064649,1785278579.0509627,False,False,False,False
1785278579.064649,1785278579.0509627,False,False,False,False
1785278579.064649,1785278579.0509627,False,False,False,False
1785278579.0943606,1785278579.0809488,False,False,False,False
1785278579.0943606,1785278579.0809488,False,False,False,False
1785278579.0943606,1785278579.0809488,False,False,False,False
1785278579.0943606,1785278579.0809488,False,False,False,False
1785278579.1344392,1785278579.1205494,False,True,False,False
1785278579.1344392,1785278579.1205494,False,True,False,False
1785278579.1344392,1785278579.1205494,False,True,False,False
1785278579.1640983,1785278579.1509502,False,True,False,False
1785278579.1640983,1785278579.1509502,False,True,False,False
1785278579.1640983,1785278579.1509502,False,True,False,False
1785278579.1934721,1785278579.1809487,False,True,False,False
1785278579.1934721,1785278579.1809487,False,True,False,False
1785278579.1934721,1785278579.1809487,False,True,False,False
1785278579.2242038,1785278579.2109494,False,True,False,False
1785278579.2242038,1785278579.2109494,False,True,False,False
1785278579.2242038,1785278579.2109494,False,True,False,False
1785278579.2242038,1785278579.2109494,False,True,False,False
1785278579.2242038,1785278579.2109494,False,True,False,False
1785278579.2738554,1785278579.2609658,False,True,False,False
1785278579.2738554,1785278579.2609658,True,True,False,False
1785278579.2738554,1785278579.2609658,True,True,False,False
1785278579.3044667,1785278579.290948,True,True,False,False
1785278579.3044667,1785278579.290948,False,True,False,False
1785278579.3044667,1785278579.290948,False,True,False,False
1785278579.3346128,1785278579.320956,False,True,False,False
1785278579.3346128,1785278579.320956,False,True,False,False
1785278579.3346128,1785278579.320956,False,True,False,False
1785278579.364446,1785278579.3509488,False,True,False,False
1785278579.364446,1785278579.3509488,False,True,False,False
1785278579.364446,1785278579.3509488,False,True,False,False
1785278579.364446,1785278579.3509488,False,True,False,False
1785278579.364446,1785278579.3509488,False,True,False,False
1785278579.4135025,1785278579.4009721,False,True,False,False
1785278579.4135025,1785278579.4009721,False,True,False,False
1785278579.4135025,1785278579.4009721,False,True,False,False
1785278579.4441738,1785278579.4309525,False,True,False,False
1785278579.4441738,1785278579.4309525,False,True,False,False
1785278579.4441738,1785278579.4309525,False,True,False,False
1785278579.474167,1785278579.4609637,False,True,False,False
1785278579.474167,1785278579.4609637,False,True,False,False
1785278579.474167,1785278579.4609637,False,True,False,False
1785278579.5045173,1785278579.4909503,False,True,False,False
1785278579.5045173,1785278579.4909503,False,True,False,False
1785278579.5045173,1785278579.4909503,False,True,False,False
1785278579.5045173,1785278579.4909503,False,True,False,False
1785278579.5045173,1785278579.4909503,False,True,False,False
1785278579.5541515,1785278579.5409665,False,True,False,False
1785278579.5541515,1785278579.5409665,False,False,False,False
1785278579.5541515,1785278579.5409665,False,False,False,False
1785278579.5836627,1785278579.570954,False,False,False,False
1785278579.5836627,1785278579.570954,False,False,False,False
1785278579.5836627,1785278579.570954,False,False,False,False
1785278579.6141915,1785278579.6009521,False,False,False,False
1785278579.6141915,1785278579.6009521,False,False,False,False
1785278579.6141915,1785278579.6009521,False,False,False,False
1785278579.644349,1785278579.6304207,False,False,False,False
1785278579.644349,1785278579.6304207,False,False,False,False
1785278579.644349,1785278579.6304207,False,False,False,False
1785278579.644349,1785278579.6304207,False,False,False,False
1785278579.644349,1785278579.6304207,False,False,False,False
1785278579.69452,1785278579.680963,False,False,False,False
1785278579.69452,1785278579.680963,True,False,False,False
1785278579.69452,1785278579.680963,True,False,False,False
1785278579.7243218,1785278579.7107046,True,False,False,False
1785278579.7243218,1785278579.7107046,True,False,False,False
1785278579.7243218,1785278579.7107046,True,False,False,False
1785278579.7544699,1785278579.740949,True,False,False,False
1785278579.7544699,1785278579.740949,True,False,False,False
1785278579.7544699,1785278579.740949,True,False,False,False
1785278579.7842462,1785278579.770948,True,False,False,False
1785278579.7842462,1785278579.770948,True,False,False,False
1785278579.7842462,1785278579.770948,True,False,False,False
1785278579.7842462,1785278579.770948,True,False,False,False
1785278579.7842462,1785278579.770948,True,False,False,False
1785278579.834079,1785278579.8209481,True,False,False,False
1785278579.834079,1785278579.8209481,True,False,False,False
1785278579.834079,1785278579.8209481,True,False,False,False
1785278579.8645067,1785278579.850946,True,False,False,False
1785278579.8645067,1785278579.850946,True,False,False,False
1785278579.8645067,1785278579.850946,True,False,False,False
1785278579.8936286,1785278579.8809342,True,False,False,False
1785278579.8936286,1785278579.8809342,True,False,False,False
1785278579.8936286,1785278579.8809342,True,False,False,False
1785278579.9240704,1785278579.91098,True,False,False,False
1785278579.9240704,1785278579.91098,True,False,False,False
1785278579.9240704,1785278579.91098,True,False,False,False
1785278579.9240704,1785278579.91098,True,False,False,False
1785278579.9240704,1785278579.91098,True,False,False,False
1785278579.9750109,1785278579.9609697,True,False,False,False
1785278579.9750109,1785278579.9609697,True,False,False,False
1785278579.9750109,1785278579.9609697,True,False,False,False
1785278580.004306,1785278579.9909523,True,False,False,False
1785278580.004306,1785278579.9909523,True,False,False,False
1785278580.004306,1785278579.9909523,True,False,False,False
1785278580.0343447,1785278580.020982,True,False,False,False
1785278580.0343447,1785278580.020982,True,False,False,False
1785278580.0343447,1785278580.020982,True,False,False,False
1785278580.0642178,1785278580.0505483,True,False,False,False
1785278580.0642178,1785278580.0505483,True,False,False,False
1785278580.0642178,1785278580.0505483,True,False,False,False
1785278580.0938432,1785278580.080955,True,False,False,False
1785278580.0938432,1785278580.080955,False,False,False,False
1785278580.0938432,1785278580.080955,False,False,False,False
1785278580.1244118,1785278580.110959,False,False,False,False
1785278580.1244118,1785278580.110959,False,False,False,False
1785278580.1244118,1785278580.110959,False,False,False,False
1785278580.1244118,1785278580.110959,False,False,False,False
1785278580.1244118,1785278580.110959,False,False,False,False
1785278580.174618,1785278580.1609497,False,False,False,False
1785278580.174618,1785278580.1609497,False,False,False,False
1785278580.174618,1785278580.1609497,False,False,False,False
1785278580.2046678,1785278580.1909487,False,False,False,False
1785278580.2046678,1785278580.1909487,False,False,False,False
1785278580.2046678,1785278580.1909487,False,False,False,False
1785278580.2341025,1785278580.2209547,False,False,False,False
1785278580.2341025,1785278580.2209547,False,False,False,False
1785278580.2341025,1785278580.2209547,False,False,False,False
1785278580.264207,1785278580.2509568,False,False,False,False
1785278580.264207,1785278580.2509568,False,True,False,True
1785278580.264207,1785278580.2509568,False,True,False,True
1785278580.2941673,1785278580.280994,False,True,False,True
1785278580.2941673,1785278580.280994,False,True,False,False
1785278580.2941673,1785278580.280994,False,True,False,False
1785278580.3240523,1785278580.3102286,False,True,False,False
1785278580.3240523,1785278580.3102286,False,True,False,False
1785278580.3240523,1785278580.3102286,False,True,False,False
1785278580.354624,1785278580.3409512,False,True,False,False
1785278580.354624,1785278580.3409512,False,True,False,False
1785278580.354624,1785278580.3409512,False,True,False,False
1785278580.3844635,1785278580.370836,False,True,False,False
1785278580.3844635,1785278580.370836,False,True,False,False
1785278580.3844635,1785278580.370836,False,True,False,False
1785278580.3844635,1785278580.370836,False,True,False,False
1785278580.4242547,1785278580.4109685,False,True,False,False
1785278580.4242547,1785278580.4109685,False,True,False,False
1785278580.4242547,1785278580.4109685,False,True,False,False
1785278580.4542131,1785278580.4409645,False,True,False,False
1785278580.4542131,1785278580.4409645,False,True,False,False
1785278580.4542131,1785278580.4409645,False,True,False,False
1785278580.4846575,1785278580.4709604,False,True,False,False
1785278580.4846575,1785278580.4709604,False,True,False,False
1785278580.4846575,1785278580.4709604,False,True,False,False
1785278580.5141065,1785278580.5009475,False,True,False,False
1785278580.5141065,1785278580.5009475,False,True,False,False
1785278580.5141065,1785278580.5009475,False,True,False,False
1785278580.5446272,1785278580.530966,False,True,False,False
1785278580.5446272,1785278580.530966,False,True,False,False
1785278580.5446272,1785278580.530966,False,True,False,False
1785278580.5744708,1785278580.5603664,False,True,False,False
1785278580.5744708,1785278580.5603664,False,True,False,False
1785278580.5744708,1785278580.5603664,False,True,False,False
1785278580.6045415,1785278580.5909548,False,True,False,False
1785278580.6045415,1785278580.5909548,False,True,False,False
1785278580.6045415,1785278580.5909548,False,True,False,False
1785278580.6045415,1785278580.5909548,False,True,False,False
1785278580.6443276,1785278580.6304975,False,False,False,False
1785278580.6443276,1785278580.6304975,False,False,False,False
1785278580.6443276,1785278580.6304975,False,False,False,False
1785278580.67408,1785278580.660987,False,False,False,False
1785278580.67408,1785278580.660987,False,False,False,False
1785278580.67408,1785278580.660987,False,False,False,False
1785278580.7037084,1785278580.6909635,False,False,False,False
1785278580.7037084,1785278580.6909635,False,False,False,False
1785278580.7037084,1785278580.6909635,False,False,False,False
1785278580.7354555,1785278580.7209516,False,False,False,False
1785278580.7354555,1785278580.7209516,False,False,False,False
1785278580.7354555,1785278580.7209516,False,False,False,False
1785278580.7645235,1785278580.7509632,False,False,False,False
1785278580.7645235,1785278580.7509632,False,False,False,False
1785278580.7645235,1785278580.7509632,False,False,False,False
1785278580.7939274,1785278580.7809477,False,False,False,False
1785278580.7939274,1785278580.7809477,False,False,False,False
1785278580.7939274,1785278580.7809477,False,False,False,False
1785278580.8241513,1785278580.81095,False,False,False,False
1785278580.8241513,1785278580.81095,True,False,True,False
1785278580.8241513,1785278580.81095,True,False,True,False
1785278580.854936,1785278580.8409464,True,False,True,False
1785278580.854936,1785278580.8409464,True,False,False,False
1785278580.854936,1785278580.8409464,True,False,False,False
1785278580.8836257,1785278580.8709514,True,False,False,False
1785278580.8836257,1785278580.8709514,True,False,False,False
1785278580.8836257,1785278580.8709514,True,False,False,False
1785278580.8836257,1785278580.8709514,True,False,False,False
1785278580.923541,1785278580.910989,True,False,False,False
1785278580.923541,1785278580.910989,True,False,False,False
1785278580.923541,1785278580.910989,True,False,False,False
1785278580.9542005,1785278580.9409697,True,False,False,False
1785278580.9542005,1785278580.9409697,True,False,False,False
1785278580.9542005,1785278580.9409697,True,False,False,False
1785278580.9835052,1785278580.970949,True,False,False,False
1785278580.9835052,1785278580.970949,True,False,False,False
1785278580.9835052,1785278580.970949,True,False,False,False
1785278581.0143945,1785278581.0009613,True,False,False,False
1785278581.0143945,1785278581.0009613,True,False,False,False
1785278581.0143945,1785278581.0009613,True,False,False,False
1785278581.0436933,1785278581.0309653,True,False,False,False
1785278581.0436933,1785278581.0309653,True,False,False,False
1785278581.0436933,1785278581.0309653,True,False,False,False
1785278581.074226,1785278581.060978,True,False,False,False
1785278581.074226,1785278581.060978,True,False,False,False
1785278581.074226,1785278581.060978,True,False,False,False
1785278581.1044655,1785278581.0909684,True,False,False,False
1785278581.1044655,1785278581.0909684,True,False,False,False
1785278581.1044655,1785278581.0909684,True,False,False,False
1785278581.1343348,1785278581.120955,True,False,False,False
1785278581.1343348,1785278581.120955,True,False,False,False
1785278581.1343348,1785278581.120955,True,False,False,False
1785278581.1343348,1785278581.120955,True,False,False,False
1785278581.1731744,1785278581.160972,True,False,False,False
1785278581.1731744,1785278581.160972,True,False,False,False
1785278581.1731744,1785278581.160972,True,False,False,False
1785278581.1731744,1785278581.160972,True,False,False,False
1785278581.2142658,1785278581.2009635,True,False,False,False
1785278581.2142658,1785278581.2009635,False,False,False,False
1785278581.2142658,1785278581.2009635,False,False,False,False
1785278581.2439501,1785278581.2309694,False,False,False,False
1785278581.2439501,1785278581.2309694,False,False,False,False
1785278581.2439501,1785278581.2309694,False,False,False,False
1785278581.274179,1785278581.2609515,False,False,False,False
1785278581.274179,1785278581.2609515,False,False,False,False
1785278581.274179,1785278581.2609515,False,False,False,False
1785278581.304415,1785278581.290949,False,False,False,False
1785278581.304415,1785278581.290949,False,False,False,False
1785278581.304415,1785278581.290949,False,False,False,False
1785278581.304415,1785278581.290949,False,False,False,False
1785278581.3440843,1785278581.3309715,False,False,False,False
1785278581.3440843,1785278581.3309715,False,False,False,False
1785278581.3440843,1785278581.3309715,False,False,False,False
1785278581.374292,1785278581.3609712,False,False,False,False
1785278581.374292,1785278581.3609712,False,False,False,False
1785278581.374292,1785278581.3609712,False,False,False,False
1785278581.404151,1785278581.3906932,False,True,False,False
1785278581.404151,1785278581.3906932,False,True,False,False
1785278581.404151,1785278581.3906932,False,True,False,False
1785278581.4341638,1785278581.4209707,False,True,False,False
1785278581.4341638,1785278581.4209707,False,True,False,False
1785278581.4341638,1785278581.4209707,False,True,False,False
1785278581.4634933,1785278581.4509537,False,True,False,False
1785278581.4634933,1785278581.4509537,False,True,False,False
1785278581.4634933,1785278581.4509537,False,True,False,False
1785278581.4941993,1785278581.4809618,False,True,False,False
1785278581.4941993,1785278581.4809618,False,True,False,False
1785278581.4941993,1785278581.4809618,False,True,False,False
1785278581.5242734,1785278581.5109599,False,True,False,False
1785278581.5242734,1785278581.5109599,True,True,False,False
1785278581.5242734,1785278581.5109599,True,True,False,False
1785278581.554406,1785278581.5409784,True,True,False,False
1785278581.554406,1785278581.5409784,False,True,False,False
1785278581.554406,1785278581.5409784,False,True,False,False
1785278581.5840228,1785278581.5702188,False,True,False,False
1785278581.5840228,1785278581.5702188,False,True,False,False
1785278581.5840228,1785278581.5702188,False,True,False,False
1785278581.5840228,1785278581.5702188,False,True,False,False
1785278581.6244063,1785278581.6109967,False,True,False,False
1785278581.6244063,1785278581.6109967,False,True,False,False
1785278581.6244063,1785278581.6109967,False,True,False,False
1785278581.6543524,1785278581.6406167,False,True,False,False
1785278581.6543524,1785278581.6406167,False,True,False,False
1785278581.6543524,1785278581.6406167,False,True,False,False
1785278581.68343,1785278581.6709514,False,True,False,False
1785278581.6942217,1785278581.680965,False,True,False,False
1785278581.6942217,1785278581.680965,False,True,False,False
1785278581.6942217,1785278581.680965,False,True,False,False
1785278581.6942217,1785278581.680965,False,True,False,False
1785278581.7342088,1785278581.7207189,False,True,False,False
1785278581.7342088,1785278581.7207189,False,True,False,False
1785278581.7342088,1785278581.7207189,False,True,False,False
1785278581.7636073,1785278581.75096,False,True,False,False
1785278581.7636073,1785278581.75096,False,True,False,False
1785278581.7636073,1785278581.75096,False,True,False,False
1785278581.7942784,1785278581.7809515,False,True,False,False
1785278581.7942784,1785278581.7809515,False,False,False,False
1785278581.7942784,1785278581.7809515,False,False,False,False
1785278581.823458,1785278581.8110003,False,False,False,False
1785278581.823458,1785278581.8110003,False,False,False,False
1785278581.823458,1785278581.8110003,False,False,False,False
1785278581.8542035,1785278581.8409672,False,False,False,False
1785278581.8542035,1785278581.8409672,False,False,False,False
1785278581.8542035,1785278581.8409672,False,False,False,False
1785278581.8839948,1785278581.870952,False,False,False,False
1785278581.8839948,1785278581.870952,False,False,False,False
1785278581.8839948,1785278581.870952,False,False,False,False
1785278581.9142404,1785278581.900638,False,False,False,False
1785278581.9142404,1785278581.900638,False,False,False,False
1785278581.9142404,1785278581.900638,False,False,False,False
1785278581.9142404,1785278581.900638,False,False,False,False
1785278581.9546127,1785278581.9409702,False,False,False,False
1785278581.9546127,1785278581.9409702,True,False,False,False
1785278581.9546127,1785278581.9409702,True,False,False,False
1785278581.9841514,1785278581.9707437,True,False,False,False
1785278581.9841514,1785278581.9707437,True,False,False,False
1785278581.9841514,1785278581.9707437,True,False,False,False
1785278582.0145056,1785278582.000973,True,False,False,False
1785278582.0145056,1785278582.000973,True,False,False,False
1785278582.0145056,1785278582.000973,True,False,False,False
1785278582.0435092,1785278582.0309489,True,False,False,False
1785278582.0435092,1785278582.0309489,True,False,False,False
1785278582.0435092,1785278582.0309489,True,False,False,False
1785278582.0736983,1785278582.0606904,True,False,False,False
1785278582.0736983,1785278582.0606904,True,False,False,False
1785278582.0736983,1785278582.0606904,True,False,False,False
1785278582.1043775,1785278582.090974,True,False,False,False
1785278582.1043775,1785278582.090974,True,False,False,False
1785278582.1043775,1785278582.090974,True,False,False,False
1785278582.1341941,1785278582.1209514,True,False,False,False
1785278582.1341941,1785278582.1209514,True,False,False,False
1785278582.1341941,1785278582.1209514,True,False,False,False
1785278582.1651545,1785278582.1509697,True,False,False,False
1785278582.1651545,1785278582.1509697,True,False,False,False
1785278582.1651545,1785278582.1509697,True,False,False,False
1785278582.1651545,1785278582.1509697,True,False,False,False
1785278582.2042804,1785278582.1909692,True,False,False,False
1785278582.2042804,1785278582.1909692,True,False,False,False
1785278582.2042804,1785278582.1909692,True,False,False,False
1785278582.2341623,1785278582.2209616,True,False,False,False
1785278582.2341623,1785278582.2209616,True,False,False,False
1785278582.2341623,1785278582.2209616,True,False,False,False
1785278582.2655394,1785278582.250954,True,False,False,False
1785278582.2655394,1785278582.250954,True,False,False,False
1785278582.2655394,1785278582.250954,True,False,False,False
1785278582.2942424,1785278582.2809496,True,False,False,False
1785278582.2942424,1785278582.2809496,True,False,False,False
1785278582.2942424,1785278582.2809496,True,False,False,False
1785278582.3242867,1785278582.310981,True,False,False,False
1785278582.3242867,1785278582.310981,False,False,False,False
1785278582.3242867,1785278582.310981,False,False,False,False
1785278582.3242867,1785278582.310981,False,False,False,False
1785278582.3242867,1785278582.310981,False,False,False,False
1785278582.3740156,1785278582.3609524,False,False,False,False
1785278582.3740156,1785278582.3609524,False,False,False,False
1785278582.3740156,1785278582.3609524,False,False,False,False
1785278582.403629,1785278582.3909624,False,False,False,False
1785278582.403629,1785278582.3909624,False,False,False,False
1785278582.403629,1785278582.3909624,False,False,False,False
1785278582.4341135,1785278582.4209514,False,False,False,False
1785278582.4341135,1785278582.4209514,False,False,False,False
1785278582.4341135,1785278582.4209514,False,False,False,False
1785278582.4644587,1785278582.450951,False,False,False,False
1785278582.4644587,1785278582.450951,False,False,False,False
1785278582.4644587,1785278582.450951,False,False,False,False
1785278582.4940984,1785278582.480954,False,False,False,False
1785278582.4940984,1785278582.480954,False,False,False,False
1785278582.4940984,1785278582.480954,False,False,False,False
1785278582.524328,1785278582.5109642,False,False,False,False
1785278582.524328,1785278582.5109642,False,True,False,True
1785278582.524328,1785278582.5109642,False,True,False,True
1785278582.554657,1785278582.5409486,False,True,False,True
1785278582.554657,1785278582.5409486,False,True,False,False
1785278582.554657,1785278582.5409486,False,True,False,False
1785278582.5852215,1785278582.5709822,False,True,False,False
1785278582.5852215,1785278582.5709822,False,True,False,False
1785278582.5852215,1785278582.5709822,False,True,False,False
1785278582.5852215,1785278582.5709822,False,True,False,False
1785278582.6240304,1785278582.6109695,False,True,False,False
1785278582.6240304,1785278582.6109695,False,True,False,False
1785278582.6240304,1785278582.6109695,False,True,False,False
1785278582.6547353,1785278582.6409774,False,True,False,False
1785278582.6547353,1785278582.6409774,True,True,False,False
1785278582.6547353,1785278582.6409774,True,True,False,False
1785278582.6844985,1785278582.6709518,True,True,False,False
1785278582.6844985,1785278582.6709518,False,True,False,False
1785278582.6844985,1785278582.6709518,False,True,False,False
1785278582.715538,1785278582.7009494,False,True,False,False
1785278582.715538,1785278582.7009494,False,True,False,False
1785278582.715538,1785278582.7009494,False,True,False,False
1785278582.7436414,1785278582.7309601,False,True,False,False
1785278582.7436414,1785278582.7309601,False,True,False,False
1785278582.7436414,1785278582.7309601,False,True,False,False
1785278582.7742538,1785278582.7609491,False,True,False,False
1785278582.7742538,1785278582.7609491,False,True,False,False
1785278582.7742538,1785278582.7609491,False,True,False,False
1785278582.8043141,1785278582.7909513,False,True,False,False
1785278582.8043141,1785278582.7909513,False,True,False,False
1785278582.8043141,1785278582.7909513,False,True,False,False
1785278582.8043141,1785278582.7909513,False,True,False,False
1785278582.8434453,1785278582.8309784,False,True,False,False
1785278582.8434453,1785278582.8309784,False,True,False,False
1785278582.8434453,1785278582.8309784,False,True,False,False
1785278582.873524,1785278582.8609521,False,True,False,False
1785278582.873524,1785278582.8609521,False,False,False,False
1785278582.873524,1785278582.8609521,False,False,False,False
1785278582.9044828,1785278582.8907654,False,False,False,False
1785278582.9044828,1785278582.8907654,False,False,False,False
1785278582.9044828,1785278582.8907654,False,False,False,False
1785278582.935082,1785278582.9209485,False,False,False,False
1785278582.935082,1785278582.9209485,False,False,False,False
1785278582.935082,1785278582.9209485,False,False,False,False
1785278582.964492,1785278582.9509497,False,False,False,False
1785278582.964492,1785278582.9509497,False,False,False,False
1785278582.964492,1785278582.9509497,False,False,False,False
1785278582.9932816,1785278582.981035,False,False,False,False
1785278582.9932816,1785278582.981035,False,False,False,False
1785278582.9932816,1785278582.981035,False,False,False,False
1785278583.0245662,1785278583.0109742,False,False,False,False
1785278583.0245662,1785278583.0109742,False,False,False,False
1785278583.0245662,1785278583.0109742,False,False,False,False
1785278583.0543766,1785278583.040952,False,False,False,False
1785278583.0543766,1785278583.040952,False,False,False,False
1785278583.0543766,1785278583.040952,False,False,False,False
1785278583.0848238,1785278583.0709906,False,False,False,False
1785278583.0848238,1785278583.0709906,True,False,False,False
1785278583.0848238,1785278583.0709906,True,False,False,False
1785278583.1144116,1785278583.1010005,True,False,False,False
1785278583.1144116,1785278583.1010005,True,False,False,False
1785278583.1144116,1785278583.1010005,True,False,False,False
1785278583.1144116,1785278583.1010005,True,False,False,False
1785278583.1542652,1785278583.1409829,True,False,False,False
1785278583.1542652,1785278583.1409829,True,False,False,False
1785278583.1542652,1785278583.1409829,True,False,False,False
1785278583.1844623,1785278583.1709733,True,False,False,False
1785278583.1844623,1785278583.1709733,True,False,False,False
1785278583.1844623,1785278583.1709733,True,False,False,False
1785278583.2141554,1785278583.2009518,True,False,False,False
1785278583.2141554,1785278583.2009518,True,False,False,False
1785278583.2141554,1785278583.2009518,True,False,False,False
1785278583.2434487,1785278583.2309494,True,False,False,False
1785278583.2434487,1785278583.2309494,True,False,False,False
1785278583.2434487,1785278583.2309494,True,False,False,False
1785278583.2745616,1785278583.2609468,True,False,False,False
1785278583.2745616,1785278583.2609468,True,False,False,False
1785278583.2745616,1785278583.2609468,True,False,False,False
1785278583.304468,1785278583.2909477,True,False,False,False
1785278583.304468,1785278583.2909477,True,False,False,False
1785278583.304468,1785278583.2909477,True,False,False,False
1785278583.334134,1785278583.3205287,True,False,False,False
1785278583.334134,1785278583.3205287,True,False,False,False
1785278583.334134,1785278583.3205287,True,False,False,False
1785278583.3652582,1785278583.350978,True,False,False,False
1785278583.3652582,1785278583.350978,True,False,False,False
1785278583.3652582,1785278583.350978,True,False,False,False
1785278583.3652582,1785278583.350978,True,False,False,False
1785278583.4042122,1785278583.3909752,True,False,False,False
1785278583.4042122,1785278583.3909752,True,False,False,False
1785278583.4042122,1785278583.3909752,True,False,False,False
1785278583.4333446,1785278583.4209611,True,False,False,False
1785278583.4333446,1785278583.4209611,False,False,False,False
1785278583.4333446,1785278583.4209611,False,False,False,False
1785278583.464274,1785278583.4509482,False,False,False,False
1785278583.464274,1785278583.4509482,False,False,False,False
1785278583.464274,1785278583.4509482,False,False,False,False
1785278583.493256,1785278583.480948,False,False,False,False
1785278583.493256,1785278583.480948,False,False,False,False
1785278583.493256,1785278583.480948,False,False,False,False
1785278583.523766,1785278583.510947,False,False,False,False
1785278583.523766,1785278583.510947,False,False,False,False
1785278583.523766,1785278583.510947,False,False,False,False
1785278583.5543866,1785278583.5409632,False,False,False,False
1785278583.5543866,1785278583.5409632,False,False,False,False
1785278583.5543866,1785278583.5409632,False,False,False,False
1785278583.5852,1785278583.5709693,False,False,False,False
1785278583.5852,1785278583.5709693,False,False,False,False
1785278583.5852,1785278583.5709693,False,False,False,False
1785278583.614403,1785278583.6009703,False,False,False,False
1785278583.614403,1785278583.6009703,False,True,False,True
1785278583.614403,1785278583.6009703,False,True,False,True
1785278583.614403,1785278583.6009703,False,True,False,True
1785278583.6541026,1785278583.6409657,False,True,False,True
1785278583.6541026,1785278583.6409657,False,True,False,False
1785278583.6541026,1785278583.6409657,False,True,False,False
1785278583.6845055,1785278583.6709633,False,True,False,False
1785278583.6845055,1785278583.6709633,False,True,False,False
1785278583.6845055,1785278583.6709633,False,True,False,False
1785278583.714084,1785278583.7009504,False,True,False,False
1785278583.714084,1785278583.7009504,False,True,False,False
1785278583.714084,1785278583.7009504,False,True,False,False
1785278583.7437313,1785278583.7307663,False,True,False,False
1785278583.7437313,1785278583.7307663,False,True,False,False
1785278583.7437313,1785278583.7307663,False,True,False,False
1785278583.7741003,1785278583.7609446,False,True,False,False
1785278583.7741003,1785278583.7609446,False,True,False,False
1785278583.7741003,1785278583.7609446,False,True,False,False
1785278583.804819,1785278583.7909434,False,True,False,False
1785278583.804819,1785278583.7909434,False,True,False,False
1785278583.804819,1785278583.7909434,False,True,False,False
1785278583.8343577,1785278583.8209472,False,True,False,False
1785278583.8343577,1785278583.8209472,False,True,False,False
1785278583.8343577,1785278583.8209472,False,True,False,False
1785278583.8645408,1785278583.8509736,False,True,False,False
1785278583.8645408,1785278583.8509736,False,True,False,False
1785278583.8645408,1785278583.8509736,False,True,False,False
1785278583.8645408,1785278583.8509736,False,True,False,False
1785278583.9035223,1785278583.8909605,False,True,False,False
1785278583.9035223,1785278583.8909605,False,True,False,False
1785278583.9035223,1785278583.8909605,False,True,False,False
1785278583.9333887,1785278583.9209552,False,True,False,False
1785278583.9333887,1785278583.9209552,False,True,False,False
1785278583.9333887,1785278583.9209552,False,True,False,False
1785278583.964199,1785278583.9509678,False,True,False,False
1785278583.964199,1785278583.9509678,False,True,False,False
1785278583.964199,1785278583.9509678,False,True,False,False
1785278583.964199,1785278583.9509678,False,True,False,False
1785278583.9943976,1785278583.982037,False,True,False,False
1785278583.9943976,1785278583.982037,False,True,False,False
1785278584.0242372,1785278584.01097,False,True,False,False
1785278584.0242372,1785278584.01097,False,True,False,False
1785278584.0242372,1785278584.01097,False,True,False,False
1785278584.0545495,1785278584.0409496,False,True,False,False
1785278584.0545495,1785278584.0409496,False,False,False,False
1785278584.0545495,1785278584.0409496,False,False,False,False
1785278584.0843012,1785278584.0709767,False,False,False,False
1785278584.0843012,1785278584.0709767,False,False,False,False
1785278584.0843012,1785278584.0709767,False,False,False,False
1785278584.1144192,1785278584.1009767,False,False,False,False
1785278584.1144192,1785278584.1009767,False,False,False,False
1785278584.1144192,1785278584.1009767,False,False,False,False
1785278584.1442587,1785278584.1309664,False,False,False,False
1785278584.1442587,1785278584.1309664,False,False,False,False
1785278584.1442587,1785278584.1309664,False,False,False,False
1785278584.1442587,1785278584.1309664,False,False,False,False
1785278584.1838267,1785278584.1709614,False,False,False,False
1785278584.1838267,1785278584.1709614,True,False,False,False
1785278584.1838267,1785278584.1709614,True,False,False,False
1785278584.213726,1785278584.2009492,True,False,False,False
1785278584.213726,1785278584.2009492,True,False,False,False
1785278584.213726,1785278584.2009492,True,False,False,False
1785278584.2441728,1785278584.230946,True,False,False,False
1785278584.2441728,1785278584.230946,True,False,False,False
1785278584.2441728,1785278584.230946,True,False,False,False
1785278584.274456,1785278584.2609475,True,False,False,False
1785278584.274456,1785278584.2609475,True,False,False,False
1785278584.274456,1785278584.2609475,True,False,False,False
1785278584.274456,1785278584.2609475,True,False,False,False
1785278584.274456,1785278584.2609475,True,False,False,False
1785278584.323808,1785278584.310899,True,False,False,False
1785278584.323808,1785278584.310899,True,False,False,False
1785278584.323808,1785278584.310899,True,False,False,False
1785278584.3543887,1785278584.3409927,True,False,False,False
1785278584.3543887,1785278584.3409927,True,False,False,False
1785278584.3543887,1785278584.3409927,True,False,False,False
1785278584.3842063,1785278584.3709521,True,False,False,False
1785278584.3842063,1785278584.3709521,True,False,False,False
1785278584.3842063,1785278584.3709521,True,False,False,False
1785278584.4142575,1785278584.4009507,True,False,False,False
1785278584.4142575,1785278584.4009507,True,False,False,False
1785278584.4142575,1785278584.4009507,True,False,False,False
1785278584.4439418,1785278584.4309464,True,False,False,False
1785278584.4439418,1785278584.4309464,True,False,False,False
1785278584.4439418,1785278584.4309464,True,False,False,False
1785278584.474684,1785278584.4609542,True,False,False,False
1785278584.474684,1785278584.4609542,True,False,False,False
1785278584.474684,1785278584.4609542,True,False,False,False
1785278584.5042386,1785278584.4909458,True,False,False,False
1785278584.5042386,1785278584.4909458,True,False,False,False
1785278584.5042386,1785278584.4909458,True,False,False,False
1785278584.5042386,1785278584.4909458,True,False,False,False
1785278584.5433857,1785278584.5309489,True,False,False,False
1785278584.5433857,1785278584.5309489,True,False,False,False
1785278584.5433857,1785278584.5309489,True,False,False,False
1785278584.5742838,1785278584.5609477,True,False,False,False
1785278584.5742838,1785278584.5609477,True,False,False,False
1785278584.5742838,1785278584.5609477,True,False,False,False
1785278584.603698,1785278584.5909626,True,False,False,False
1785278584.603698,1785278584.5909626,True,False,False,False
1785278584.603698,1785278584.5909626,True,False,False,False
1785278584.6342537,1785278584.6209695,True,False,False,False
1785278584.6342537,1785278584.6209695,False,False,False,False
1785278584.6342537,1785278584.6209695,False,False,False,False
1785278584.6644094,1785278584.6509671,False,False,False,False
1785278584.6644094,1785278584.6509671,False,False,False,False
1785278584.6644094,1785278584.6509671,False,False,False,False
1785278584.6945553,1785278584.6809506,False,False,False,False
1785278584.6945553,1785278584.6809506,False,False,False,False
1785278584.6945553,1785278584.6809506,False,False,False,False
1785278584.7242208,1785278584.7109516,False,False,False,False
1785278584.7242208,1785278584.7109516,False,False,False,False
1785278584.7242208,1785278584.7109516,False,False,False,False
1785278584.7545385,1785278584.7409687,False,False,False,False
1785278584.7545385,1785278584.7409687,False,True,False,False
1785278584.7545385,1785278584.7409687,False,True,False,False
1785278584.785206,1785278584.7709467,False,True,False,False
1785278584.785206,1785278584.7709467,False,True,False,False
1785278584.785206,1785278584.7709467,False,True,False,False
1785278584.8143523,1785278584.800946,False,True,False,False
1785278584.8143523,1785278584.800946,False,True,False,False
1785278584.8143523,1785278584.800946,False,True,False,False
1785278584.8143523,1785278584.800946,False,True,False,False
1785278584.8540993,1785278584.8409493,False,True,False,False
1785278584.8540993,1785278584.8409493,True,True,False,False
1785278584.8540993,1785278584.8409493,True,True,False,False
1785278584.8844118,1785278584.8709702,True,True,False,False
1785278584.8844118,1785278584.8709702,False,True,False,False
1785278584.8844118,1785278584.8709702,False,True,False,False
1785278584.9140627,1785278584.9009562,False,True,False,False
1785278584.9140627,1785278584.9009562,False,True,False,False
1785278584.9140627,1785278584.9009562,False,True,False,False
1785278584.9443266,1785278584.9309566,False,True,False,False
1785278584.9443266,1785278584.9309566,False,True,False,False
1785278584.9443266,1785278584.9309566,False,True,False,False
1785278584.9741764,1785278584.960949,False,True,False,False
1785278584.9741764,1785278584.960949,False,True,False,False
1785278584.9741764,1785278584.960949,False,True,False,False
1785278584.9741764,1785278584.960949,False,True,False,False
1785278584.9741764,1785278584.960949,False,True,False,False
1785278585.023335,1785278585.0109503,False,True,False,False
1785278585.023335,1785278585.0109503,False,True,False,False
1785278585.023335,1785278585.0109503,False,True,False,False
1785278585.0542061,1785278585.0409708,False,True,False,False
1785278585.0542061,1785278585.0409708,False,True,False,False
1785278585.0542061,1785278585.0409708,False,True,False,False
1785278585.0841866,1785278585.0709534,False,True,False,False
1785278585.0841866,1785278585.0709534,False,True,False,False
1785278585.0841866,1785278585.0709534,False,True,False,False
1785278585.0841866,1785278585.0709534,False,True,False,False
1785278585.0841866,1785278585.0709534,False,True,False,False
1785278585.0841866,1785278585.0709534,False,True,False,False
1785278585.13415,1785278585.1220443,False,True,False,False
1785278585.13415,1785278585.1220443,False,True,False,False
1785278585.164405,1785278585.1509898,False,True,False,False
1785278585.164405,1785278585.1509898,False,True,False,False
1785278585.164405,1785278585.1509898,False,True,False,False
1785278585.1938977,1785278585.1809654,False,True,False,False
1785278585.1938977,1785278585.1809654,False,False,False,False
1785278585.1938977,1785278585.1809654,False,False,False,False
1785278585.1938977,1785278585.1809654,False,False,False,False
1785278585.1938977,1785278585.1809654,False,False,False,False
1785278585.2442956,1785278585.2309468,False,False,False,False
1785278585.2442956,1785278585.2309468,False,False,False,False
1785278585.2442956,1785278585.2309468,False,False,False,False
1785278585.274348,1785278585.260961,False,False,False,False
1785278585.274348,1785278585.260961,False,False,False,False
1785278585.274348,1785278585.260961,False,False,False,False
1785278585.304229,1785278585.290952,False,False,False,False
1785278585.304229,1785278585.290952,True,False,False,False
1785278585.304229,1785278585.290952,True,False,False,False
1785278585.3357866,1785278585.3209493,True,False,False,False
1785278585.3357866,1785278585.3209493,True,False,False,False
1785278585.3357866,1785278585.3209493,True,False,False,False
1785278585.3645697,1785278585.3509495,True,False,False,False
1785278585.3645697,1785278585.3509495,True,False,False,False
1785278585.3645697,1785278585.3509495,True,False,False,False
1785278585.394779,1785278585.3809495,True,False,False,False
1785278585.394779,1785278585.3809495,True,False,False,False
1785278585.394779,1785278585.3809495,True,False,False,False
1785278585.4244375,1785278585.4109743,True,False,False,False
1785278585.4244375,1785278585.4109743,True,False,False,False
1785278585.4244375,1785278585.4109743,True,False,False,False
1785278585.4547305,1785278585.440962,True,False,False,False
1785278585.4547305,1785278585.440962,True,False,False,False
1785278585.4547305,1785278585.440962,True,False,False,False
1785278585.4547305,1785278585.440962,True,False,False,False
1785278585.4547305,1785278585.440962,True,False,False,False
1785278585.493632,1785278585.482063,True,False,False,False
1785278585.493632,1785278585.482063,True,False,False,False
1785278585.523944,1785278585.5109673,True,False,False,False
1785278585.523944,1785278585.5109673,True,False,False,False
1785278585.523944,1785278585.5109673,True,False,False,False
1785278585.5543697,1785278585.5409539,True,False,False,False
1785278585.5543697,1785278585.5409539,True,False,False,False
1785278585.5543697,1785278585.5409539,True,False,False,False
1785278585.5543697,1785278585.5409539,True,False,False,False
1785278585.5543697,1785278585.5409539,True,False,False,False
1785278585.6043038,1785278585.5909731,True,False,False,False
1785278585.6043038,1785278585.5909731,True,False,False,False
1785278585.6043038,1785278585.5909731,True,False,False,False
1785278585.6343474,1785278585.6209717,True,False,False,False
1785278585.6343474,1785278585.6209717,True,False,False,False
1785278585.6343474,1785278585.6209717,True,False,False,False
1785278585.665394,1785278585.6509607,True,False,False,False
1785278585.665394,1785278585.6509607,True,False,False,False
1785278585.665394,1785278585.6509607,True,False,False,False
1785278585.665394,1785278585.6509607,True,False,False,False
1785278585.665394,1785278585.6509607,True,False,False,False
1785278585.714438,1785278585.7009528,True,False,False,False
1785278585.714438,1785278585.7009528,True,False,False,False
1785278585.714438,1785278585.7009528,True,False,False,False
1785278585.7441225,1785278585.7309527,True,False,False,False
1785278585.7441225,1785278585.7309527,True,False,False,False
1785278585.7441225,1785278585.7309527,True,False,False,False
1785278585.7739894,1785278585.760957,True,False,False,False
1785278585.7739894,1785278585.760957,False,False,False,False
1785278585.7739894,1785278585.760957,False,False,False,False
1785278585.7739894,1785278585.760957,False,False,False,False
1785278585.7739894,1785278585.760957,False,False,False,False
1785278585.8243642,1785278585.810962,False,False,False,False
1785278585.8243642,1785278585.810962,False,False,False,False
1785278585.8243642,1785278585.810962,False,False,False,False
1785278585.8243642,1785278585.810962,False,False,False,False
1785278585.8543892,1785278585.8420389,False,False,False,False
1785278585.8543892,1785278585.8420389,False,False,False,False
1785278585.8543892,1785278585.8420389,False,False,False,False
1785278585.8543892,1785278585.8420389,False,False,False,False
1785278585.9041753,1785278585.890966,False,False,False,False
1785278585.9041753,1785278585.890966,False,True,False,False
1785278585.9041753,1785278585.890966,False,True,False,False
1785278585.934093,1785278585.9209516,False,True,False,False
1785278585.934093,1785278585.9209516,False,True,False,False
1785278585.934093,1785278585.9209516,False,True,False,False
1785278585.9642208,1785278585.9509685,False,True,False,False
1785278585.9642208,1785278585.9509685,False,True,False,False
1785278585.9642208,1785278585.9509685,False,True,False,False
1785278585.993838,1785278585.98095,False,True,False,False
1785278585.993838,1785278585.98095,False,True,False,False
1785278585.993838,1785278585.98095,False,True,False,False
1785278586.0243433,1785278586.0109522,False,True,False,False
1785278586.0243433,1785278586.0109522,False,True,False,False
1785278586.0243433,1785278586.0109522,False,True,False,False
1785278586.0544999,1785278586.0409725,False,True,False,False
1785278586.0544999,1785278586.0409725,False,True,False,False
1785278586.0544999,1785278586.0409725,False,True,False,False
1785278586.0544999,1785278586.0409725,False,True,False,False
1785278586.0934303,1785278586.080977,False,True,False,False
1785278586.0934303,1785278586.080977,False,True,False,False
1785278586.0934303,1785278586.080977,False,True,False,False
1785278586.1242542,1785278586.110969,False,True,False,False
1785278586.1242542,1785278586.110969,False,True,False,False
1785278586.1242542,1785278586.110969,False,True,False,False
1785278586.1544158,1785278586.1409707,False,True,False,False
1785278586.1544158,1785278586.1409707,False,True,False,False
1785278586.1544158,1785278586.1409707,False,True,False,False
1785278586.1844969,1785278586.170999,False,True,False,False
1785278586.1844969,1785278586.170999,False,True,False,False
1785278586.1844969,1785278586.170999,False,True,False,False
1785278586.1844969,1785278586.170999,False,True,False,False
1785278586.214879,1785278586.2021837,False,True,False,False
1785278586.214879,1785278586.2021837,False,True,False,False
1785278586.2440495,1785278586.2309518,False,True,False,False
1785278586.2440495,1785278586.2309518,False,True,False,False
1785278586.2440495,1785278586.2309518,False,True,False,False
1785278586.2743754,1785278586.2609522,False,True,False,False
1785278586.2743754,1785278586.2609522,False,True,False,False
1785278586.2743754,1785278586.2609522,False,True,False,False
1785278586.304328,1785278586.2909484,False,True,False,False
1785278586.304328,1785278586.2909484,False,True,False,False
1785278586.304328,1785278586.2909484,False,True,False,False
1785278586.304328,1785278586.2909484,False,True,False,False
1785278586.3436332,1785278586.3309689,False,True,False,False
1785278586.3436332,1785278586.3309689,False,False,False,False
1785278586.3436332,1785278586.3309689,False,False,False,False
1785278586.3741317,1785278586.360957,False,False,False,False
1785278586.3741317,1785278586.360957,False,False,False,False
1785278586.3741317,1785278586.360957,False,False,False,False
1785278586.404686,1785278586.3909507,False,False,False,False
1785278586.404686,1785278586.3909507,False,False,False,False
1785278586.404686,1785278586.3909507,False,False,False,False
1785278586.435187,1785278586.4209962,False,False,False,False
1785278586.435187,1785278586.4209962,True,False,False,False
1785278586.435187,1785278586.4209962,True,False,False,False
1785278586.4642744,1785278586.4509535,True,False,False,False
1785278586.4642744,1785278586.4509535,True,False,False,False
1785278586.4642744,1785278586.4509535,True,False,False,False
1785278586.4940085,1785278586.4809494,True,False,False,False
1785278586.4940085,1785278586.4809494,True,False,False,False
1785278586.4940085,1785278586.4809494,True,False,False,False
1785278586.5244036,1785278586.5109634,True,False,False,False
1785278586.5244036,1785278586.5109634,True,False,False,False
1785278586.5244036,1785278586.5109634,True,False,False,False
1785278586.5544832,1785278586.5409727,True,False,False,False
1785278586.5544832,1785278586.5409727,True,False,False,False
1785278586.5544832,1785278586.5409727,True,False,False,False
1785278586.584344,1785278586.5709546,True,False,False,False
1785278586.584344,1785278586.5709546,True,False,False,False
1785278586.584344,1785278586.5709546,True,False,False,False
1785278586.584344,1785278586.5709546,True,False,False,False
1785278586.6234257,1785278586.6109834,True,False,False,False
1785278586.6234257,1785278586.6109834,True,False,False,False
1785278586.6234257,1785278586.6109834,True,False,False,False
1785278586.6544342,1785278586.6409748,True,False,False,False
1785278586.6544342,1785278586.6409748,True,False,False,False
1785278586.6544342,1785278586.6409748,True,False,False,False
1785278586.6835186,1785278586.6709533,True,False,False,False
1785278586.6835186,1785278586.6709533,True,False,False,False
1785278586.6835186,1785278586.6709533,True,False,False,False
1785278586.7134314,1785278586.700981,True,False,False,False
1785278586.7134314,1785278586.700981,True,False,False,False
1785278586.7134314,1785278586.700981,True,False,False,False
1785278586.743493,1785278586.7309556,True,False,False,False
1785278586.743493,1785278586.7309556,True,False,False,False
1785278586.743493,1785278586.7309556,True,False,False,False
1785278586.7740428,1785278586.760949,True,False,False,False
1785278586.7740428,1785278586.760949,True,False,False,False
1785278586.7740428,1785278586.760949,True,False,False,False
1785278586.80453,1785278586.7909563,True,False,False,False
1785278586.80453,1785278586.7909563,True,False,False,False
1785278586.80453,1785278586.7909563,True,False,False,False
1785278586.80453,1785278586.7909563,True,False,False,False
1785278586.843167,1785278586.8309596,True,False,False,False
1785278586.843167,1785278586.8309596,True,False,False,False
1785278586.843167,1785278586.8309596,True,False,False,False
1785278586.8744152,1785278586.8609977,True,False,False,False
1785278586.8744152,1785278586.8609977,True,False,False,False
1785278586.8744152,1785278586.8609977,True,False,False,False
1785278586.9053526,1785278586.890959,True,False,False,False
1785278586.9053526,1785278586.890959,False,False,False,False
1785278586.9053526,1785278586.890959,False,False,False,False
1785278586.9344265,1785278586.9209514,False,False,False,False
1785278586.9344265,1785278586.9209514,False,False,False,False
1785278586.9344265,1785278586.9209514,False,False,False,False
1785278586.9644127,1785278586.9509523,False,False,False,False
1785278586.9644127,1785278586.9509523,False,False,False,False
1785278586.9644127,1785278586.9509523,False,False,False,False
1785278586.9936352,1785278586.9809523,False,False,False,False
1785278586.9936352,1785278586.9809523,False,True,False,True
1785278586.9936352,1785278586.9809523,False,True,False,True
1785278586.9936352,1785278586.9809523,False,True,False,True
1785278586.9936352,1785278586.9809523,False,True,False,True
1785278587.0434084,1785278587.0309522,False,True,False,True
1785278587.0434084,1785278587.0309522,False,True,False,False
1785278587.0434084,1785278587.0309522,False,True,False,False
1785278587.073657,1785278587.060955,False,True,False,False
1785278587.073657,1785278587.060955,False,True,False,False
1785278587.073657,1785278587.060955,False,True,False,False
1785278587.1041784,1785278587.090984,False,True,False,False
1785278587.1041784,1785278587.090984,False,True,False,False
1785278587.1041784,1785278587.090984,False,True,False,False
1785278587.1343007,1785278587.12097,False,True,False,False
1785278587.1343007,1785278587.12097,True,True,False,False
1785278587.1343007,1785278587.12097,True,True,False,False
1785278587.164417,1785278587.1509643,True,True,False,False
1785278587.164417,1785278587.1509643,False,True,False,False
1785278587.164417,1785278587.1509643,False,True,False,False
1785278587.164417,1785278587.1509643,False,True,False,False
1785278587.164417,1785278587.1509643,False,True,False,False
1785278587.2138946,1785278587.2009583,False,True,False,False
1785278587.2138946,1785278587.2009583,False,True,False,False
1785278587.2138946,1785278587.2009583,False,True,False,False
1785278587.24363,1785278587.230952,False,True,False,False
1785278587.24363,1785278587.230952,False,True,False,False
1785278587.24363,1785278587.230952,False,True,False,False
1785278587.274778,1785278587.2609587,False,True,False,False
1785278587.274778,1785278587.2609587,False,True,False,False
1785278587.274778,1785278587.2609587,False,True,False,False
1785278587.3045762,1785278587.2909555,False,True,False,False
1785278587.3045762,1785278587.2909555,False,True,False,False
1785278587.3045762,1785278587.2909555,False,True,False,False
1785278587.3045762,1785278587.2909555,False,True,False,False
1785278587.343304,1785278587.3309495,False,True,False,False
1785278587.343304,1785278587.3309495,False,True,False,False
1785278587.343304,1785278587.3309495,False,True,False,False
1785278587.343304,1785278587.3309495,False,True,False,False
1785278587.373447,1785278587.3622246,False,True,False,False
1785278587.373447,1785278587.3622246,False,True,False,False
1785278587.4042604,1785278587.3909717,False,True,False,False
1785278587.4042604,1785278587.3909717,False,True,False,False
1785278587.4042604,1785278587.3909717,False,True,False,False
1785278587.4343004,1785278587.4209516,False,True,False,False
1785278587.4343004,1785278587.4209516,False,True,False,False
1785278587.4343004,1785278587.4209516,False,True,False,False
1785278587.4634001,1785278587.4509506,False,True,False,False
1785278587.4634001,1785278587.4509506,False,False,False,False
1785278587.4634001,1785278587.4509506,False,False,False,False
1785278587.4934847,1785278587.4809635,False,False,False,False
1785278587.4934847,1785278587.4809635,False,False,False,False
1785278587.4934847,1785278587.4809635,False,False,False,False
1785278587.5247395,1785278587.51095,False,False,False,False
1785278587.5247395,1785278587.51095,False,False,False,False
1785278587.5247395,1785278587.51095,False,False,False,False
1785278587.5541875,1785278587.5409486,False,False,False,False
1785278587.5541875,1785278587.5409486,True,False,False,False
1785278587.5541875,1785278587.5409486,True,False,False,False
1785278587.5541875,1785278587.5409486,True,False,False,False
1785278587.5936115,1785278587.5809464,True,False,False,False
1785278587.5936115,1785278587.5809464,True,False,False,False
1785278587.5936115,1785278587.5809464,True,False,False,False
1785278587.6243987,1785278587.6109629,True,False,False,False
1785278587.6243987,1785278587.6109629,True,False,False,False
1785278587.6243987,1785278587.6109629,True,False,False,False
1785278587.6545305,1785278587.6409998,True,False,False,False
1785278587.6545305,1785278587.6409998,True,False,False,False
1785278587.6545305,1785278587.6409998,True,False,False,False
1785278587.683321,1785278587.6709511,True,False,False,False
1785278587.683321,1785278587.6709511,True,False,False,False
1785278587.683321,1785278587.6709511,True,False,False,False
1785278587.7143972,1785278587.7009513,True,False,False,False
1785278587.7143972,1785278587.7009513,True,False,False,False
1785278587.7143972,1785278587.7009513,True,False,False,False
1785278587.7436452,1785278587.7309566,True,False,False,False
1785278587.7436452,1785278587.7309566,True,False,False,False
1785278587.7436452,1785278587.7309566,True,False,False,False
1785278587.7744231,1785278587.7609613,True,False,False,False
1785278587.7744231,1785278587.7609613,True,False,False,False
1785278587.7744231,1785278587.7609613,True,False,False,False
1785278587.7744231,1785278587.7609613,True,False,False,False
1785278587.8140206,1785278587.8009508,True,False,False,False
1785278587.8140206,1785278587.8009508,True,False,False,False
1785278587.8140206,1785278587.8009508,True,False,False,False
1785278587.8431683,1785278587.8309455,True,False,False,False
1785278587.8431683,1785278587.8309455,True,False,False,False
1785278587.8431683,1785278587.8309455,True,False,False,False
1785278587.8741627,1785278587.860973,True,False,False,False
1785278587.8741627,1785278587.860973,True,False,False,False
1785278587.8741627,1785278587.860973,True,False,False,False
1785278587.9042122,1785278587.890968,True,False,False,False
1785278587.9042122,1785278587.890968,True,False,False,False
1785278587.9042122,1785278587.890968,True,False,False,False
1785278587.9344034,1785278587.9209723,True,False,False,False
1785278587.9344034,1785278587.9209723,True,False,False,False
1785278587.9344034,1785278587.9209723,True,False,False,False
1785278587.9659889,1785278587.950971,True,False,False,False
1785278587.9659889,1785278587.950971,True,False,False,False
1785278587.9659889,1785278587.950971,True,False,False,False
1785278587.994194,1785278587.9809692,True,False,False,False
1785278587.994194,1785278587.9809692,True,False,False,False
1785278587.994194,1785278587.9809692,True,False,False,False
1785278588.024352,1785278588.0109673,True,False,False,False
1785278588.024352,1785278588.0109673,False,False,False,False
1785278588.024352,1785278588.0109673,False,False,False,False
1785278588.024352,1785278588.0109673,False,False,False,False
1785278588.0649655,1785278588.0509677,False,False,False,False
1785278588.0649655,1785278588.0509677,False,False,False,False
1785278588.0649655,1785278588.0509677,False,False,False,False
1785278588.0936987,1785278588.0809524,False,False,False,False
1785278588.0936987,1785278588.0809524,False,False,False,False
1785278588.0936987,1785278588.0809524,False,False,False,False
1785278588.1243725,1785278588.1109812,False,False,False,False
1785278588.1243725,1785278588.1109812,False,False,False,False
1785278588.1243725,1785278588.1109812,False,False,False,False
1785278588.1536407,1785278588.140952,False,False,False,False
1785278588.1536407,1785278588.140952,False,True,False,False
1785278588.1536407,1785278588.140952,False,True,False,False
1785278588.1536407,1785278588.140952,False,True,False,False
1785278588.1536407,1785278588.140952,False,True,False,False
1785278588.2041316,1785278588.1909506,False,True,False,False
1785278588.2041316,1785278588.1909506,False,True,False,False
1785278588.2041316,1785278588.1909506,False,True,False,False
1785278588.2345047,1785278588.2209897,False,True,False,False
1785278588.2345047,1785278588.2209897,False,True,False,False
1785278588.2345047,1785278588.2209897,False,True,False,False
1785278588.2640488,1785278588.250993,False,True,False,False
1785278588.2640488,1785278588.250993,True,True,False,False
1785278588.2640488,1785278588.250993,True,True,False,False
1785278588.2941158,1785278588.2809541,True,True,False,False
1785278588.2941158,1785278588.2809541,False,True,False,False
1785278588.2941158,1785278588.2809541,False,True,False,False
1785278588.3243964,1785278588.3109484,False,True,False,False
1785278588.3243964,1785278588.3109484,False,True,False,False
1785278588.3243964,1785278588.3109484,False,True,False,False
1785278588.3544834,1785278588.34095,False,True,False,False
1785278588.3544834,1785278588.34095,False,True,False,False
1785278588.3544834,1785278588.34095,False,True,False,False
1785278588.3842733,1785278588.370949,False,True,False,False
1785278588.3842733,1785278588.370949,False,True,False,False
1785278588.3842733,1785278588.370949,False,True,False,False
1785278588.3842733,1785278588.370949,False,True,False,False
1785278588.4246805,1785278588.410964,False,True,False,False
1785278588.4246805,1785278588.410964,False,True,False,False
1785278588.4246805,1785278588.410964,False,True,False,False
1785278588.454686,1785278588.4409726,False,True,False,False
1785278588.454686,1785278588.4409726,False,True,False,False
1785278588.454686,1785278588.4409726,False,True,False,False
1785278588.4841201,1785278588.4709976,False,True,False,False
1785278588.4841201,1785278588.4709976,False,True,False,False
1785278588.4841201,1785278588.4709976,False,True,False,False
1785278588.5141509,1785278588.5009563,False,True,False,False
1785278588.5141509,1785278588.5009563,False,True,False,False
1785278588.5141509,1785278588.5009563,False,True,False,False
1785278588.5441628,1785278588.530963,False,True,False,False
1785278588.5441628,1785278588.530963,False,True,False,False
1785278588.5441628,1785278588.530963,False,True,False,False
1785278588.5741599,1785278588.560948,False,True,False,False
1785278588.5741599,1785278588.560948,False,True,False,False
1785278588.5741599,1785278588.560948,False,True,False,False
1785278588.6041741,1785278588.590955,False,True,False,False
1785278588.6041741,1785278588.590955,False,False,False,False
1785278588.6041741,1785278588.590955,False,False,False,False
1785278588.6041741,1785278588.590955,False,False,False,False
1785278588.644537,1785278588.6309521,False,False,False,False
1785278588.644537,1785278588.6309521,False,False,False,False
1785278588.644537,1785278588.6309521,False,False,False,False
1785278588.6745372,1785278588.6609788,False,False,False,False
1785278588.6745372,1785278588.6609788,False,False,False,False
1785278588.6745372,1785278588.6609788,False,False,False,False
1785278588.7043157,1785278588.6909683,False,False,False,False
1785278588.7043157,1785278588.6909683,True,False,False,False
1785278588.7043157,1785278588.6909683,True,False,False,False
1785278588.7346933,1785278588.7209506,True,False,False,False
1785278588.7346933,1785278588.7209506,True,False,False,False
1785278588.7346933,1785278588.7209506,True,False,False,False
1785278588.7645001,1785278588.7509499,True,False,False,False
1785278588.7645001,1785278588.7509499,True,False,False,False
1785278588.7645001,1785278588.7509499,True,False,False,False
1785278588.7940164,1785278588.7809532,True,False,False,False
1785278588.7940164,1785278588.7809532,True,False,False,False
1785278588.7940164,1785278588.7809532,True,False,False,False
1785278588.7940164,1785278588.7809532,True,False,False,False
1785278588.7940164,1785278588.7809532,True,False,False,False
1785278588.8441696,1785278588.8309608,True,False,False,False
1785278588.8441696,1785278588.8309608,True,False,False,False
1785278588.8441696,1785278588.8309608,True,False,False,False
1785278588.8743083,1785278588.8609557,True,False,False,False
1785278588.8743083,1785278588.8609557,True,False,False,False
1785278588.8743083,1785278588.8609557,True,False,False,False
1785278588.9041631,1785278588.890961,True,False,False,False
1785278588.9041631,1785278588.890961,True,False,False,False
1785278588.9041631,1785278588.890961,True,False,False,False
1785278588.9041631,1785278588.890961,True,False,False,False
1785278588.9041631,1785278588.890961,True,False,False,False
1785278588.9540188,1785278588.9409683,True,False,False,False
1785278588.9540188,1785278588.9409683,True,False,False,False
1785278588.9540188,1785278588.9409683,True,False,False,False
1785278588.9841971,1785278588.970951,True,False,False,False
1785278588.9841971,1785278588.970951,True,False,False,False
1785278588.9841971,1785278588.970951,True,False,False,False
1785278589.0144854,1785278589.0009484,True,False,False,False
1785278589.0144854,1785278589.0009484,True,False,False,False
1785278589.0144854,1785278589.0009484,True,False,False,False
1785278589.043355,1785278589.0309494,True,False,False,False
1785278589.043355,1785278589.0309494,True,False,False,False
1785278589.043355,1785278589.0309494,True,False,False,False
1785278589.0747466,1785278589.0609627,True,False,False,False
1785278589.0747466,1785278589.0609627,True,False,False,False
1785278589.0747466,1785278589.0609627,True,False,False,False
1785278589.1045568,1785278589.0909505,True,False,False,False
1785278589.1045568,1785278589.0909505,True,False,False,False
1785278589.1045568,1785278589.0909505,True,False,False,False
1785278589.1343236,1785278589.1209621,True,False,False,False
1785278589.1343236,1785278589.1209621,True,False,False,False
1785278589.1343236,1785278589.1209621,True,False,False,False
1785278589.1343236,1785278589.1209621,True,False,False,False
1785278589.1743982,1785278589.1609778,True,False,False,False
1785278589.1743982,1785278589.1609778,False,False,False,False
1785278589.1743982,1785278589.1609778,False,False,False,False
1785278589.2038436,1785278589.1909611,False,False,False,False
1785278589.2038436,1785278589.1909611,False,False,False,False
1785278589.2038436,1785278589.1909611,False,False,False,False
1785278589.2344296,1785278589.2209642,False,False,False,False
1785278589.2344296,1785278589.2209642,False,False,False,False
1785278589.2344296,1785278589.2209642,False,False,False,False
1785278589.2642949,1785278589.2509563,False,False,False,False
1785278589.2642949,1785278589.2509563,False,True,False,True
1785278589.2642949,1785278589.2509563,False,True,False,True
1785278589.2642949,1785278589.2509563,False,True,False,True
1785278589.2642949,1785278589.2509563,False,True,False,True
1785278589.3148444,1785278589.300962,False,True,False,True
1785278589.3148444,1785278589.300962,False,True,False,False
1785278589.3148444,1785278589.300962,False,True,False,False
1785278589.344741,1785278589.3309479,False,True,False,False
1785278589.344741,1785278589.3309479,False,True,False,False
1785278589.344741,1785278589.3309479,False,True,False,False
1785278589.3747277,1785278589.3609476,False,True,False,False
1785278589.3747277,1785278589.3609476,False,True,False,False
1785278589.3747277,1785278589.3609476,False,True,False,False
1785278589.4041252,1785278589.3909478,False,True,False,False
1785278589.4041252,1785278589.3909478,False,True,False,False
1785278589.4041252,1785278589.3909478,False,True,False,False
1785278589.4337687,1785278589.420967,False,True,False,False
1785278589.4337687,1785278589.420967,False,True,False,False
1785278589.4337687,1785278589.420967,False,True,False,False
1785278589.4337687,1785278589.420967,False,True,False,False
1785278589.4337687,1785278589.420967,False,True,False,False
1785278589.485249,1785278589.4709568,False,True,False,False
1785278589.485249,1785278589.4709568,False,True,False,False
1785278589.485249,1785278589.4709568,False,True,False,False
1785278589.5136282,1785278589.5009484,False,True,False,False
1785278589.5136282,1785278589.5009484,False,True,False,False
1785278589.5136282,1785278589.5009484,False,True,False,False
1785278589.543424,1785278589.530959,False,True,False,False
1785278589.543424,1785278589.530959,False,True,False,False
1785278589.543424,1785278589.530959,False,True,False,False
1785278589.5735245,1785278589.560947,False,True,False,False
1785278589.5735245,1785278589.560947,False,True,False,False
1785278589.5735245,1785278589.560947,False,True,False,False
1785278589.604232,1785278589.590956,False,True,False,False
1785278589.604232,1785278589.590956,False,True,False,False
1785278589.604232,1785278589.590956,False,True,False,False
1785278589.604232,1785278589.590956,False,True,False,False
1785278589.604232,1785278589.590956,False,True,False,False
1785278589.6541786,1785278589.6409879,False,True,False,False
1785278589.6541786,1785278589.6409879,False,True,False,False
1785278589.6541786,1785278589.6409879,False,True,False,False
1785278589.684269,1785278589.670974,False,True,False,False
1785278589.684269,1785278589.670974,False,True,False,False
1785278589.684269,1785278589.670974,False,True,False,False
1785278589.715165,1785278589.7009563,False,True,False,False
1785278589.715165,1785278589.7009563,False,True,False,False
1785278589.715165,1785278589.7009563,False,True,False,False
1785278589.7441878,1785278589.7309482,False,True,False,False
1785278589.7441878,1785278589.7309482,False,True,False,False
1785278589.7441878,1785278589.7309482,False,True,False,False
1785278589.7742884,1785278589.7609487,False,True,False,False
1785278589.7742884,1785278589.7609487,False,False,False,False
1785278589.7742884,1785278589.7609487,False,False,False,False
1785278589.8045998,1785278589.7909608,False,False,False,False
1785278589.8045998,1785278589.7909608,False,False,False,False
1785278589.8045998,1785278589.7909608,False,False,False,False
1785278589.8045998,1785278589.7909608,False,False,False,False
1785278589.8437395,1785278589.83096,False,False,False,False
1785278589.8437395,1785278589.83096,True,False,False,False
1785278589.8437395,1785278589.83096,True,False,False,False
1785278589.8745942,1785278589.860954,True,False,False,False
1785278589.8745942,1785278589.860954,True,False,False,False
1785278589.8745942,1785278589.860954,True,False,False,False
1785278589.9040945,1785278589.8909557,True,False,False,False
1785278589.9040945,1785278589.8909557,True,False,False,False
1785278589.9040945,1785278589.8909557,True,False,False,False
1785278589.9354327,1785278589.9209678,True,False,False,False
1785278589.9354327,1785278589.9209678,True,False,False,False
1785278589.9354327,1785278589.9209678,True,False,False,False
1785278589.9648547,1785278589.9509475,True,False,False,False
1785278589.9648547,1785278589.9509475,True,False,False,False
1785278589.9648547,1785278589.9509475,True,False,False,False
1785278589.9648547,1785278589.9509475,True,False,False,False
1785278589.9648547,1785278589.9509475,True,False,False,False
1785278590.014169,1785278590.0009491,True,False,False,False
1785278590.014169,1785278590.0009491,True,False,False,False
1785278590.014169,1785278590.0009491,True,False,False,False
1785278590.0441675,1785278590.0309463,True,False,False,False
1785278590.0441675,1785278590.0309463,True,False,False,False
1785278590.0441675,1785278590.0309463,True,False,False,False
1785278590.073531,1785278590.0609686,True,False,False,False
1785278590.073531,1785278590.0609686,True,False,False,False
1785278590.073531,1785278590.0609686,True,False,False,False
1785278590.073531,1785278590.0609686,True,False,False,False
1785278590.073531,1785278590.0609686,True,False,False,False
1785278590.1235363,1785278590.1109717,True,False,False,False
1785278590.1235363,1785278590.1109717,True,False,False,False
1785278590.1235363,1785278590.1109717,True,False,False,False
1785278590.1544793,1785278590.1409464,True,False,False,False
1785278590.1544793,1785278590.1409464,True,False,False,False
1785278590.1544793,1785278590.1409464,True,False,False,False
1785278590.1845007,1785278590.1709826,True,False,False,False
1785278590.1845007,1785278590.1709826,True,False,False,False
1785278590.1845007,1785278590.1709826,True,False,False,False
1785278590.1845007,1785278590.1709826,True,False,False,False
1785278590.1845007,1785278590.1709826,True,False,False,False
1785278590.2345018,1785278590.2209857,True,False,False,False
1785278590.2345018,1785278590.2209857,True,False,False,False
1785278590.2345018,1785278590.2209857,True,False,False,False
1785278590.2642705,1785278590.2509556,True,False,False,False
1785278590.2642705,1785278590.2509556,True,False,False,False
1785278590.2642705,1785278590.2509556,True,False,False,False
1785278590.293109,1785278590.2809513,True,False,False,False
1785278590.293109,1785278590.2809513,True,False,False,False
1785278590.293109,1785278590.2809513,True,False,False,False
1785278590.3235478,1785278590.3109531,True,False,False,False
1785278590.3235478,1785278590.3109531,False,False,False,False
1785278590.3235478,1785278590.3109531,False,False,False,False
1785278590.3235478,1785278590.3109531,False,False,False,False
1785278590.3542984,1785278590.3419197,False,False,False,False
1785278590.3542984,1785278590.3419197,False,False,False,False
1785278590.3542984,1785278590.3419197,False,False,False,False
1785278590.3841176,1785278590.3794487,False,True,False,True
1785278590.3841176,1785278590.3794487,False,True,False,True
1785278590.3841176,1785278590.3794487,False,True,False,True
1785278590.3841176,1785278590.3794487,False,True,False,True
1785278590.434173,1785278590.420951,False,True,False,True
1785278590.434173,1785278590.420951,False,True,False,False
1785278590.434173,1785278590.420951,False,True,False,False
1785278590.4640582,1785278590.450968,False,True,False,False
1785278590.4640582,1785278590.450968,False,True,False,False
1785278590.4640582,1785278590.450968,False,True,False,False
1785278590.4941084,1785278590.4809577,False,True,False,False
1785278590.4941084,1785278590.4809577,False,True,False,False
1785278590.4941084,1785278590.4809577,False,True,False,False
1785278590.5246856,1785278590.51096,False,True,False,False
1785278590.5246856,1785278590.51096,True,True,False,False
1785278590.5246856,1785278590.51096,True,True,False,False
1785278590.554453,1785278590.540952,True,True,False,False
1785278590.554453,1785278590.540952,False,True,False,False
1785278590.554453,1785278590.540952,False,True,False,False
1785278590.5853336,1785278590.5709512,False,True,False,False
1785278590.5853336,1785278590.5709512,False,True,False,False
1785278590.5853336,1785278590.5709512,False,True,False,False
1785278590.5853336,1785278590.5709512,False,True,False,False
1785278590.6235697,1785278590.6109626,False,True,False,False
1785278590.6235697,1785278590.6109626,False,True,False,False
1785278590.6235697,1785278590.6109626,False,True,False,False
1785278590.6536117,1785278590.6409817,False,True,False,False
1785278590.6536117,1785278590.6409817,False,True,False,False
1785278590.6536117,1785278590.6409817,False,True,False,False
1785278590.6842766,1785278590.6709485,False,True,False,False
1785278590.6842766,1785278590.6709485,False,True,False,False
1785278590.6842766,1785278590.6709485,False,True,False,False
1785278590.7141757,1785278590.7009656,False,True,False,False
1785278590.7141757,1785278590.7009656,False,True,False,False
1785278590.7141757,1785278590.7009656,False,True,False,False
1785278590.7443871,1785278590.730949,False,True,False,False
1785278590.7443871,1785278590.730949,False,True,False,False
1785278590.7443871,1785278590.730949,False,True,False,False
1785278590.7443871,1785278590.730949,False,True,False,False
1785278590.7443871,1785278590.730949,False,True,False,False
1785278590.7941601,1785278590.7809517,False,True,False,False
1785278590.7941601,1785278590.7809517,False,True,False,False
1785278590.7941601,1785278590.7809517,False,True,False,False
1785278590.8241708,1785278590.8109565,False,True,False,False
1785278590.8241708,1785278590.8109565,False,True,False,False
1785278590.8241708,1785278590.8109565,False,True,False,False
1785278590.8543026,1785278590.8409526,False,True,False,False
1785278590.8543026,1785278590.8409526,False,True,False,False
1785278590.8543026,1785278590.8409526,False,True,False,False
1785278590.8543026,1785278590.8409526,False,True,False,False
1785278590.8543026,1785278590.8409526,False,True,False,False
1785278590.9038868,1785278590.8909502,False,True,False,False
1785278590.9038868,1785278590.8909502,False,False,False,False
1785278590.9038868,1785278590.8909502,False,False,False,False
1785278590.933544,1785278590.9209855,False,False,False,False
1785278590.933544,1785278590.9209855,False,False,False,False
1785278590.933544,1785278590.9209855,False,False,False,False
1785278590.9636562,1785278590.9510212,False,False,False,False
1785278590.9636562,1785278590.9510212,True,False,False,False
1785278590.9636562,1785278590.9510212,True,False,False,False
1785278590.9936128,1785278590.980985,True,False,False,False
1785278590.9936128,1785278590.980985,True,False,False,False
1785278590.9936128,1785278590.980985,True,False,False,False
1785278591.0243788,1785278591.0109909,True,False,False,False
1785278591.0243788,1785278591.0109909,True,False,False,False
1785278591.0243788,1785278591.0109909,True,False,False,False
1785278591.0543878,1785278591.040994,True,False,False,False
1785278591.0543878,1785278591.040994,True,False,False,False
1785278591.0543878,1785278591.040994,True,False,False,False
1785278591.0846539,1785278591.0710042,True,False,False,False
1785278591.0846539,1785278591.0710042,True,True,False,False
1785278591.0846539,1785278591.0710042,True,True,False,False
1785278591.1145904,1785278591.1009781,True,True,False,False
1785278591.1145904,1785278591.1009781,True,False,False,False
1785278591.1145904,1785278591.1009781,True,False,False,False
1785278591.1145904,1785278591.1009781,True,False,False,False
1785278591.1535933,1785278591.1409957,True,False,False,False
1785278591.1535933,1785278591.1409957,True,False,False,False
1785278591.1535933,1785278591.1409957,True,False,False,False
1785278591.1833835,1785278591.171026,True,False,False,False
1785278591.1833835,1785278591.171026,True,False,False,False
1785278591.1833835,1785278591.171026,True,False,False,False
1785278591.2142138,1785278591.201053,True,False,False,False
1785278591.2142138,1785278591.201053,True,False,False,False
1785278591.2142138,1785278591.201053,True,False,False,False
1785278591.2437203,1785278591.2309852,True,False,False,False
1785278591.2437203,1785278591.2309852,True,False,False,False
1785278591.2437203,1785278591.2309852,True,False,False,False
1785278591.2741835,1785278591.2609742,True,False,False,False
1785278591.2741835,1785278591.2609742,True,False,False,False
1785278591.2741835,1785278591.2609742,True,False,False,False
1785278591.304245,1785278591.2909732,True,False,False,False
1785278591.304245,1785278591.2909732,True,False,False,False
1785278591.304245,1785278591.2909732,True,False,False,False
1785278591.3344016,1785278591.3209689,True,False,False,False
1785278591.3344016,1785278591.3209689,True,False,False,False
1785278591.3344016,1785278591.3209689,True,False,False,False
1785278591.3344016,1785278591.3209689,True,False,False,False
1785278591.3344016,1785278591.3209689,True,False,False,False
1785278591.3344016,1785278591.3209689,True,False,False,False
1785278591.3344016,1785278591.3209689,True,False,False,False
1785278591.3344016,1785278591.3209689,True,False,False,False
1785278591.3344016,1785278591.3209689,True,False,False,False
1785278591.3344016,1785278591.3209689,True,False,False,False
1785278591.3344016,1785278591.3209689,True,False,False,False
1785278591.4048636,1785278591.4305267,True,False,False,False
1785278591.434122,1785278591.43255,True,False,False,False
1785278591.4657526,1785278591.4510171,True,False,False,False
1785278591.4657526,1785278591.4510171,True,False,False,False
1785278591.4657526,1785278591.4510171,True,False,False,False
1785278591.4941032,1785278591.4809783,True,False,False,False
1785278591.4941032,1785278591.4809783,False,False,False,False
1785278591.4941032,1785278591.4809783,False,False,False,False
1785278591.5241477,1785278591.511006,False,False,False,False
1785278591.5241477,1785278591.511006,False,True,False,False
1785278591.5241477,1785278591.511006,False,True,False,False
1785278591.5545046,1785278591.5409994,False,True,False,False
1785278591.5545046,1785278591.5409994,False,True,False,False
1785278591.5545046,1785278591.5409994,False,True,False,False
1785278591.5845695,1785278591.5710042,False,True,False,False
1785278591.5845695,1785278591.5710042,False,True,False,False
1785278591.5845695,1785278591.5710042,False,True,False,False
1785278591.5845695,1785278591.5710042,False,True,False,False
1785278591.6236482,1785278591.6109734,False,True,False,False
1785278591.6236482,1785278591.6109734,False,True,False,False
1785278591.6236482,1785278591.6109734,False,True,False,False
1785278591.6546504,1785278591.6410215,False,True,False,False
1785278591.6546504,1785278591.6410215,False,True,False,False
1785278591.6546504,1785278591.6410215,False,True,False,False
1785278591.685589,1785278591.6709783,False,True,False,False
1785278591.685589,1785278591.6709783,False,True,False,False
1785278591.685589,1785278591.6709783,False,True,False,False
1785278591.7145019,1785278591.7010036,False,True,False,False
1785278591.7145019,1785278591.7010036,False,True,False,False
1785278591.7145019,1785278591.7010036,False,True,False,False
1785278591.744051,1785278591.7310133,False,True,False,False
1785278591.744051,1785278591.7310133,False,True,False,False
1785278591.744051,1785278591.7310133,False,True,False,False
1785278591.7743676,1785278591.7609975,False,True,False,False
1785278591.7743676,1785278591.7609975,False,True,False,False
1785278591.7743676,1785278591.7609975,False,True,False,False
1785278591.8047705,1785278591.7909951,False,True,False,False
1785278591.8047705,1785278591.7909951,False,True,False,False
1785278591.8047705,1785278591.7909951,False,True,False,False
1785278591.8047705,1785278591.7909951,False,True,False,False
1785278591.8434212,1785278591.830974,False,True,False,False
1785278591.8434212,1785278591.830974,False,True,False,False
1785278591.8434212,1785278591.830974,False,True,False,False
1785278591.8747964,1785278591.8609796,False,True,False,False
1785278591.8747964,1785278591.8609796,False,True,False,False
1785278591.8747964,1785278591.8609796,False,True,False,False
1785278591.9045384,1785278591.8909836,False,True,False,False
1785278591.9045384,1785278591.8909836,False,True,False,False
1785278591.9045384,1785278591.8909836,False,True,False,False
1785278591.9336898,1785278591.9209814,False,True,False,False
1785278591.9336898,1785278591.9209814,False,True,False,False
1785278591.9336898,1785278591.9209814,False,True,False,False
1785278591.9336898,1785278591.9209814,False,True,False,False
1785278591.9336898,1785278591.9209814,False,True,False,False
1785278591.9842956,1785278591.9710183,False,True,False,False
1785278591.9842956,1785278591.9710183,False,True,False,False
1785278591.9842956,1785278591.9710183,False,True,False,False
1785278592.0143638,1785278592.0009751,False,True,False,False
1785278592.0143638,1785278592.0009751,False,True,False,False
1785278592.0143638,1785278592.0009751,False,True,False,False
1785278592.0435019,1785278592.0309756,False,True,False,False
1785278592.0435019,1785278592.0309756,False,True,False,False
1785278592.0435019,1785278592.0309756,False,True,False,False
1785278592.0736938,1785278592.0609887,False,True,False,False
1785278592.0736938,1785278592.0609887,False,False,False,False
1785278592.0736938,1785278592.0609887,False,False,False,False
1785278592.0736938,1785278592.0609887,False,False,False,False
1785278592.0736938,1785278592.0609887,False,False,False,False
1785278592.1240137,1785278592.1109927,False,False,False,False
1785278592.1240137,1785278592.1109927,True,False,False,False
1785278592.1240137,1785278592.1109927,True,False,False,False
1785278592.154171,1785278592.1409945,True,False,False,False
1785278592.154171,1785278592.1409945,True,False,False,False
1785278592.154171,1785278592.1409945,True,False,False,False
1785278592.1841505,1785278592.1709712,True,False,False,False
1785278592.1841505,1785278592.1709712,True,False,False,False
1785278592.1841505,1785278592.1709712,True,False,False,False
1785278592.214262,1785278592.2010314,True,False,False,False
1785278592.214262,1785278592.2010314,True,False,False,False
1785278592.214262,1785278592.2010314,True,False,False,False
1785278592.2441564,1785278592.231031,True,False,False,False
1785278592.2441564,1785278592.231031,True,True,False,True
1785278592.2441564,1785278592.231031,True,True,False,True
1785278592.2740731,1785278592.2609859,True,True,False,True
1785278592.2740731,1785278592.2609859,True,False,False,False
1785278592.2740731,1785278592.2609859,True,False,False,False
1785278592.3044546,1785278592.2909758,True,False,False,False
1785278592.3044546,1785278592.2909758,True,False,False,False
1785278592.3044546,1785278592.2909758,True,False,False,False
1785278592.3044546,1785278592.2909758,True,False,False,False
1785278592.343704,1785278592.330974,True,False,False,False
1785278592.343704,1785278592.330974,True,False,False,False
1785278592.343704,1785278592.330974,True,False,False,False
1785278592.3742392,1785278592.360976,True,False,False,False
1785278592.3742392,1785278592.360976,True,False,False,False
1785278592.3742392,1785278592.360976,True,False,False,False
1785278592.4047012,1785278592.3909903,True,False,False,False
1785278592.4047012,1785278592.3909903,True,False,False,False
1785278592.4047012,1785278592.3909903,True,False,False,False
1785278592.434306,1785278592.4209743,True,False,False,False
1785278592.434306,1785278592.4209743,True,False,False,False
1785278592.434306,1785278592.4209743,True,False,False,False
1785278592.46453,1785278592.4509852,True,False,False,False
1785278592.46453,1785278592.4509852,True,False,False,False
1785278592.46453,1785278592.4509852,True,False,False,False
1785278592.494136,1785278592.4810247,True,False,False,False
1785278592.494136,1785278592.4810247,True,False,False,False
1785278592.494136,1785278592.4810247,True,False,False,False
1785278592.5243587,1785278592.5109808,True,False,False,False
1785278592.5243587,1785278592.5109808,True,False,False,False
1785278592.5243587,1785278592.5109808,True,False,False,False
1785278592.5556376,1785278592.5409746,True,False,False,False
1785278592.5556376,1785278592.5409746,True,False,False,False
1785278592.5556376,1785278592.5409746,True,False,False,False
1785278592.5556376,1785278592.5409746,True,False,False,False
1785278592.5936759,1785278592.58101,True,False,False,False
1785278592.5936759,1785278592.58101,True,False,False,False
1785278592.5936759,1785278592.58101,True,False,False,False
1785278592.624352,1785278592.6109781,True,False,False,False
1785278592.624352,1785278592.6109781,True,False,False,False
1785278592.624352,1785278592.6109781,True,False,False,False
1785278592.6541703,1785278592.6410108,True,False,False,False
1785278592.6541703,1785278592.6410108,False,False,False,False
1785278592.6541703,1785278592.6410108,False,False,False,False
1785278592.685185,1785278592.6709762,False,False,False,False
1785278592.685185,1785278592.6709762,False,True,False,False
1785278592.685185,1785278592.6709762,False,True,False,False
1785278592.714515,1785278592.7009926,False,True,False,False
1785278592.714515,1785278592.7009926,False,True,False,False
1785278592.714515,1785278592.7009926,False,True,False,False
1785278592.714515,1785278592.7009926,False,True,False,False
1785278592.7535205,1785278592.7410166,False,True,False,False
1785278592.7535205,1785278592.7410166,False,True,False,False
1785278592.7535205,1785278592.7410166,False,True,False,False
1785278592.7535205,1785278592.7410166,False,True,False,False
1785278592.7941923,1785278592.7810013,False,True,False,False
1785278592.7941923,1785278592.7810013,True,True,False,False
1785278592.7941923,1785278592.7810013,True,True,False,False
1785278592.8243954,1785278592.8109796,True,True,False,False
1785278592.8243954,1785278592.8109796,False,True,False,False
1785278592.8243954,1785278592.8109796,False,True,False,False
1785278592.8542576,1785278592.8409767,False,True,False,False
1785278592.8542576,1785278592.8409767,False,True,False,False
1785278592.8542576,1785278592.8409767,False,True,False,False
1785278592.885538,1785278592.870975,False,True,False,False
1785278592.885538,1785278592.870975,False,True,False,False
1785278592.885538,1785278592.870975,False,True,False,False
1785278592.914495,1785278592.9009762,False,True,False,False
1785278592.914495,1785278592.9009762,False,True,False,False
1785278592.914495,1785278592.9009762,False,True,False,False
1785278592.9438415,1785278592.9309707,False,True,False,False
1785278592.9438415,1785278592.9309707,False,True,False,False
1785278592.9438415,1785278592.9309707,False,True,False,False
1785278592.9438415,1785278592.9309707,False,True,False,False
1785278592.9854124,1785278592.9709675,False,True,False,False
1785278592.9854124,1785278592.9709675,False,True,False,False
1785278592.9854124,1785278592.9709675,False,True,False,False
1785278593.0136364,1785278593.0010135,False,True,False,False
1785278593.0136364,1785278593.0010135,False,True,False,False
1785278593.0136364,1785278593.0010135,False,True,False,False
1785278593.043437,1785278593.030978,False,True,False,False
1785278593.043437,1785278593.030978,False,True,False,False
1785278593.043437,1785278593.030978,False,True,False,False
1785278593.07363,1785278593.0609708,False,True,False,False
1785278593.07363,1785278593.0609708,False,True,False,False
1785278593.07363,1785278593.0609708,False,True,False,False
1785278593.1049156,1785278593.0909746,False,True,False,False
1785278593.1049156,1785278593.0909746,False,True,False,False
1785278593.1049156,1785278593.0909746,False,True,False,False
1785278593.1342642,1785278593.1209657,False,True,False,False
1785278593.1342642,1785278593.1209657,False,True,False,False
1785278593.1342642,1785278593.1209657,False,True,False,False
1785278593.1641614,1785278593.1509936,False,True,False,False
1785278593.1641614,1785278593.1509936,False,True,False,False
1785278593.1641614,1785278593.1509936,False,True,False,False
1785278593.194406,1785278593.181012,False,True,False,False
1785278593.194406,1785278593.181012,False,False,False,False
1785278593.194406,1785278593.181012,False,False,False,False
1785278593.194406,1785278593.181012,False,False,False,False
1785278593.2341652,1785278593.2210314,False,False,False,False
1785278593.2341652,1785278593.2210314,True,False,True,False
1785278593.2341652,1785278593.2210314,True,False,True,False
1785278593.2642221,1785278593.251011,True,False,True,False
1785278593.2642221,1785278593.251011,True,False,False,False
1785278593.2642221,1785278593.251011,True,False,False,False
1785278593.2938373,1785278593.2809896,True,False,False,False
1785278593.2938373,1785278593.2809896,True,False,False,False
1785278593.2938373,1785278593.2809896,True,False,False,False
1785278593.3245516,1785278593.3109968,True,False,False,False
1785278593.3245516,1785278593.3109968,True,False,False,False
1785278593.3245516,1785278593.3109968,True,False,False,False
1785278593.3245516,1785278593.3109968,True,False,False,False
1785278593.3245516,1785278593.3109968,True,False,False,False
1785278593.3744113,1785278593.3609886,True,False,False,False
1785278593.3744113,1785278593.3609886,True,False,False,False
1785278593.3744113,1785278593.3609886,True,False,False,False
1785278593.4037025,1785278593.391012,True,False,False,False
1785278593.4037025,1785278593.391012,True,False,False,False
1785278593.4037025,1785278593.391012,True,False,False,False
1785278593.4354577,1785278593.421035,True,False,False,False
1785278593.4354577,1785278593.421035,True,False,False,False
1785278593.4354577,1785278593.421035,True,False,False,False
1785278593.4647863,1785278593.4510121,True,False,False,False
1785278593.4647863,1785278593.4510121,True,False,False,False
1785278593.4647863,1785278593.4510121,True,False,False,False
1785278593.494393,1785278593.480983,True,False,False,False
1785278593.494393,1785278593.480983,True,False,False,False
1785278593.494393,1785278593.480983,True,False,False,False
1785278593.5243664,1785278593.510985,True,False,False,False
1785278593.5243664,1785278593.510985,True,False,False,False
1785278593.5243664,1785278593.510985,True,False,False,False
1785278593.5542853,1785278593.5409834,True,False,False,False
1785278593.5542853,1785278593.5409834,True,False,False,False
1785278593.5542853,1785278593.5409834,True,False,False,False
1785278593.5542853,1785278593.5409834,True,False,False,False
1785278593.59406,1785278593.58101,True,False,False,False
1785278593.59406,1785278593.58101,True,False,False,False
1785278593.59406,1785278593.58101,True,False,False,False
1785278593.6244361,1785278593.6109824,True,False,False,False
1785278593.6244361,1785278593.6109824,True,False,False,False
1785278593.6244361,1785278593.6109824,True,False,False,False
1785278593.6542342,1785278593.6410086,True,False,False,False
1785278593.6542342,1785278593.6410086,True,False,False,False
1785278593.6542342,1785278593.6410086,True,False,False,False
1785278593.683966,1785278593.671026,True,False,False,False
1785278593.683966,1785278593.671026,True,False,False,False
1785278593.683966,1785278593.671026,True,False,False,False
1785278593.7135017,1785278593.701025,True,False,False,False
1785278593.7135017,1785278593.701025,True,False,False,False
1785278593.7135017,1785278593.701025,True,False,False,False
1785278593.7440827,1785278593.7309797,True,False,False,False
1785278593.7440827,1785278593.7309797,False,False,False,False
1785278593.7440827,1785278593.7309797,False,False,False,False
1785278593.774214,1785278593.760973,False,False,False,False
1785278593.774214,1785278593.760973,False,False,False,False
1785278593.774214,1785278593.760973,False,False,False,False
1785278593.804321,1785278593.7910042,False,False,False,False
1785278593.804321,1785278593.7910042,False,True,False,True
1785278593.804321,1785278593.7910042,False,True,False,True
1785278593.804321,1785278593.7910042,False,True,False,True
1785278593.8441648,1785278593.8309824,False,True,False,True
1785278593.8441648,1785278593.8309824,False,True,False,False
1785278593.8441648,1785278593.8309824,False,True,False,False
1785278593.8746905,1785278593.8609817,False,True,False,False
1785278593.8746905,1785278593.8609817,False,True,False,False
1785278593.8746905,1785278593.8609817,False,True,False,False
1785278593.9037375,1785278593.8909798,False,True,False,False
1785278593.9037375,1785278593.8909798,False,True,False,False
1785278593.9037375,1785278593.8909798,False,True,False,False
1785278593.933506,1785278593.921039,False,True,False,False
1785278593.933506,1785278593.921039,True,True,False,False
1785278593.933506,1785278593.921039,True,True,False,False
1785278593.9644446,1785278593.9510124,True,True,False,False
1785278593.9644446,1785278593.9510124,False,True,False,False
1785278593.9644446,1785278593.9510124,False,True,False,False
1785278593.9644446,1785278593.9510124,False,True,False,False
1785278593.994538,1785278593.988636,False,True,False,False
1785278593.994538,1785278593.988636,False,True,False,False
1785278594.0244036,1785278594.0109715,False,True,False,False
1785278594.0244036,1785278594.0109715,False,True,False,False
1785278594.0244036,1785278594.0109715,False,True,False,False
1785278594.0543242,1785278594.040968,False,True,False,False
1785278594.0543242,1785278594.040968,False,True,False,False
1785278594.0543242,1785278594.040968,False,True,False,False
1785278594.0856204,1785278594.070969,False,True,False,False
1785278594.0856204,1785278594.070969,False,True,False,False
1785278594.0856204,1785278594.070969,False,True,False,False
1785278594.0856204,1785278594.070969,False,True,False,False
1785278594.1241782,1785278594.110968,False,True,False,False
1785278594.1241782,1785278594.110968,False,True,False,False
1785278594.1241782,1785278594.110968,False,True,False,False
1785278594.154216,1785278594.1409745,False,True,False,False
1785278594.154216,1785278594.1409745,False,True,False,False
1785278594.154216,1785278594.1409745,False,True,False,False
1785278594.1844327,1785278594.1709945,False,True,False,False
1785278594.1844327,1785278594.1709945,False,True,False,False
1785278594.1844327,1785278594.1709945,False,True,False,False
1785278594.1844327,1785278594.1709945,False,True,False,False
1785278594.214166,1785278594.2010984,False,True,False,False
1785278594.214166,1785278594.2010984,False,True,False,False
1785278594.214166,1785278594.2010984,False,True,False,False
1785278594.214166,1785278594.2010984,False,True,False,False
1785278594.2637746,1785278594.2510326,False,True,False,False
1785278594.2637746,1785278594.2510326,False,True,False,False
1785278594.2637746,1785278594.2510326,False,True,False,False
1785278594.2937198,1785278594.2809904,False,True,False,False
1785278594.2937198,1785278594.2809904,False,True,False,False
1785278594.2937198,1785278594.2809904,False,True,False,False
1785278594.3242762,1785278594.310981,False,True,False,False
1785278594.3242762,1785278594.310981,False,False,False,False
1785278594.3242762,1785278594.310981,False,False,False,False
1785278594.3242762,1785278594.310981,False,False,False,False
1785278594.3242762,1785278594.310981,False,False,False,False
1785278594.3745198,1785278594.3609838,False,False,False,False
1785278594.3745198,1785278594.3609838,True,False,True,False
1785278594.3745198,1785278594.3609838,True,False,True,False
1785278594.4045339,1785278594.3909822,True,False,True,False
1785278594.4045339,1785278594.3909822,True,False,False,False
1785278594.4045339,1785278594.3909822,True,False,False,False
1785278594.4345772,1785278594.4209821,True,False,False,False
1785278594.4345772,1785278594.4209821,True,False,False,False
1785278594.4345772,1785278594.4209821,True,False,False,False
1785278594.4345772,1785278594.4209821,True,False,False,False
1785278594.4641354,1785278594.4520383,True,False,False,False
1785278594.4641354,1785278594.4520383,True,False,False,False
1785278594.4941618,1785278594.4809842,True,False,False,False
1785278594.4941618,1785278594.4809842,True,False,False,False
1785278594.4941618,1785278594.4809842,True,False,False,False
1785278594.524612,1785278594.5109727,True,False,False,False
1785278594.524612,1785278594.5109727,True,False,False,False
1785278594.524612,1785278594.5109727,True,False,False,False
1785278594.5545208,1785278594.540969,True,False,False,False
1785278594.5545208,1785278594.540969,True,False,False,False
1785278594.5545208,1785278594.540969,True,False,False,False
1785278594.5843248,1785278594.5709658,True,False,False,False
1785278594.5843248,1785278594.5709658,True,False,False,False
1785278594.5843248,1785278594.5709658,True,False,False,False
1785278594.5843248,1785278594.5709658,True,False,False,False
1785278594.6243365,1785278594.610972,True,False,False,False
1785278594.6243365,1785278594.610972,True,False,False,False
1785278594.6243365,1785278594.610972,True,False,False,False
1785278594.6541703,1785278594.6410005,True,False,False,False
1785278594.6541703,1785278594.6410005,True,False,False,False
1785278594.6541703,1785278594.6410005,True,False,False,False
1785278594.6844015,1785278594.6709845,True,False,False,False
1785278594.6844015,1785278594.6709845,True,False,False,False
1785278594.6844015,1785278594.6709845,True,False,False,False
1785278594.7150223,1785278594.7010288,True,False,False,False
1785278594.7150223,1785278594.7010288,True,False,False,False
1785278594.7150223,1785278594.7010288,True,False,False,False
1785278594.7443862,1785278594.7309825,True,False,False,False
1785278594.7443862,1785278594.7309825,True,False,False,False
1785278594.7443862,1785278594.7309825,True,False,False,False
1785278594.7740097,1785278594.7609732,True,False,False,False
1785278594.7740097,1785278594.7609732,True,False,False,False
1785278594.7740097,1785278594.7609732,True,False,False,False
1785278594.7740097,1785278594.7609732,True,False,False,False
1785278594.7740097,1785278594.7609732,True,False,False,False
1785278594.8236957,1785278594.8109698,True,False,False,False
1785278594.8236957,1785278594.8109698,True,False,False,False
1785278594.8236957,1785278594.8109698,True,False,False,False
1785278594.8542635,1785278594.8410048,True,False,False,False
1785278594.8542635,1785278594.8410048,True,False,False,False
1785278594.8542635,1785278594.8410048,True,False,False,False
1785278594.8842459,1785278594.8709776,True,False,False,False
1785278594.8842459,1785278594.8709776,False,False,False,False
1785278594.8842459,1785278594.8709776,False,False,False,False
1785278594.914727,1785278594.9009726,False,False,False,False
1785278594.914727,1785278594.9009726,False,False,False,False
1785278594.914727,1785278594.9009726,False,False,False,False
1785278594.914727,1785278594.9009726,False,False,False,False
1785278594.9440894,1785278594.931994,False,False,False,False
1785278594.9440894,1785278594.931994,False,False,False,False
1785278594.974522,1785278594.9609852,False,False,False,False
1785278594.974522,1785278594.9609852,False,True,False,False
1785278594.974522,1785278594.9609852,False,True,False,False
1785278595.0046556,1785278594.990975,False,True,False,False
1785278595.0046556,1785278594.990975,False,True,False,False
1785278595.0046556,1785278594.990975,False,True,False,False
1785278595.0046556,1785278594.990975,False,True,False,False
1785278595.04355,1785278595.0309746,False,True,False,False
1785278595.04355,1785278595.0309746,False,True,False,False
1785278595.04355,1785278595.0309746,False,True,False,False
1785278595.074522,1785278595.060975,False,True,False,False
1785278595.074522,1785278595.060975,False,True,False,False
1785278595.074522,1785278595.060975,False,True,False,False
1785278595.104195,1785278595.0909677,False,True,False,False
1785278595.104195,1785278595.0909677,False,True,False,False
1785278595.104195,1785278595.0909677,False,True,False,False
1785278595.1342554,1785278595.121004,False,True,False,False
1785278595.1342554,1785278595.121004,False,True,False,False
1785278595.1342554,1785278595.121004,False,True,False,False
1785278595.164263,1785278595.1510017,False,True,False,False
1785278595.164263,1785278595.1510017,False,True,False,False
1785278595.1946619,1785278595.1709824,False,True,False,False
1785278595.1946619,1785278595.1709824,False,True,False,False
1785278595.1946619,1785278595.1709824,False,True,False,False
1785278595.1946619,1785278595.1709824,False,True,False,False
1785278595.1946619,1785278595.1709824,False,True,False,False
1785278595.1946619,1785278595.1709824,False,True,False,False
1785278595.1946619,1785278595.1709824,False,True,False,False
1785278595.1946619,1785278595.1709824,False,True,False,False
1785278595.1946619,1785278595.1709824,False,True,False,False
1785278595.1946619,1785278595.1709824,False,True,False,False
1785278595.1946619,1785278595.1709824,False,True,False,False
1785278595.1946619,1785278595.1709824,False,True,False,False
1785278595.1946619,1785278595.1709824,False,True,False,False
1785278595.1946619,1785278595.1709824,False,True,False,False
1785278595.1946619,1785278595.1709824,False,True,False,False
1785278595.1946619,1785278595.1709824,False,True,False,False
1785278595.1946619,1785278595.1709824,False,True,False,False
1785278595.1946619,1785278595.1709824,False,True,False,False
1785278595.1946619,1785278595.1709824,False,True,False,False
1785278595.1946619,1785278595.1709824,False,True,False,False
1785278595.1946619,1785278595.1709824,False,True,False,False
1785278595.1946619,1785278595.1709824,False,True,False,False
1785278595.1946619,1785278595.1709824,False,True,False,False
1785278595.1946619,1785278595.1709824,False,True,False,False
1785278595.1946619,1785278595.1709824,False,True,False,False
1785278595.1946619,1785278595.1709824,False,True,False,False
1785278595.1946619,1785278595.1709824,False,True,False,False
1785278595.1946619,1785278595.1709824,False,True,False,False
1785278595.1946619,1785278595.1709824,False,True,False,False
1785278595.1946619,1785278595.1709824,False,True,False,False
1785278595.1946619,1785278595.1709824,False,True,False,False
1785278595.1946619,1785278595.1709824,False,True,False,False
1785278595.1946619,1785278595.1709824,False,True,False,False
1785278595.1946619,1785278595.1709824,False,True,False,False
1785278595.1946619,1785278595.1709824,False,True,False,False
1785278595.1946619,1785278595.1709824,False,True,False,False
1785278595.1946619,1785278595.1709824,False,True,False,False
1785278595.1946619,1785278595.1709824,False,True,False,False
1785278595.1946619,1785278595.1709824,False,True,False,False
1785278595.1946619,1785278595.1709824,False,True,False,False
1785278595.1946619,1785278595.1709824,False,True,False,False
1785278595.1946619,1785278595.1709824,False,True,False,False
1785278595.1946619,1785278595.1709824,False,True,False,False
1785278595.1946619,1785278595.1709824,False,True,False,False
1785278595.1946619,1785278595.1709824,False,True,False,False
1785278595.1946619,1785278595.1709824,False,True,False,False
1785278595.1946619,1785278595.1709824,False,True,False,False
1785278595.1946619,1785278595.1709824,False,True,False,False
1785278595.1946619,1785278595.1709824,False,True,False,False
1785278595.1946619,1785278595.1709824,False,True,False,False
1785278595.1946619,1785278595.1709824,False,True,False,False
1785278595.1946619,1785278595.1709824,False,True,False,False
1785278595.1946619,1785278595.1709824,False,True,False,False
1785278595.1946619,1785278595.1709824,False,True,False,False
1785278595.1946619,1785278595.1709824,False,True,False,False
1785278595.1946619,1785278595.1709824,False,True,False,False
1785278595.1946619,1785278595.1709824,False,True,False,False
1785278595.1946619,1785278595.1709824,False,True,False,False
1785278595.1946619,1785278595.1709824,False,True,False,False
1785278595.1946619,1785278595.1709824,False,True,False,False
1785278595.1946619,1785278595.1709824,False,True,False,False
1785278595.1946619,1785278595.1709824,False,True,False,False
1785278595.1946619,1785278595.1709824,False,True,False,False
1785278595.1946619,1785278595.1709824,False,True,False,False
1785278595.1946619,1785278595.1709824,False,True,False,False
1785278595.1946619,1785278595.1709824,False,True,False,False
1785278595.1946619,1785278595.1709824,False,True,False,False
1785278595.1946619,1785278595.1709824,False,True,False,False
1785278595.1946619,1785278595.1709824,False,True,False,False
1785278595.1946619,1785278595.1709824,False,True,False,False
1785278595.1946619,1785278595.1709824,False,True,False,False
1785278595.1946619,1785278595.1709824,False,True,False,False
1785278595.1946619,1785278595.1709824,False,True,False,False
1785278595.1946619,1785278595.1709824,False,True,False,False
1785278595.1946619,1785278595.1709824,False,True,False,False
1785278595.1946619,1785278595.1709824,False,True,False,False
1785278595.1946619,1785278595.1709824,False,True,False,False
1785278595.1946619,1785278595.1709824,False,True,False,False
1785278595.1946619,1785278595.1709824,False,True,False,False
1785278595.1946619,1785278595.1709824,False,True,False,False
1785278595.1946619,1785278595.1709824,False,True,False,False
1785278595.1946619,1785278595.1709824,False,True,False,False
1785278595.1946619,1785278595.1709824,False,True,False,False
1785278595.1946619,1785278595.1709824,False,True,False,False
1785278595.1946619,1785278595.1709824,False,True,False,False
1785278595.1946619,1785278595.1709824,False,True,False,False
1785278595.1946619,1785278595.1709824,False,True,False,False
1785278595.1946619,1785278595.1709824,False,True,False,False
1785278595.1946619,1785278595.1709824,False,True,False,False
1785278595.1946619,1785278595.1709824,False,True,False,False
1785278595.1946619,1785278595.1709824,False,True,False,False
1785278595.1946619,1785278595.1709824,False,True,False,False
1785278595.1946619,1785278595.1709824,False,True,False,False
1785278595.1946619,1785278595.1709824,False,True,False,False
1785278595.1946619,1785278595.1709824,False,True,False,False
1785278595.1946619,1785278595.1709824,False,True,False,False
1785278595.1946619,1785278595.1709824,False,True,False,False
1785278595.1946619,1785278595.1709824,False,True,False,False
1785278595.1946619,1785278595.1709824,False,True,False,False
1785278595.1946619,1785278595.1709824,False,True,False,False
1785278595.1946619,1785278595.1709824,False,True,False,False
1785278595.1946619,1785278595.1709824,False,True,False,False
1785278595.1946619,1785278595.1709824,False,True,False,False
1785278595.1946619,1785278595.1709824,False,True,False,False
1785278595.1946619,1785278595.1709824,False,True,False,False
1785278595.1946619,1785278595.1709824,False,True,False,False
1785278595.1946619,1785278595.1709824,False,True,False,False
1785278595.1946619,1785278595.1709824,False,True,False,False
1785278595.1946619,1785278595.1709824,False,True,False,False
1785278595.1946619,1785278595.1709824,False,True,False,False
1785278595.1946619,1785278595.1709824,False,True,False,False
1785278595.1946619,1785278595.1709824,False,True,False,False
1785278595.1946619,1785278595.1709824,False,True,False,False
1785278595.1946619,1785278595.1709824,False,True,False,False
1785278595.1946619,1785278595.1709824,False,True,False,False
1785278595.1946619,1785278595.1709824,False,True,False,False
1785278595.1946619,1785278595.1709824,False,True,False,False
1785278595.1946619,1785278595.1709824,False,True,False,False
1785278595.1946619,1785278595.1709824,False,True,False,False
1785278595.1946619,1785278595.1709824,False,True,False,False
1785278595.1946619,1785278595.1709824,False,True,False,False
1785278595.1946619,1785278595.1709824,False,True,False,False
1785278595.1946619,1785278595.1709824,False,True,False,False
1785278595.1946619,1785278595.1709824,False,True,False,False
1785278595.1946619,1785278595.1709824,False,True,False,False
1785278595.1946619,1785278595.1709824,False,True,False,False
1785278595.1946619,1785278595.1709824,False,True,False,False
1785278595.1946619,1785278595.1709824,False,True,False,False
1785278595.1946619,1785278595.1709824,False,True,False,False
1785278595.1946619,1785278595.1709824,False,True,False,False
1785278595.1946619,1785278595.1709824,False,True,False,False
1785278595.1946619,1785278595.1709824,False,True,False,False
1785278595.1946619,1785278595.1709824,False,True,False,False
1785278595.1946619,1785278595.1709824,False,True,False,False
1785278595.1946619,1785278595.1709824,False,True,False,False
1785278595.1946619,1785278595.1709824,False,True,False,False
1785278595.1946619,1785278595.1709824,False,True,False,False
1785278595.1946619,1785278595.1709824,False,True,False,False
1785278595.1946619,1785278595.1709824,False,True,False,False
1785278595.1946619,1785278595.1709824,False,True,False,False
1785278595.1946619,1785278595.1709824,False,True,False,False
1785278595.1946619,1785278595.1709824,False,True,False,False
1785278595.1946619,1785278595.1709824,False,True,False,False
1785278595.1946619,1785278595.1709824,False,True,False,False
1785278595.1946619,1785278595.1709824,False,True,False,False
1785278595.1946619,1785278595.1709824,False,True,False,False
1785278595.1946619,1785278595.1709824,False,True,False,False
1785278595.1946619,1785278595.1709824,False,True,False,False
1785278595.1946619,1785278595.1709824,False,True,False,False
1785278595.1946619,1785278595.1709824,False,True,False,False
1785278595.1946619,1785278595.1709824,False,True,False,False
1785278595.1946619,1785278595.1709824,False,True,False,False
1785278595.1946619,1785278595.1709824,False,True,False,False
1785278595.1946619,1785278595.1709824,False,True,False,False
1785278595.1946619,1785278595.1709824,False,True,False,False
1785278595.1946619,1785278595.1709824,False,True,False,False
1785278595.1946619,1785278595.1709824,False,True,False,False
1785278595.1946619,1785278595.1709824,False,True,False,False
1785278595.1946619,1785278595.1709824,False,True,False,False
1785278595.1946619,1785278595.1709824,False,True,False,False
1785278595.1946619,1785278595.1709824,False,True,False,False
1785278595.1946619,1785278595.1709824,False,True,False,False
1785278595.1946619,1785278595.1709824,False,True,False,False
1785278595.1946619,1785278595.1709824,False,True,False,False
1785278595.1946619,1785278595.1709824,False,True,False,False
1785278595.1946619,1785278595.1709824,False,True,False,False
1785278595.1946619,1785278595.1709824,False,True,False,False
1785278595.1946619,1785278595.1709824,False,True,False,False
1785278595.1946619,1785278595.1709824,False,True,False,False
1785278595.1946619,1785278595.1709824,False,True,False,False
1785278595.1946619,1785278595.1709824,False,True,False,False
1785278595.1946619,1785278595.1709824,False,True,False,False
1785278595.1946619,1785278595.1709824,False,True,False,False
1785278595.1946619,1785278595.1709824,False,True,False,False
1785278595.1946619,1785278595.1709824,False,True,False,False
1785278595.1946619,1785278595.1709824,False,True,False,False
1785278595.1946619,1785278595.1709824,False,True,False,False
1785278595.1946619,1785278595.1709824,False,True,False,False
1785278595.1946619,1785278595.1709824,False,True,False,False
1785278595.1946619,1785278595.1709824,False,True,False,False
1785278595.1946619,1785278595.1709824,False,True,False,False
1785278595.1946619,1785278595.1709824,False,True,False,False
1785278595.1946619,1785278595.1709824,False,True,False,False
1785278595.1946619,1785278595.1709824,False,True,False,False
1785278595.1946619,1785278595.1709824,False,True,False,False
1785278595.1946619,1785278595.1709824,False,True,False,False
1785278595.1946619,1785278595.1709824,False,True,False,False
1785278595.1946619,1785278595.1709824,False,True,False,False
1785278595.1946619,1785278595.1709824,False,True,False,False
1785278595.1946619,1785278595.1709824,False,True,False,False
1785278595.1946619,1785278595.1709824,False,True,False,False
1785278595.1946619,1785278595.1709824,False,True,False,False
1785278595.1946619,1785278595.1709824,False,True,False,False
1785278595.1946619,1785278595.1709824,False,True,False,False
1785278595.1946619,1785278595.1709824,False,True,False,False
1785278595.1946619,1785278595.1709824,False,True,False,False
1785278595.1946619,1785278595.1709824,False,True,False,False
1785278595.1946619,1785278595.1709824,False,True,False,False
1785278595.1946619,1785278595.1709824,False,True,False,False
1785278595.1946619,1785278595.1709824,False,True,False,False
1785278595.1946619,1785278595.1709824,False,True,False,False
1785278595.1946619,1785278595.1709824,False,True,False,False
1785278595.1946619,1785278595.1709824,False,True,False,False
1785278595.1946619,1785278595.1709824,False,True,False,False
1785278595.1946619,1785278595.1709824,False,True,False,False
1785278595.1946619,1785278595.1709824,False,True,False,False
1785278595.1946619,1785278595.1709824,False,True,False,False
1785278595.1946619,1785278595.1709824,False,True,False,False
1785278595.1946619,1785278595.1709824,False,True,False,False
1785278595.1946619,1785278595.1709824,False,True,False,False
1785278595.1946619,1785278595.1709824,False,True,False,False
1785278595.1946619,1785278595.1709824,False,True,False,False
1785278595.1946619,1785278595.1709824,False,True,False,False
1785278595.1946619,1785278595.1709824,False,True,False,False
1785278595.1946619,1785278595.1709824,False,True,False,False
1785278595.1946619,1785278595.1709824,False,True,False,False
1785278595.1946619,1785278595.1709824,False,True,False,False
1785278595.1946619,1785278595.1709824,False,True,False,False
1785278595.1946619,1785278595.1709824,False,True,False,False
1785278595.1946619,1785278595.1709824,False,True,False,False
1785278595.1946619,1785278595.1709824,False,True,False,False
1785278595.1946619,1785278595.1709824,False,True,False,False
1785278595.1946619,1785278595.1709824,False,True,False,False
1785278595.1946619,1785278595.1709824,False,True,False,False
1785278595.1946619,1785278595.1709824,False,True,False,False
1785278595.1946619,1785278595.1709824,False,True,False,False
1785278595.1946619,1785278595.1709824,False,True,False,False
1785278595.1946619,1785278595.1709824,False,True,False,False
1785278595.1946619,1785278595.1709824,False,True,False,False
1785278595.1946619,1785278595.1709824,False,True,False,False
1785278595.1946619,1785278595.1709824,False,True,False,False
1785278595.1946619,1785278595.1709824,False,True,False,False
1785278595.1946619,1785278595.1709824,False,True,False,False
1785278595.1946619,1785278595.1709824,False,True,False,False
1785278595.1946619,1785278595.1709824,False,True,False,False
1785278595.1946619,1785278595.1709824,False,True,False,False
1785278595.1946619,1785278595.1709824,False,True,False,False
1785278595.1946619,1785278595.1709824,False,True,False,False
1785278595.1946619,1785278595.1709824,False,True,False,False
1785278595.1946619,1785278595.1709824,False,True,False,False
1785278595.1946619,1785278595.1709824,False,True,False,False
1785278595.1946619,1785278595.1709824,False,True,False,False
1785278595.1946619,1785278595.1709824,False,True,False,False
1785278595.1946619,1785278595.1709824,False,True,False,False
1785278595.1946619,1785278595.1709824,False,True,False,False
1785278595.1946619,1785278595.1709824,False,True,False,False
1785278595.1946619,1785278595.1709824,False,True,False,False
1785278595.1946619,1785278595.1709824,False,True,False,False
1785278595.1946619,1785278595.1709824,False,True,False,False
1785278595.1946619,1785278595.1709824,False,True,False,False
1785278595.1946619,1785278595.1709824,False,True,False,False
1785278595.1946619,1785278595.1709824,False,True,False,False
1785278595.1946619,1785278595.1709824,False,True,False,False
1785278595.1946619,1785278595.1709824,False,True,False,False
1785278595.1946619,1785278595.1709824,False,True,False,False
1785278595.1946619,1785278595.1709824,False,True,False,False
1785278595.1946619,1785278595.1709824,False,True,False,False
1785278595.1946619,1785278595.1709824,False,True,False,False
1785278595.1946619,1785278595.1709824,False,True,False,False
1785278595.1946619,1785278595.1709824,False,True,False,False
1785278595.1946619,1785278595.1709824,False,True,False,False
1785278595.1946619,1785278595.1709824,False,True,False,False
1785278595.1946619,1785278595.1709824,False,True,False,False
1785278595.1946619,1785278595.1709824,False,True,False,False
1785278595.1946619,1785278595.1709824,False,True,False,False
1785278595.1946619,1785278595.1709824,False,True,False,False
1785278595.1946619,1785278595.1709824,False,True,False,False
1785278595.1946619,1785278595.1709824,False,True,False,False
1785278595.1946619,1785278595.1709824,False,True,False,False
1785278595.1946619,1785278595.1709824,False,True,False,False
1785278595.1946619,1785278595.1709824,False,True,False,False
1785278595.1946619,1785278595.1709824,False,True,False,False
1785278595.1946619,1785278595.1709824,False,True,False,False
1785278595.1946619,1785278595.1709824,False,True,False,False
1785278595.1946619,1785278595.1709824,False,True,False,False
1785278595.1946619,1785278595.1709824,False,True,False,False
1785278595.1946619,1785278595.1709824,False,True,False,False
1785278595.1946619,1785278595.1709824,False,True,False,False
1785278595.1946619,1785278595.1709824,False,True,False,False
1785278595.1946619,1785278595.1709824,False,True,False,False
1785278595.1946619,1785278595.1709824,False,True,False,False
1785278595.1946619,1785278595.1709824,False,True,False,False
1785278595.1946619,1785278595.1709824,False,True,False,False
1785278595.1946619,1785278595.1709824,False,True,False,False
1785278595.1946619,1785278595.1709824,False,True,False,False
1785278595.1946619,1785278595.1709824,False,True,False,False
1785278595.1946619,1785278595.1709824,False,True,False,False
1785278595.1946619,1785278595.1709824,False,True,False,False
1785278595.1946619,1785278595.1709824,False,True,False,False
1785278595.1946619,1785278595.1709824,False,True,False,False
1785278595.1946619,1785278595.1709824,False,True,False,False
1785278595.1946619,1785278595.1709824,False,True,False,False
1785278595.1946619,1785278595.1709824,False,True,False,False
1785278595.1946619,1785278595.1709824,False,True,False,False
1785278595.1946619,1785278595.1709824,False,True,False,False
1785278595.1946619,1785278595.1709824,False,True,False,False
1785278595.1946619,1785278595.1709824,False,True,False,False
1785278595.1946619,1785278595.1709824,False,True,False,False
1785278595.1946619,1785278595.1709824,False,True,False,False
1785278595.1946619,1785278595.1709824,False,True,False,False
1785278595.1946619,1785278595.1709824,False,True,False,False
1785278595.1946619,1785278595.1709824,False,True,False,False
1785278595.1946619,1785278595.1709824,False,True,False,False
1785278595.1946619,1785278595.1709824,False,True,False,False
1785278595.1946619,1785278595.1709824,False,True,False,False
1785278595.1946619,1785278595.1709824,False,True,False,False
1785278595.1946619,1785278595.1709824,False,True,False,False
1785278595.1946619,1785278595.1709824,False,True,False,False
1785278595.1946619,1785278595.1709824,False,True,False,False
1785278595.1946619,1785278595.1709824,False,True,False,False
1785278595.1946619,1785278595.1709824,False,True,False,False
1785278595.1946619,1785278595.1709824,False,True,False,False
1785278595.1946619,1785278595.1709824,False,True,False,False
1785278595.1946619,1785278595.1709824,False,True,False,False
1785278595.1946619,1785278595.1709824,False,True,False,False
1785278595.1946619,1785278595.1709824,False,True,False,False
1785278595.1946619,1785278595.1709824,False,True,False,False
1785278595.1946619,1785278595.1709824,False,True,False,False
1785278595.1946619,1785278595.1709824,False,True,False,False
1785278595.1946619,1785278595.1709824,False,True,False,False
1785278595.1946619,1785278595.1709824,False,True,False,False
1785278595.1946619,1785278595.1709824,False,True,False,False
1785278595.1946619,1785278595.1709824,False,True,False,False
1785278595.1946619,1785278595.1709824,False,True,False,False
1785278595.1946619,1785278595.1709824,False,True,False,False
1785278595.1946619,1785278595.1709824,False,True,False,False
1785278595.1946619,1785278595.1709824,False,True,False,False
1785278595.1946619,1785278595.1709824,False,True,False,False
1785278595.1946619,1785278595.1709824,False,True,False,False
1785278595.1946619,1785278595.1709824,False,True,False,False
1785278595.1946619,1785278595.1709824,False,True,False,False
1785278595.1946619,1785278595.1709824,False,True,False,False
1785278595.1946619,1785278595.1709824,False,True,False,False
1785278595.1946619,1785278595.1709824,False,True,False,False
1785278595.1946619,1785278595.1709824,False,True,False,False
1785278595.1946619,1785278595.1709824,False,True,False,False
1785278595.1946619,1785278595.1709824,False,True,False,False
1785278595.1946619,1785278595.1709824,False,True,False,False
1785278595.1946619,1785278595.1709824,False,True,False,False
1785278595.1946619,1785278595.1709824,False,True,False,False
1785278595.1946619,1785278595.1709824,False,True,False,False
1785278595.1946619,1785278595.1709824,False,True,False,False
1785278595.1946619,1785278595.1709824,False,True,False,False
1785278595.1946619,1785278595.1709824,False,True,False,False
1785278595.1946619,1785278595.1709824,False,True,False,False
1785278595.1946619,1785278595.1709824,False,True,False,False
1785278595.1946619,1785278595.1709824,False,True,False,False
1785278595.1946619,1785278595.1709824,False,True,False,False
1785278595.1946619,1785278595.1709824,False,True,False,False
1785278595.1946619,1785278595.1709824,False,True,False,False
1785278595.1946619,1785278595.1709824,False,True,False,False
1785278595.1946619,1785278595.1709824,False,True,False,False
1785278595.1946619,1785278595.1709824,False,True,False,False
1785278595.1946619,1785278595.1709824,False,True,False,False
1785278595.1946619,1785278595.1709824,False,True,False,False
1785278595.1946619,1785278595.1709824,False,True,False,False
1785278595.1946619,1785278595.1709824,False,True,False,False
1785278595.1946619,1785278595.1709824,False,True,False,False
1785278595.1946619,1785278595.1709824,False,True,False,False
1785278595.1946619,1785278595.1709824,False,True,False,False
1785278595.1946619,1785278595.1709824,False,True,False,False
1785278595.1946619,1785278595.1709824,False,True,False,False
1785278595.1946619,1785278595.1709824,False,True,False,False
1785278595.1946619,1785278595.1709824,False,True,False,False
1785278595.1946619,1785278595.1709824,False,True,False,False
1785278595.1946619,1785278595.1709824,False,True,False,False
1785278595.1946619,1785278595.1709824,False,True,False,False
1785278595.1946619,1785278595.1709824,False,True,False,False
1785278595.1946619,1785278595.1709824,False,True,False,False
1785278595.1946619,1785278595.1709824,False,True,False,False
1785278595.1946619,1785278595.1709824,False,True,False,False
1785278595.1946619,1785278595.1709824,False,True,False,False
1785278595.1946619,1785278595.1709824,False,True,False,False
1785278595.1946619,1785278595.1709824,False,True,False,False
1785278595.1946619,1785278595.1709824,False,True,False,False
1785278595.1946619,1785278595.1709824,False,True,False,False
1785278595.1946619,1785278595.1709824,False,True,False,False
1785278595.1946619,1785278595.1709824,False,True,False,False
1785278595.1946619,1785278595.1709824,False,True,False,False
1785278595.1946619,1785278595.1709824,False,True,False,False
1785278595.1946619,1785278595.1709824,False,True,False,False
1785278595.1946619,1785278595.1709824,False,True,False,False
1785278595.1946619,1785278595.1709824,False,True,False,False
1785278595.1946619,1785278595.1709824,False,True,False,False
1785278595.1946619,1785278595.1709824,False,True,False,False
1785278595.1946619,1785278595.1709824,False,True,False,False
1785278595.1946619,1785278595.1709824,False,True,False,False
1785278595.1946619,1785278595.1709824,False,True,False,False
1785278595.1946619,1785278595.1709824,False,True,False,False
1785278595.1946619,1785278595.1709824,False,True,False,False
1785278595.1946619,1785278595.1709824,False,True,False,False
1785278595.1946619,1785278595.1709824,False,True,False,False
1785278595.1946619,1785278595.1709824,False,True,False,False
1785278595.1946619,1785278595.1709824,False,True,False,False
1785278595.1946619,1785278595.1709824,False,True,False,False
1785278595.1946619,1785278595.1709824,False,True,False,False
1785278595.1946619,1785278595.1709824,False,True,False,False
1785278595.1946619,1785278595.1709824,False,True,False,False
1785278595.1946619,1785278595.1709824,False,True,False,False
1785278595.1946619,1785278595.1709824,False,True,False,False
1785278595.1946619,1785278595.1709824,False,True,False,False
1785278595.1946619,1785278595.1709824,False,True,False,False
1785278595.1946619,1785278595.1709824,False,True,False,False
1785278595.1946619,1785278595.1709824,False,True,False,False
1785278595.1946619,1785278595.1709824,False,True,False,False
1785278595.1946619,1785278595.1709824,False,True,False,False
1785278595.1946619,1785278595.1709824,False,True,False,False
1785278595.1946619,1785278595.1709824,False,True,False,False
1785278595.1946619,1785278595.1709824,False,True,False,False
1785278595.1946619,1785278595.1709824,False,True,False,False
1785278595.1946619,1785278595.1709824,False,True,False,False
1785278595.1946619,1785278595.1709824,False,True,False,False
1785278595.1946619,1785278595.1709824,False,True,False,False
1785278595.1946619,1785278595.1709824,False,True,False,False
1785278595.1946619,1785278595.1709824,False,True,False,False
1785278595.1946619,1785278595.1709824,False,True,False,False
1785278595.1946619,1785278595.1709824,False,True,False,False
1785278595.1946619,1785278595.1709824,False,True,False,False
1785278595.1946619,1785278595.1709824,False,True,False,False
1785278595.1946619,1785278595.1709824,False,True,False,False
1785278595.1946619,1785278595.1709824,False,True,False,False
1785278595.1946619,1785278595.1709824,False,True,False,False
1785278595.1946619,1785278595.1709824,False,True,False,False
1785278595.1946619,1785278595.1709824,False,True,False,False
1785278595.1946619,1785278595.1709824,False,True,False,False
1785278595.1946619,1785278595.1709824,False,True,False,False
1785278595.1946619,1785278595.1709824,False,True,False,False
1785278595.1946619,1785278595.1709824,False,True,False,False
1785278595.1946619,1785278595.1709824,False,True,False,False
1785278595.1946619,1785278595.1709824,False,True,False,False
1785278595.1946619,1785278595.1709824,False,True,False,False
1785278595.1946619,1785278595.1709824,False,True,False,False
1785278595.1946619,1785278595.1709824,False,True,False,False
1785278595.1946619,1785278595.1709824,False,True,False,False
1785278595.1946619,1785278595.1709824,False,True,False,False
1785278595.1946619,1785278595.1709824,False,True,False,False
1785278595.1946619,1785278595.1709824,False,True,False,False
1785278595.1946619,1785278595.1709824,False,True,False,False
1785278595.1946619,1785278595.1709824,False,True,False,False
1785278595.1946619,1785278595.1709824,False,True,False,False
1785278595.1946619,1785278595.1709824,False,True,False,False
1785278595.1946619,1785278595.1709824,False,True,False,False
1785278595.1946619,1785278595.1709824,False,True,False,False
1785278595.1946619,1785278595.1709824,False,True,False,False
1785278595.1946619,1785278595.1709824,False,True,False,False
1785278595.1946619,1785278595.1709824,False,True,False,False
1785278595.1946619,1785278595.1709824,False,True,False,False
1785278595.1946619,1785278595.1709824,False,True,False,False
1785278595.1946619,1785278595.1709824,False,True,False,False
1785278595.1946619,1785278595.1709824,False,True,False,False
1785278595.1946619,1785278595.1709824,False,True,False,False
1785278595.1946619,1785278595.1709824,False,True,False,False
1785278595.1946619,1785278595.1709824,False,True,False,False
1785278595.1946619,1785278595.1709824,False,True,False,False
1785278595.1946619,1785278595.1709824,False,True,False,False
1785278595.1946619,1785278595.1709824,False,True,False,False
1785278595.1946619,1785278595.1709824,False,True,False,False
1785278595.1946619,1785278595.1709824,False,True,False,False
1785278595.1946619,1785278595.1709824,False,True,False,False
1785278595.1946619,1785278595.1709824,False,True,False,False
1785278595.1946619,1785278595.1709824,False,True,False,False
1785278595.1946619,1785278595.1709824,False,True,False,False
1785278595.1946619,1785278595.1709824,False,True,False,False
1785278595.1946619,1785278595.1709824,False,True,False,False
1785278595.1946619,1785278595.1709824,False,True,False,False
1785278595.1946619,1785278595.1709824,False,True,False,False
1785278595.1946619,1785278595.1709824,False,True,False,False
1785278595.1946619,1785278595.1709824,False,True,False,False
1785278595.1946619,1785278595.1709824,False,True,False,False
1785278595.1946619,1785278595.1709824,False,True,False,False
1785278595.1946619,1785278595.1709824,False,True,False,False
1785278595.1946619,1785278595.1709824,False,True,False,False
1785278595.1946619,1785278595.1709824,False,True,False,False
1785278595.1946619,1785278595.1709824,False,True,False,False
1785278595.1946619,1785278595.1709824,False,True,False,False
1785278595.1946619,1785278595.1709824,False,True,False,False
1785278595.1946619,1785278595.1709824,False,True,False,False
1785278595.1946619,1785278595.1709824,False,True,False,False
1785278595.1946619,1785278595.1709824,False,True,False,False
1785278595.1946619,1785278595.1709824,False,True,False,False
1785278595.1946619,1785278595.1709824,False,True,False,False
1785278595.1946619,1785278595.1709824,False,True,False,False
1785278595.1946619,1785278595.1709824,False,True,False,False
1785278595.1946619,1785278595.1709824,False,True,False,False
1785278595.1946619,1785278595.1709824,False,True,False,False
1785278595.1946619,1785278595.1709824,False,True,False,False
1785278595.1946619,1785278595.1709824,False,True,False,False
1785278595.1946619,1785278595.1709824,False,True,False,False
1785278595.1946619,1785278595.1709824,False,True,False,False
1785278595.1946619,1785278595.1709824,False,True,False,False
1785278595.1946619,1785278595.1709824,False,True,False,False
1785278595.1946619,1785278595.1709824,False,True,False,False
1785278595.1946619,1785278595.1709824,False,True,False,False
1785278595.1946619,1785278595.1709824,False,True,False,False
1785278595.1946619,1785278595.1709824,False,True,False,False
1785278595.1946619,1785278595.1709824,False,True,False,False
1785278595.1946619,1785278595.1709824,False,True,False,False
1785278595.1946619,1785278595.1709824,False,True,False,False
1785278595.1946619,1785278595.1709824,False,True,False,False
1785278595.1946619,1785278595.1709824,False,True,False,False
1785278595.1946619,1785278595.1709824,False,True,False,False
1785278595.1946619,1785278595.1709824,False,True,False,False
1785278595.1946619,1785278595.1709824,False,True,False,False
1785278595.1946619,1785278595.1709824,False,True,False,False
1785278595.1946619,1785278595.1709824,False,True,False,False
1785278595.1946619,1785278595.1709824,False,True,False,False
1785278595.1946619,1785278595.1709824,False,True,False,False
1785278595.1946619,1785278595.1709824,False,True,False,False
1785278595.1946619,1785278595.1709824,False,True,False,False
1785278595.1946619,1785278595.1709824,False,True,False,False
1785278595.1946619,1785278595.1709824,False,True,False,False
1785278595.1946619,1785278595.1709824,False,True,False,False
1785278595.1946619,1785278595.1709824,False,True,False,False
1785278595.1946619,1785278595.1709824,False,True,False,False
1785278595.1946619,1785278595.1709824,False,True,False,False
1785278595.1946619,1785278595.1709824,False,True,False,False
1785278595.1946619,1785278595.1709824,False,True,False,False
1785278595.1946619,1785278595.1709824,False,True,False,False
1785278595.1946619,1785278595.1709824,False,True,False,False
1785278595.1946619,1785278595.1709824,False,True,False,False
1785278595.1946619,1785278595.1709824,False,True,False,False
1785278595.1946619,1785278595.1709824,False,True,False,False
1785278595.1946619,1785278595.1709824,False,True,False,False
1785278595.1946619,1785278595.1709824,False,True,False,False
1785278595.1946619,1785278595.1709824,False,True,False,False
1785278595.1946619,1785278595.1709824,False,True,False,False
1785278595.1946619,1785278595.1709824,False,True,False,False
1785278595.1946619,1785278595.1709824,False,True,False,False
1785278595.1946619,1785278595.1709824,False,True,False,False
1785278595.1946619,1785278595.1709824,False,True,False,False
1785278595.1946619,1785278595.1709824,False,True,False,False
1785278595.1946619,1785278595.1709824,False,True,False,False
1785278595.1946619,1785278595.1709824,False,True,False,False
1785278595.1946619,1785278595.1709824,False,True,False,False
1785278595.1946619,1785278595.1709824,False,True,False,False
1785278595.1946619,1785278595.1709824,False,True,False,False
1785278595.1946619,1785278595.1709824,False,True,False,False
1785278595.1946619,1785278595.1709824,False,True,False,False
1785278595.1946619,1785278595.1709824,False,True,False,False
1785278595.1946619,1785278595.1709824,False,True,False,False
1785278595.1946619,1785278595.1709824,False,True,False,False
1785278595.1946619,1785278595.1709824,False,True,False,False
1785278595.1946619,1785278595.1709824,False,True,False,False
1785278595.1946619,1785278595.1709824,False,True,False,False
1785278595.1946619,1785278595.1709824,False,True,False,False
1785278595.1946619,1785278595.1709824,False,True,False,False
1785278595.1946619,1785278595.1709824,False,True,False,False
1785278595.1946619,1785278595.1709824,False,True,False,False
1785278595.1946619,1785278595.1709824,False,True,False,False
1785278595.1946619,1785278595.1709824,False,True,False,False
1785278595.1946619,1785278595.1709824,False,True,False,False
1785278595.1946619,1785278595.1709824,False,True,False,False
1785278595.1946619,1785278595.1709824,False,True,False,False
1785278595.1946619,1785278595.1709824,False,True,False,False
1785278595.1946619,1785278595.1709824,False,True,False,False
1785278595.1946619,1785278595.1709824,False,True,False,False
1785278595.1946619,1785278595.1709824,False,True,False,False
1785278595.1946619,1785278595.1709824,False,True,False,False
1785278595.1946619,1785278595.1709824,False,True,False,False
1785278595.1946619,1785278595.1709824,False,True,False,False
1785278595.1946619,1785278595.1709824,False,True,False,False
1785278595.1946619,1785278595.1709824,False,True,False,False
1785278595.1946619,1785278595.1709824,False,True,False,False
1785278595.1946619,1785278595.1709824,False,True,False,False
1785278595.1946619,1785278595.1709824,False,True,False,False
1785278595.1946619,1785278595.1709824,False,True,False,False
1785278595.1946619,1785278595.1709824,False,True,False,False
1785278595.1946619,1785278595.1709824,False,True,False,False
1785278595.1946619,1785278595.1709824,False,True,False,False
1785278595.1946619,1785278595.1709824,False,True,False,False
1785278595.1946619,1785278595.1709824,False,True,False,False
1785278595.1946619,1785278595.1709824,False,True,False,False
1785278595.1946619,1785278595.1709824,False,True,False,False
1785278595.1946619,1785278595.1709824,False,True,False,False
1785278595.1946619,1785278595.1709824,False,True,False,False
1785278595.1946619,1785278595.1709824,False,True,False,False
1785278595.1946619,1785278595.1709824,False,True,False,False
1785278595.1946619,1785278595.1709824,False,True,False,False
1785278595.1946619,1785278595.1709824,False,True,False,False
1785278595.1946619,1785278595.1709824,False,True,False,False
1785278595.1946619,1785278595.1709824,False,True,False,False
1785278595.1946619,1785278595.1709824,False,True,False,False
1785278595.1946619,1785278595.1709824,False,True,False,False
1785278595.1946619,1785278595.1709824,False,True,False,False
1785278595.1946619,1785278595.1709824,False,True,False,False
1785278595.1946619,1785278595.1709824,False,True,False,False
1785278595.1946619,1785278595.1709824,False,True,False,False
1785278595.1946619,1785278595.1709824,False,True,False,False
1785278595.1946619,1785278595.1709824,False,True,False,False
1785278595.1946619,1785278595.1709824,False,True,False,False
1785278595.1946619,1785278595.1709824,False,True,False,False
1785278595.1946619,1785278595.1709824,False,True,False,False
1785278595.1946619,1785278595.1709824,False,True,False,False
1785278595.1946619,1785278595.1709824,False,True,False,False
1785278595.1946619,1785278595.1709824,False,True,False,False
1785278595.1946619,1785278595.1709824,False,True,False,False
1785278595.1946619,1785278595.1709824,False,True,False,False
1785278595.1946619,1785278595.1709824,False,True,False,False
1785278595.1946619,1785278595.1709824,False,True,False,False
1785278595.1946619,1785278595.1709824,False,True,False,False
1785278595.1946619,1785278595.1709824,False,True,False,False
1785278595.1946619,1785278595.1709824,False,True,False,False
1785278595.1946619,1785278595.1709824,False,True,False,False
1785278595.1946619,1785278595.1709824,False,True,False,False
1785278595.1946619,1785278595.1709824,False,True,False,False
1785278595.1946619,1785278595.1709824,False,True,False,False
1785278595.1946619,1785278595.1709824,False,True,False,False
1785278595.1946619,1785278595.1709824,False,True,False,False
1785278595.1946619,1785278595.1709824,False,True,False,False
1785278595.1946619,1785278595.1709824,False,True,False,False
1785278595.1946619,1785278595.1709824,False,True,False,False
1785278595.1946619,1785278595.1709824,False,True,False,False
1785278595.1946619,1785278595.1709824,False,True,False,False
1785278595.1946619,1785278595.1709824,False,True,False,False
1785278595.1946619,1785278595.1709824,False,True,False,False
1785278595.1946619,1785278595.1709824,False,True,False,False
1785278595.1946619,1785278595.1709824,False,True,False,False
1785278595.1946619,1785278595.1709824,False,True,False,False
1785278595.1946619,1785278595.1709824,False,True,False,False
1785278595.1946619,1785278595.1709824,False,True,False,False
1785278595.1946619,1785278595.1709824,False,True,False,False
1785278595.1946619,1785278595.1709824,False,True,False,False
1785278595.1946619,1785278595.1709824,False,True,False,False
1785278595.1946619,1785278595.1709824,False,True,False,False
1785278595.1946619,1785278595.1709824,False,True,False,False
1785278595.1946619,1785278595.1709824,False,True,False,False
1785278595.1946619,1785278595.1709824,False,True,False,False
1785278595.1946619,1785278595.1709824,False,True,False,False
1785278595.1946619,1785278595.1709824,False,True,False,False
1785278595.1946619,1785278595.1709824,False,True,False,False
1785278595.1946619,1785278595.1709824,False,True,False,False
1785278595.1946619,1785278595.1709824,False,True,False,False
1785278595.1946619,1785278595.1709824,False,True,False,False
1785278595.1946619,1785278595.1709824,False,True,False,False
1785278595.1946619,1785278595.1709824,False,True,False,False
1785278595.1946619,1785278595.1709824,False,True,False,False
1785278595.1946619,1785278595.1709824,False,True,False,False
1785278595.1946619,1785278595.1709824,False,True,False,False
1785278595.1946619,1785278595.1709824,False,True,False,False
1785278595.1946619,1785278595.1709824,False,True,False,False
1785278595.1946619,1785278595.1709824,False,True,False,False
1785278595.1946619,1785278595.1709824,False,True,False,False
1785278595.1946619,1785278595.1709824,False,True,False,False
1785278595.1946619,1785278595.1709824,False,True,False,False
1785278595.1946619,1785278595.1709824,False,True,False,False
1785278595.1946619,1785278595.1709824,False,True,False,False
1785278595.1946619,1785278595.1709824,False,True,False,False
1785278595.1946619,1785278595.1709824,False,True,False,False
1785278595.1946619,1785278595.1709824,False,True,False,False
1785278595.1946619,1785278595.1709824,False,True,False,False
1785278595.1946619,1785278595.1709824,False,True,False,False
1785278595.1946619,1785278595.1709824,False,True,False,False
1785278595.1946619,1785278595.1709824,False,True,False,False
1785278595.1946619,1785278595.1709824,False,True,False,False
1785278595.1946619,1785278595.1709824,False,True,False,False
1785278595.1946619,1785278595.1709824,False,True,False,False
1785278595.1946619,1785278595.1709824,False,True,False,False
1785278595.1946619,1785278595.1709824,False,True,False,False
1785278595.1946619,1785278595.1709824,False,True,False,False
1785278595.1946619,1785278595.1709824,False,True,False,False
1785278595.1946619,1785278595.1709824,False,True,False,False
1785278595.1946619,1785278595.1709824,False,True,False,False
1785278595.1946619,1785278595.1709824,False,True,False,False
1785278595.1946619,1785278595.1709824,False,True,False,False
1785278595.1946619,1785278595.1709824,False,True,False,False
1785278595.1946619,1785278595.1709824,False,True,False,False
1785278595.1946619,1785278595.1709824,False,True,False,False
1785278595.1946619,1785278595.1709824,False,True,False,False
1785278595.1946619,1785278595.1709824,False,True,False,False
1785278595.1946619,1785278595.1709824,False,True,False,False
1785278595.1946619,1785278595.1709824,False,True,False,False
1785278595.1946619,1785278595.1709824,False,True,False,False
1785278595.1946619,1785278595.1709824,False,True,False,False
1785278595.1946619,1785278595.1709824,False,True,False,False
1785278595.1946619,1785278595.1709824,False,True,False,False
1785278595.1946619,1785278595.1709824,False,True,False,False
1785278595.1946619,1785278595.1709824,False,True,False,False
1785278595.1946619,1785278595.1709824,False,True,False,False
1785278595.1946619,1785278595.1709824,False,True,False,False
1785278595.1946619,1785278595.1709824,False,True,False,False
1785278595.1946619,1785278595.1709824,False,True,False,False
1785278595.1946619,1785278595.1709824,False,True,False,False
1785278595.1946619,1785278595.1709824,False,True,False,False
1785278595.1946619,1785278595.1709824,False,True,False,False
1785278595.1946619,1785278595.1709824,False,True,False,False
1785278595.1946619,1785278595.1709824,False,True,False,False
1785278595.1946619,1785278595.1709824,False,True,False,False
1785278595.1946619,1785278595.1709824,False,True,False,False
1785278595.1946619,1785278595.1709824,False,True,False,False
1785278595.1946619,1785278595.1709824,False,True,False,False
1785278595.1946619,1785278595.1709824,False,True,False,False
1785278595.1946619,1785278595.1709824,False,True,False,False
1785278595.1946619,1785278595.1709824,False,True,False,False
1785278595.1946619,1785278595.1709824,False,True,False,False
1785278595.1946619,1785278595.1709824,False,True,False,False
1785278595.1946619,1785278595.1709824,False,True,False,False
1785278595.1946619,1785278595.1709824,False,True,False,False
1785278595.1946619,1785278595.1709824,False,True,False,False
1785278595.1946619,1785278595.1709824,False,True,False,False
1785278595.1946619,1785278595.1709824,False,True,False,False
1785278595.1946619,1785278595.1709824,False,True,False,False
1785278595.1946619,1785278595.1709824,False,True,False,False
1785278595.1946619,1785278595.1709824,False,True,False,False
1785278595.1946619,1785278595.1709824,False,True,False,False
1785278595.1946619,1785278595.1709824,False,True,False,False
1785278595.1946619,1785278595.1709824,False,True,False,False
1785278595.1946619,1785278595.1709824,False,True,False,False
1785278595.1946619,1785278595.1709824,False,True,False,False
1785278595.1946619,1785278595.1709824,False,True,False,False
1785278595.1946619,1785278595.1709824,False,True,False,False
1785278595.1946619,1785278595.1709824,False,True,False,False
1785278595.1946619,1785278595.1709824,False,True,False,False
1785278595.1946619,1785278595.1709824,False,True,False,False
1785278595.1946619,1785278595.1709824,False,True,False,False
1785278595.1946619,1785278595.1709824,False,True,False,False
1785278595.1946619,1785278595.1709824,False,True,False,False
1785278595.1946619,1785278595.1709824,False,True,False,False
1785278595.1946619,1785278595.1709824,False,True,False,False
1785278595.1946619,1785278595.1709824,False,True,False,False
1785278595.1946619,1785278595.1709824,False,True,False,False
1785278595.1946619,1785278595.1709824,False,True,False,False
1785278595.1946619,1785278595.1709824,False,True,False,False
1785278595.1946619,1785278595.1709824,False,True,False,False
1785278595.1946619,1785278595.1709824,False,True,False,False
1785278595.1946619,1785278595.1709824,False,True,False,False
1785278595.1946619,1785278595.1709824,False,True,False,False
1785278595.1946619,1785278595.1709824,False,True,False,False
1785278595.1946619,1785278595.1709824,False,True,False,False
1785278595.1946619,1785278595.1709824,False,True,False,False
1785278595.1946619,1785278595.1709824,False,True,False,False
1785278595.1946619,1785278595.1709824,False,True,False,False
1785278595.1946619,1785278595.1709824,False,True,False,False
1785278595.1946619,1785278595.1709824,False,True,False,False
1785278595.1946619,1785278595.1709824,False,True,False,False
1785278595.1946619,1785278595.1709824,False,True,False,False
1785278595.1946619,1785278595.1709824,False,True,False,False
1785278595.1946619,1785278595.1709824,False,True,False,False
1785278595.1946619,1785278595.1709824,False,True,False,False
1785278595.1946619,1785278595.1709824,False,True,False,False
1785278595.1946619,1785278595.1709824,False,True,False,False
1785278595.1946619,1785278595.1709824,False,True,False,False
1785278595.1946619,1785278595.1709824,False,True,False,False
1785278595.1946619,1785278595.1709824,False,True,False,False
1785278595.1946619,1785278595.1709824,False,True,False,False
1785278595.1946619,1785278595.1709824,False,True,False,False
1785278595.1946619,1785278595.1709824,False,True,False,False
1785278595.1946619,1785278595.1709824,False,True,False,False
1785278595.1946619,1785278595.1709824,False,True,False,False
1785278595.1946619,1785278595.1709824,False,True,False,False
1785278595.1946619,1785278595.1709824,False,True,False,False
1785278595.1946619,1785278595.1709824,False,True,False,False
1785278595.1946619,1785278595.1709824,False,True,False,False
1785278595.1946619,1785278595.1709824,False,True,False,False
1785278595.1946619,1785278595.1709824,False,True,False,False
1785278595.1946619,1785278595.1709824,False,True,False,False
1785278595.1946619,1785278595.1709824,False,True,False,False
1785278595.1946619,1785278595.1709824,False,True,False,False
1785278595.1946619,1785278595.1709824,False,True,False,False
1785278595.1946619,1785278595.1709824,False,True,False,False
1785278595.1946619,1785278595.1709824,False,True,False,False
1785278595.1946619,1785278595.1709824,False,True,False,False
1785278595.1946619,1785278595.1709824,False,True,False,False
1785278595.1946619,1785278595.1709824,False,True,False,False
1785278595.1946619,1785278595.1709824,False,True,False,False
1785278595.1946619,1785278595.1709824,False,True,False,False
1785278595.1946619,1785278595.1709824,False,True,False,False
1785278595.1946619,1785278595.1709824,False,True,False,False
1785278595.1946619,1785278595.1709824,False,True,False,False
1785278595.1946619,1785278595.1709824,False,True,False,False
1785278595.1946619,1785278595.1709824,False,True,False,False
1785278595.1946619,1785278595.1709824,False,True,False,False
1785278595.1946619,1785278595.1709824,False,True,False,False
1785278595.1946619,1785278595.1709824,False,True,False,False
1785278595.1946619,1785278595.1709824,False,True,False,False
1785278595.1946619,1785278595.1709824,False,True,False,False
1785278595.1946619,1785278595.1709824,False,True,False,False
1785278595.1946619,1785278595.1709824,False,True,False,False
1785278595.1946619,1785278595.1709824,False,True,False,False
1785278595.1946619,1785278595.1709824,False,True,False,False
1785278595.1946619,1785278595.1709824,False,True,False,False
1785278595.1946619,1785278595.1709824,False,True,False,False
1785278595.1946619,1785278595.1709824,False,True,False,False
1785278595.1946619,1785278595.1709824,False,True,False,False
1785278595.1946619,1785278595.1709824,False,True,False,False
1785278595.1946619,1785278595.1709824,False,True,False,False
1785278595.1946619,1785278595.1709824,False,True,False,False
1785278595.1946619,1785278595.1709824,False,True,False,False
1785278595.1946619,1785278595.1709824,False,True,False,False
1785278595.1946619,1785278595.1709824,False,True,False,False
1785278595.1946619,1785278595.1709824,False,True,False,False
1785278595.1946619,1785278595.1709824,False,True,False,False
1785278595.1946619,1785278595.1709824,False,True,False,False
1785278595.1946619,1785278595.1709824,False,True,False,False
1785278595.1946619,1785278595.1709824,False,True,False,False
1785278595.1946619,1785278595.1709824,False,True,False,False
1785278595.1946619,1785278595.1709824,False,True,False,False
1785278595.1946619,1785278595.1709824,False,True,False,False
1785278595.1946619,1785278595.1709824,False,True,False,False
1785278595.1946619,1785278595.1709824,False,True,False,False
1785278595.1946619,1785278595.1709824,False,True,False,False
1785278595.1946619,1785278595.1709824,False,True,False,False
1785278595.1946619,1785278595.1709824,False,True,False,False
1785278595.1946619,1785278595.1709824,False,True,False,False
1785278595.1946619,1785278595.1709824,False,True,False,False
1785278595.1946619,1785278595.1709824,False,True,False,False
1785278595.1946619,1785278595.1709824,False,True,False,False
1785278595.1946619,1785278595.1709824,False,True,False,False
1785278595.1946619,1785278595.1709824,False,True,False,False
1785278595.1946619,1785278595.1709824,False,True,False,False
1785278595.1946619,1785278595.1709824,False,True,False,False
1785278595.1946619,1785278595.1709824,False,True,False,False
1785278595.1946619,1785278595.1709824,False,True,False,False
1785278595.1946619,1785278595.1709824,False,True,False,False
1785278595.1946619,1785278595.1709824,False,True,False,False
1785278595.1946619,1785278595.1709824,False,True,False,False
1785278595.1946619,1785278595.1709824,False,True,False,False
1785278595.1946619,1785278595.1709824,False,True,False,False
1785278595.1946619,1785278595.1709824,False,True,False,False
1785278595.1946619,1785278595.1709824,False,True,False,False
1785278595.1946619,1785278595.1709824,False,True,False,False
1785278595.1946619,1785278595.1709824,False,True,False,False
1785278595.1946619,1785278595.1709824,False,True,False,False
1785278595.1946619,1785278595.1709824,False,True,False,False
1785278595.1946619,1785278595.1709824,False,True,False,False
1785278595.1946619,1785278595.1709824,False,True,False,False
1785278595.1946619,1785278595.1709824,False,True,False,False
1785278595.1946619,1785278595.1709824,False,True,False,False
1785278595.1946619,1785278595.1709824,False,True,False,False
1785278595.1946619,1785278595.1709824,False,True,False,False
1785278595.1946619,1785278595.1709824,False,True,False,False
1785278595.1946619,1785278595.1709824,False,True,False,False
1785278595.1946619,1785278595.1709824,False,True,False,False
1785278595.1946619,1785278595.1709824,False,True,False,False
1785278595.1946619,1785278595.1709824,False,True,False,False
1785278595.1946619,1785278595.1709824,False,True,False,False
1785278595.1946619,1785278595.1709824,False,True,False,False
1785278595.1946619,1785278595.1709824,False,True,False,False
1785278595.1946619,1785278595.1709824,False,True,False,False
1785278595.1946619,1785278595.1709824,False,True,False,False
1785278595.1946619,1785278595.1709824,False,True,False,False
1785278595.1946619,1785278595.1709824,False,True,False,False
1785278595.1946619,1785278595.1709824,False,True,False,False
1785278595.1946619,1785278595.1709824,False,True,False,False
1785278595.1946619,1785278595.1709824,False,True,False,False
1785278595.1946619,1785278595.1709824,False,True,False,False
1785278595.1946619,1785278595.1709824,False,True,False,False
1785278595.1946619,1785278595.1709824,False,True,False,False
1785278595.1946619,1785278595.1709824,False,True,False,False
1785278595.1946619,1785278595.1709824,False,True,False,False
1785278595.1946619,1785278595.1709824,False,True,False,False
1785278595.1946619,1785278595.1709824,False,True,False,False
1785278595.1946619,1785278595.1709824,False,True,False,False
1785278595.1946619,1785278595.1709824,False,True,False,False
1785278595.1946619,1785278595.1709824,False,True,False,False
1785278595.1946619,1785278595.1709824,False,True,False,False
1785278595.1946619,1785278595.1709824,False,True,False,False
1785278595.1946619,1785278595.1709824,False,True,False,False
1785278595.1946619,1785278595.1709824,False,True,False,False
1785278595.1946619,1785278595.1709824,False,True,False,False
1785278595.1946619,1785278595.1709824,False,True,False,False
1785278595.1946619,1785278595.1709824,False,True,False,False
1785278595.1946619,1785278595.1709824,False,True,False,False
1785278595.1946619,1785278595.1709824,False,True,False,False
1785278595.1946619,1785278595.1709824,False,True,False,False
1785278595.1946619,1785278595.1709824,False,True,False,False
1785278595.1946619,1785278595.1709824,False,True,False,False
1785278595.1946619,1785278595.1709824,False,True,False,False
1785278595.1946619,1785278595.1709824,False,True,False,False
1785278595.1946619,1785278595.1709824,False,True,False,False
1785278595.1946619,1785278595.1709824,False,True,False,False
1785278595.1946619,1785278595.1709824,False,True,False,False
1785278595.1946619,1785278595.1709824,False,True,False,False
1785278595.1946619,1785278595.1709824,False,True,False,False
1785278595.1946619,1785278595.1709824,False,True,False,False
1785278595.1946619,1785278595.1709824,False,True,False,False
1785278595.1946619,1785278595.1709824,False,True,False,False
1785278595.1946619,1785278595.1709824,False,True,False,False
1785278595.1946619,1785278595.1709824,False,True,False,False
1785278595.1946619,1785278595.1709824,False,True,False,False
1785278595.1946619,1785278595.1709824,False,True,False,False
1785278595.1946619,1785278595.1709824,False,True,False,False
1785278595.1946619,1785278595.1709824,False,True,False,False
1785278595.1946619,1785278595.1709824,False,True,False,False
1785278595.1946619,1785278595.1709824,False,True,False,False
1785278595.1946619,1785278595.1709824,False,True,False,False
1785278595.1946619,1785278595.1709824,False,True,False,False
1785278595.1946619,1785278595.1709824,False,True,False,False
1785278595.1946619,1785278595.1709824,False,True,False,False
1785278595.1946619,1785278595.1709824,False,True,False,False
1785278595.1946619,1785278595.1709824,False,True,False,False
1785278595.1946619,1785278595.1709824,False,True,False,False
1785278595.1946619,1785278595.1709824,False,True,False,False
1785278595.1946619,1785278595.1709824,False,True,False,False
1785278595.1946619,1785278595.1709824,False,True,False,False
1785278595.1946619,1785278595.1709824,False,True,False,False
1785278595.1946619,1785278595.1709824,False,True,False,False
1785278595.1946619,1785278595.1709824,False,True,False,False
1785278595.1946619,1785278595.1709824,False,True,False,False
1785278595.1946619,1785278595.1709824,False,True,False,False
1785278595.1946619,1785278595.1709824,False,True,False,False
1785278595.1946619,1785278595.1709824,False,True,False,False
1785278595.1946619,1785278595.1709824,False,True,False,False
1785278595.1946619,1785278595.1709824,False,True,False,False
1785278595.1946619,1785278595.1709824,False,True,False,False
1785278595.1946619,1785278595.1709824,False,True,False,False
1785278595.1946619,1785278595.1709824,False,True,False,False
1785278595.1946619,1785278595.1709824,False,True,False,False
1785278595.1946619,1785278595.1709824,False,True,False,False
1785278595.1946619,1785278595.1709824,False,True,False,False
1785278595.1946619,1785278595.1709824,False,True,False,False
1785278595.1946619,1785278595.1709824,False,True,False,False
1785278595.1946619,1785278595.1709824,False,True,False,False
1785278595.1946619,1785278595.1709824,False,True,False,False
1785278595.1946619,1785278595.1709824,False,True,False,False
1785278595.1946619,1785278595.1709824,False,True,False,False
1785278595.1946619,1785278595.1709824,False,True,False,False
1785278595.1946619,1785278595.1709824,False,True,False,False
1785278595.1946619,1785278595.1709824,False,True,False,False
1785278595.1946619,1785278595.1709824,False,True,False,False
1785278595.1946619,1785278595.1709824,False,True,False,False
1785278595.1946619,1785278595.1709824,False,True,False,False
1785278595.1946619,1785278595.1709824,False,True,False,False
1785278595.1946619,1785278595.1709824,False,True,False,False
1785278595.1946619,1785278595.1709824,False,True,False,False
1785278595.1946619,1785278595.1709824,False,True,False,False
1785278595.1946619,1785278595.1709824,False,True,False,False
1785278595.1946619,1785278595.1709824,False,True,False,False
1785278595.1946619,1785278595.1709824,False,True,False,False
1785278595.1946619,1785278595.1709824,False,True,False,False
1785278595.1946619,1785278595.1709824,False,True,False,False
1785278595.1946619,1785278595.1709824,False,True,False,False
1785278595.1946619,1785278595.1709824,False,True,False,False
1785278595.1946619,1785278595.1709824,False,True,False,False
1785278595.1946619,1785278595.1709824,False,True,False,False
1785278595.1946619,1785278595.1709824,False,True,False,False
1785278595.1946619,1785278595.1709824,False,True,False,False
1785278595.1946619,1785278595.1709824,False,True,False,False
1785278595.1946619,1785278595.1709824,False,True,False,False
1785278595.1946619,1785278595.1709824,False,True,False,False
1785278595.1946619,1785278595.1709824,False,True,False,False
1785278595.1946619,1785278595.1709824,False,True,False,False
1785278595.1946619,1785278595.1709824,False,True,False,False
1785278595.1946619,1785278595.1709824,False,True,False,False
1785278595.1946619,1785278595.1709824,False,True,False,False
1785278595.1946619,1785278595.1709824,False,True,False,False
1785278595.1946619,1785278595.1709824,False,True,False,False
1785278595.1946619,1785278595.1709824,False,True,False,False
1785278595.1946619,1785278595.1709824,False,True,False,False
1785278595.1946619,1785278595.1709824,False,True,False,False
1785278595.1946619,1785278595.1709824,False,True,False,False
1785278595.1946619,1785278595.1709824,False,True,False,False
1785278595.1946619,1785278595.1709824,False,True,False,False
1785278595.1946619,1785278595.1709824,False,True,False,False
1785278595.1946619,1785278595.1709824,False,True,False,False
1785278595.1946619,1785278595.1709824,False,True,False,False
1785278595.1946619,1785278595.1709824,False,True,False,False
1785278595.1946619,1785278595.1709824,False,True,False,False
1785278595.1946619,1785278595.1709824,False,True,False,False
1785278595.1946619,1785278595.1709824,False,True,False,False
1785278595.1946619,1785278595.1709824,False,True,False,False
1785278595.1946619,1785278595.1709824,False,True,False,False
1785278595.1946619,1785278595.1709824,False,True,False,False
1785278595.1946619,1785278595.1709824,False,True,False,False
1785278595.1946619,1785278595.1709824,False,True,False,False
1785278595.1946619,1785278595.1709824,False,True,False,False
1785278595.1946619,1785278595.1709824,False,True,False,False
1785278595.1946619,1785278595.1709824,False,True,False,False
1785278595.1946619,1785278595.1709824,False,True,False,False
1785278595.1946619,1785278595.1709824,False,True,False,False
1785278595.1946619,1785278595.1709824,False,True,False,False
1785278595.1946619,1785278595.1709824,False,True,False,False
1785278595.1946619,1785278595.1709824,False,True,False,False
1785278595.1946619,1785278595.1709824,False,True,False,False
1785278595.1946619,1785278595.1709824,False,True,False,False
1785278595.1946619,1785278595.1709824,False,True,False,False
1785278595.1946619,1785278595.1709824,False,True,False,False
1785278595.1946619,1785278595.1709824,False,True,False,False
1785278595.1946619,1785278595.1709824,False,True,False,False
1785278595.1946619,1785278595.1709824,False,True,False,False
1785278595.1946619,1785278595.1709824,False,True,False,False
1785278595.1946619,1785278595.1709824,False,True,False,False
1785278595.1946619,1785278595.1709824,False,True,False,False
1785278595.1946619,1785278595.1709824,False,True,False,False
1785278595.1946619,1785278595.1709824,False,True,False,False
1785278595.1946619,1785278595.1709824,False,True,False,False
1785278595.1946619,1785278595.1709824,False,True,False,False
1785278595.1946619,1785278595.1709824,False,True,False,False
1785278595.1946619,1785278595.1709824,False,True,False,False
1785278595.1946619,1785278595.1709824,False,True,False,False
1785278595.1946619,1785278595.1709824,False,True,False,False
1785278595.1946619,1785278595.1709824,False,True,False,False
1785278595.1946619,1785278595.1709824,False,True,False,False
1785278595.1946619,1785278595.1709824,False,True,False,False
1785278595.1946619,1785278595.1709824,False,True,False,False
1785278595.1946619,1785278595.1709824,False,True,False,False
1785278595.1946619,1785278595.1709824,False,True,False,False
1785278595.1946619,1785278595.1709824,False,True,False,False
1785278595.1946619,1785278595.1709824,False,True,False,False
1785278595.1946619,1785278595.1709824,False,True,False,False
1785278595.1946619,1785278595.1709824,False,True,False,False
1785278595.1946619,1785278595.1709824,False,True,False,False
1785278595.1946619,1785278595.1709824,False,True,False,False
1785278595.1946619,1785278595.1709824,False,True,False,False
1785278595.1946619,1785278595.1709824,False,True,False,False
1785278595.1946619,1785278595.1709824,False,True,False,False
1785278595.1946619,1785278595.1709824,False,True,False,False
1785278595.1946619,1785278595.1709824,False,True,False,False
1785278595.1946619,1785278595.1709824,False,True,False,False
1785278595.1946619,1785278595.1709824,False,True,False,False
1785278595.1946619,1785278595.1709824,False,True,False,False
1785278595.1946619,1785278595.1709824,False,True,False,False
1785278595.1946619,1785278595.1709824,False,True,False,False
1785278595.1946619,1785278595.1709824,False,True,False,False
1785278595.1946619,1785278595.1709824,False,True,False,False
1785278595.1946619,1785278595.1709824,False,True,False,False
1785278595.1946619,1785278595.1709824,False,True,False,False
1785278595.1946619,1785278595.1709824,False,True,False,False
1785278595.1946619,1785278595.1709824,False,True,False,False
1785278595.1946619,1785278595.1709824,False,True,False,False
1785278595.1946619,1785278595.1709824,False,True,False,False
1785278595.1946619,1785278595.1709824,False,True,False,False
1785278595.1946619,1785278595.1709824,False,True,False,False
1785278595.1946619,1785278595.1709824,False,True,False,False
1785278595.1946619,1785278595.1709824,False,True,False,False
1785278595.1946619,1785278595.1709824,False,True,False,False
1785278595.1946619,1785278595.1709824,False,True,False,False
1785278595.1946619,1785278595.1709824,False,True,False,False
1785278595.1946619,1785278595.1709824,False,True,False,False
1785278595.1946619,1785278595.1709824,False,True,False,False
1785278595.1946619,1785278595.1709824,False,True,False,False
1785278595.1946619,1785278595.1709824,False,True,False,False
1785278595.1946619,1785278595.1709824,False,True,False,False
1785278595.1946619,1785278595.1709824,False,True,False,False
1785278595.1946619,1785278595.1709824,False,True,False,False
1785278595.1946619,1785278595.1709824,False,True,False,False
1785278595.1946619,1785278595.1709824,False,True,False,False
1785278595.1946619,1785278595.1709824,False,True,False,False
1785278595.1946619,1785278595.1709824,False,True,False,False
1785278595.1946619,1785278595.1709824,False,True,False,False
1785278595.1946619,1785278595.1709824,False,True,False,False
1785278595.1946619,1785278595.1709824,False,True,False,False
1785278595.1946619,1785278595.1709824,False,True,False,False
1785278595.1946619,1785278595.1709824,False,True,False,False
1785278595.1946619,1785278595.1709824,False,True,False,False
1785278595.1946619,1785278595.1709824,False,True,False,False
1785278595.1946619,1785278595.1709824,False,True,False,False
1785278595.1946619,1785278595.1709824,False,True,False,False
1785278595.1946619,1785278595.1709824,False,True,False,False
1785278595.1946619,1785278595.1709824,False,True,False,False
1785278595.1946619,1785278595.1709824,False,True,False,False
1785278595.1946619,1785278595.1709824,False,True,False,False
1785278595.1946619,1785278595.1709824,False,True,False,False
1785278595.1946619,1785278595.1709824,False,True,False,False
1785278595.1946619,1785278595.1709824,False,True,False,False
1785278595.1946619,1785278595.1709824,False,True,False,False
1785278595.1946619,1785278595.1709824,False,True,False,False
1785278595.1946619,1785278595.1709824,False,True,False,False
1785278595.1946619,1785278595.1709824,False,True,False,False
1785278595.1946619,1785278595.1709824,False,True,False,False
1785278595.1946619,1785278595.1709824,False,True,False,False
1785278595.1946619,1785278595.1709824,False,True,False,False
1785278595.1946619,1785278595.1709824,False,True,False,False
1785278595.1946619,1785278595.1709824,False,True,False,False
1785278595.1946619,1785278595.1709824,False,True,False,False
1785278595.1946619,1785278595.1709824,False,True,False,False
1785278595.1946619,1785278595.1709824,False,True,False,False
1785278595.1946619,1785278595.1709824,False,True,False,False
1785278595.1946619,1785278595.1709824,False,True,False,False
1785278595.1946619,1785278595.1709824,False,True,False,False
1785278595.1946619,1785278595.1709824,False,True,False,False
1785278595.1946619,1785278595.1709824,False,True,False,False
1785278595.1946619,1785278595.1709824,False,True,False,False
1785278595.1946619,1785278595.1709824,False,True,False,False
1785278595.1946619,1785278595.1709824,False,True,False,False
1785278595.1946619,1785278595.1709824,False,True,False,False
1785278595.1946619,1785278595.1709824,False,True,False,False
1785278595.1946619,1785278595.1709824,False,True,False,False
1785278595.1946619,1785278595.1709824,False,True,False,False
1785278595.1946619,1785278595.1709824,False,True,False,False
1785278595.1946619,1785278595.1709824,False,True,False,False
1785278595.1946619,1785278595.1709824,False,True,False,False
1785278595.1946619,1785278595.1709824,False,True,False,False
1785278595.1946619,1785278595.1709824,False,True,False,False
1785278595.1946619,1785278595.1709824,False,True,False,False
1785278595.1946619,1785278595.1709824,False,True,False,False
1785278595.1946619,1785278595.1709824,False,True,False,False
1785278595.1946619,1785278595.1709824,False,True,False,False
1785278595.1946619,1785278595.1709824,False,True,False,False
1785278595.1946619,1785278595.1709824,False,True,False,False
1785278595.1946619,1785278595.1709824,False,True,False,False
1785278595.1946619,1785278595.1709824,False,True,False,False
1785278595.1946619,1785278595.1709824,False,True,False,False
1785278595.1946619,1785278595.1709824,False,True,False,False
1785278595.1946619,1785278595.1709824,False,True,False,False
1785278595.1946619,1785278595.1709824,False,True,False,False
1785278595.1946619,1785278595.1709824,False,True,False,False
1785278595.1946619,1785278595.1709824,False,True,False,False
1785278595.1946619,1785278595.1709824,False,True,False,False
1785278595.1946619,1785278595.1709824,False,True,False,False
1785278595.1946619,1785278595.1709824,False,True,False,False
1785278595.1946619,1785278595.1709824,False,True,False,False
1785278595.1946619,1785278595.1709824,False,True,False,False
1785278595.1946619,1785278595.1709824,False,True,False,False
1785278595.1946619,1785278595.1709824,False,True,False,False
1785278595.1946619,1785278595.1709824,False,True,False,False
1785278595.1946619,1785278595.1709824,False,True,False,False
1785278595.1946619,1785278595.1709824,False,True,False,False
1785278595.1946619,1785278595.1709824,False,True,False,False
1785278595.1946619,1785278595.1709824,False,True,False,False
1785278595.1946619,1785278595.1709824,False,True,False,False
1785278595.1946619,1785278595.1709824,False,True,False,False
1785278595.1946619,1785278595.1709824,False,True,False,False
1785278595.1946619,1785278595.1709824,False,True,False,False
1785278595.1946619,1785278595.1709824,False,True,False,False
1785278595.1946619,1785278595.1709824,False,True,False,False
1785278595.1946619,1785278595.1709824,False,True,False,False
1785278595.1946619,1785278595.1709824,False,True,False,False
1785278595.1946619,1785278595.1709824,False,True,False,False
1785278595.1946619,1785278595.1709824,False,True,False,False
1785278595.1946619,1785278595.1709824,False,True,False,False
1785278595.1946619,1785278595.1709824,False,True,False,False
1785278595.1946619,1785278595.1709824,False,True,False,False
1785278595.1946619,1785278595.1709824,False,True,False,False
1785278595.1946619,1785278595.1709824,False,True,False,False
1785278595.1946619,1785278595.1709824,False,True,False,False
1785278595.1946619,1785278595.1709824,False,True,False,False
1785278595.1946619,1785278595.1709824,False,True,False,False
1785278595.1946619,1785278595.1709824,False,True,False,False
1785278595.1946619,1785278595.1709824,False,True,False,False
1785278595.1946619,1785278595.1709824,False,True,False,False
1785278595.1946619,1785278595.1709824,False,True,False,False
1785278595.1946619,1785278595.1709824,False,True,False,False
1785278595.1946619,1785278595.1709824,False,True,False,False
1785278595.1946619,1785278595.1709824,False,True,False,False
1785278595.1946619,1785278595.1709824,False,True,False,False
1785278595.1946619,1785278595.1709824,False,True,False,False
1785278595.1946619,1785278595.1709824,False,True,False,False
1785278595.1946619,1785278595.1709824,False,True,False,False
1785278595.1946619,1785278595.1709824,False,True,False,False
1785278595.1946619,1785278595.1709824,False,True,False,False
1785278595.1946619,1785278595.1709824,False,True,False,False
1785278595.1946619,1785278595.1709824,False,True,False,False
1785278595.1946619,1785278595.1709824,False,True,False,False
1785278595.1946619,1785278595.1709824,False,True,False,False
1785278595.1946619,1785278595.1709824,False,True,False,False
1785278595.1946619,1785278595.1709824,False,True,False,False
1785278595.1946619,1785278595.1709824,False,True,False,False
1785278595.1946619,1785278595.1709824,False,True,False,False
1785278595.1946619,1785278595.1709824,False,True,False,False
1785278595.1946619,1785278595.1709824,False,True,False,False
1785278595.1946619,1785278595.1709824,False,True,False,False
1785278595.1946619,1785278595.1709824,False,True,False,False
1785278595.1946619,1785278595.1709824,False,True,False,False
1785278595.1946619,1785278595.1709824,False,True,False,False
1785278595.1946619,1785278595.1709824,False,True,False,False
1785278595.1946619,1785278595.1709824,False,True,False,False
1785278595.1946619,1785278595.1709824,False,True,False,False
1785278595.1946619,1785278595.1709824,False,True,False,False
1785278595.1946619,1785278595.1709824,False,True,False,False
1785278595.1946619,1785278595.1709824,False,True,False,False
1785278595.1946619,1785278595.1709824,False,True,False,False
1785278595.1946619,1785278595.1709824,False,True,False,False
1785278595.1946619,1785278595.1709824,False,True,False,False
1785278595.1946619,1785278595.1709824,False,True,False,False
1785278595.1946619,1785278595.1709824,False,True,False,False
1785278595.1946619,1785278595.1709824,False,True,False,False
1785278595.1946619,1785278595.1709824,False,True,False,False
1785278595.1946619,1785278595.1709824,False,True,False,False
1785278595.1946619,1785278595.1709824,False,True,False,False
1785278595.1946619,1785278595.1709824,False,True,False,False
1785278595.1946619,1785278595.1709824,False,True,False,False
1785278595.1946619,1785278595.1709824,False,True,False,False
1785278595.1946619,1785278595.1709824,False,True,False,False
1785278595.1946619,1785278595.1709824,False,True,False,False
1785278595.1946619,1785278595.1709824,False,True,False,False
1785278595.1946619,1785278595.1709824,False,True,False,False
1785278595.1946619,1785278595.1709824,False,True,False,False
1785278595.1946619,1785278595.1709824,False,True,False,False
1785278595.1946619,1785278595.1709824,False,True,False,False
1785278595.1946619,1785278595.1709824,False,True,False,False
1785278595.1946619,1785278595.1709824,False,True,False,False
1785278595.1946619,1785278595.1709824,False,True,False,False
1785278595.1946619,1785278595.1709824,False,True,False,False
1785278595.1946619,1785278595.1709824,False,True,False,False
1785278595.1946619,1785278595.1709824,False,True,False,False
1785278595.1946619,1785278595.1709824,False,True,False,False
1785278595.1946619,1785278595.1709824,False,True,False,False
1785278595.1946619,1785278595.1709824,False,True,False,False
1785278595.1946619,1785278595.1709824,False,True,False,False
1785278595.1946619,1785278595.1709824,False,True,False,False
1785278595.1946619,1785278595.1709824,False,True,False,False
1785278595.1946619,1785278595.1709824,False,True,False,False
1785278595.1946619,1785278595.1709824,False,True,False,False
1785278595.1946619,1785278595.1709824,False,True,False,False
1785278595.1946619,1785278595.1709824,False,True,False,False
1785278595.1946619,1785278595.1709824,False,True,False,False
1785278595.1946619,1785278595.1709824,False,True,False,False
1785278595.1946619,1785278595.1709824,False,True,False,False
1785278595.1946619,1785278595.1709824,False,True,False,False
1785278595.1946619,1785278595.1709824,False,True,False,False
1785278595.1946619,1785278595.1709824,False,True,False,False
1785278595.1946619,1785278595.1709824,False,True,False,False
1785278595.1946619,1785278595.1709824,False,True,False,False
1785278595.1946619,1785278595.1709824,False,True,False,False
1785278595.1946619,1785278595.1709824,False,True,False,False
1785278595.1946619,1785278595.1709824,False,True,False,False
1785278595.1946619,1785278595.1709824,False,True,False,False
1785278595.1946619,1785278595.1709824,False,True,False,False
1785278595.1946619,1785278595.1709824,False,True,False,False
1785278595.1946619,1785278595.1709824,False,True,False,False
1785278595.1946619,1785278595.1709824,False,True,False,False
1785278595.1946619,1785278595.1709824,False,True,False,False
1785278595.1946619,1785278595.1709824,False,True,False,False
1785278595.1946619,1785278595.1709824,False,True,False,False
1785278595.1946619,1785278595.1709824,False,True,False,False
1785278595.1946619,1785278595.1709824,False,True,False,False
1785278595.1946619,1785278595.1709824,False,True,False,False
1785278595.1946619,1785278595.1709824,False,True,False,False
1785278595.1946619,1785278595.1709824,False,True,False,False
1785278595.1946619,1785278595.1709824,False,True,False,False
1785278595.1946619,1785278595.1709824,False,True,False,False
1785278595.1946619,1785278595.1709824,False,True,False,False
1785278595.1946619,1785278595.1709824,False,True,False,False
1785278595.1946619,1785278595.1709824,False,True,False,False
1785278595.1946619,1785278595.1709824,False,True,False,False
1785278595.1946619,1785278595.1709824,False,True,False,False
1785278595.1946619,1785278595.1709824,False,True,False,False
1785278595.1946619,1785278595.1709824,False,True,False,False
1785278595.1946619,1785278595.1709824,False,True,False,False
1785278595.1946619,1785278595.1709824,False,True,False,False
1785278595.1946619,1785278595.1709824,False,True,False,False
1785278595.1946619,1785278595.1709824,False,True,False,False
1785278595.1946619,1785278595.1709824,False,True,False,False
1785278595.1946619,1785278595.1709824,False,True,False,False
1785278595.1946619,1785278595.1709824,False,True,False,False
1785278595.1946619,1785278595.1709824,False,True,False,False
1785278595.1946619,1785278595.1709824,False,True,False,False
1785278595.1946619,1785278595.1709824,False,True,False,False
1785278595.1946619,1785278595.1709824,False,True,False,False
1785278595.1946619,1785278595.1709824,False,True,False,False
1785278595.1946619,1785278595.1709824,False,True,False,False
1785278595.1946619,1785278595.1709824,False,True,False,False
1785278595.1946619,1785278595.1709824,False,True,False,False
1785278595.1946619,1785278595.1709824,False,True,False,False
1785278595.1946619,1785278595.1709824,False,True,False,False
1785278595.1946619,1785278595.1709824,False,True,False,False
1785278595.1946619,1785278595.1709824,False,True,False,False
1785278595.1946619,1785278595.1709824,False,True,False,False
1785278595.1946619,1785278595.1709824,False,True,False,False
1785278595.1946619,1785278595.1709824,False,True,False,False
1785278595.1946619,1785278595.1709824,False,True,False,False
1785278595.1946619,1785278595.1709824,False,True,False,False
1785278595.1946619,1785278595.1709824,False,True,False,False
1785278595.1946619,1785278595.1709824,False,True,False,False
1785278595.1946619,1785278595.1709824,False,True,False,False
